{"type": "FeatureCollection", "features": [{"type": "Feature", "properties": {"amp_code": "5024", "amp_th": "ดอยหล่อ", "amp_en": "Doi Lo", "pro_code": "50", "pro_th": "เชียงใหม่", "pro_en": "Chiang Mai", "reg_nesdb": "UpperNorth", "reg_royin": "North", "perimeter": 80.66561262677, "area_sqkm": 222.72785492, "villages": 54, "high_risk_total": 40, "gap_status": "🟢 สมดุลตามเกณฑ์", "total_budget": 1512.70731635, "total_projects": 97, "avg_budget_per_high": 37.81768290875, "high_p1": 0, "proj_p1": 17, "budget_p1": 43.8005, "high_p2": 24, "proj_p2": 65, "budget_p2": 1271.90091635, "high_p3": 5, "proj_p3": 10, "budget_p3": 194.5698, "high_p4": 0, "proj_p4": 5, "budget_p4": 2.4361, "high_p5": 11, "proj_p5": 0, "budget_p5": 0.0}, "geometry": {"type": "MultiPolygon", "coordinates": [[[[98.8581333993595, 18.529194293785952], [98.85770047800196, 18.50918915563867], [98.84682667838294, 18.5071809722578], [98.8464500262663, 18.499627025117515], [98.83906595053944, 18.48661157797122], [98.82562839121012, 18.479493419693878], [98.8153847054141, 18.471362913592777], [98.8142078217299, 18.462040007621727], [98.80541280727753, 18.46322987488012], [98.79849843253854, 18.453158633765096], [98.77771676629456, 18.449998040121645], [98.76444227951988, 18.43467472924749], [98.75422655488278, 18.437009447226586], [98.74343871261, 18.431235593625004], [98.73964068266345, 18.435886214639144], [98.74798795801665, 18.445806709921467], [98.7467468387883, 18.47481753971568], [98.73963235377235, 18.49184929366069], [98.72627046375433, 18.498918587099443], [98.69296258104502, 18.511082454130563], [98.68296954979526, 18.524566576096234], [98.6895325287323, 18.53550221604771], [98.66779520825604, 18.558585642248016], [98.66678242397478, 18.566822000879984], [98.6595995780727, 18.566820477162548], [98.64474534789629, 18.580500320715622], [98.6347782664735, 18.583111327406147], [98.62319850326774, 18.600390558104987], [98.63158732900433, 18.61337094037202], [98.65133775056286, 18.60997299880663], [98.67742117147566, 18.621048060700343], [98.69175017141545, 18.62192051251781], [98.71414989898345, 18.599639930096682], [98.71161154006073, 18.582828751864284], [98.71795270310983, 18.570069868931697], [98.74434269723996, 18.551422418218415], [98.76058584654237, 18.55544306017486], [98.79749948481738, 18.584830640438593], [98.82729074401044, 18.564158549971253], [98.83956184128384, 18.56020730357414], [98.84764543538813, 18.54676641986263], [98.85349233484816, 18.54536109892022], [98.85738399106135, 18.541337592191777], [98.8581333993595, 18.529194293785952]]]]}}, {"type": "Feature", "properties": {"amp_code": "5025", "amp_th": "กัลยาณิวัฒนา", "amp_en": "Galyani Vadhana", "pro_code": "50", "pro_th": "เชียงใหม่", "pro_en": "Chiang Mai", "reg_nesdb": "UpperNorth", "reg_royin": "North", "perimeter": 123.54647550717, "area_sqkm": 522.72353111238, "villages": 22, "high_risk_total": 1, "gap_status": "🟢 สมดุลตามเกณฑ์", "total_budget": 132.1303, "total_projects": 12, "avg_budget_per_high": 132.1303, "high_p1": 1, "proj_p1": 1, "budget_p1": 2.5103, "high_p2": 0, "proj_p2": 10, "budget_p2": 126.945, "high_p3": 0, "proj_p3": 0, "budget_p3": 0.0, "high_p4": 0, "proj_p4": 0, "budget_p4": 0.0, "high_p5": 0, "proj_p5": 1, "budget_p5": 2.675}, "geometry": {"type": "MultiPolygon", "coordinates": [[[[98.40110410990164, 19.00305876172955], [98.40164030106752, 18.987111887210588], [98.41198714343267, 18.97888716801895], [98.40960236546304, 18.970732410443365], [98.41744836638065, 18.96330029092772], [98.42764793723659, 18.961042224755825], [98.4306089730649, 18.951554174516453], [98.44896163177971, 18.960705783606773], [98.47380973246055, 18.96073393553997], [98.45991027703205, 18.943740859055268], [98.45940841642614, 18.937459503360163], [98.47881755167771, 18.931491564022856], [98.47681640353046, 18.92222477850716], [98.47457120250223, 18.909928587363783], [98.46185718422379, 18.90539378687719], [98.46512886641355, 18.887776732793704], [98.39414742010166, 18.878367959713273], [98.37800645253768, 18.882666199852327], [98.35017192688271, 18.90807894007592], [98.35024288565533, 18.925660173831158], [98.34116837667133, 18.937770927134277], [98.3289873611049, 18.940888058149756], [98.32579594443096, 18.933051340796915], [98.30244442980968, 18.932088420109785], [98.28856025424692, 18.92609373947371], [98.27082904143333, 18.934753733198097], [98.26572954797558, 18.932569218897047], [98.26053990285327, 18.952175072414143], [98.2466138185984, 18.95947748969706], [98.23300733743919, 18.96050161819113], [98.22191340724527, 18.947039818163585], [98.20662230131423, 18.957677174264056], [98.19744559663357, 18.958249928953336], [98.1735526673748, 18.98863798530773], [98.1660477510433, 18.98358655376718], [98.16929717377101, 18.99920799209386], [98.18605264455196, 19.015436055146353], [98.18510969040243, 19.031872386854705], [98.19111499901786, 19.03269628907004], [98.19113235207197, 19.041071363613767], [98.20500180896539, 19.04853512978908], [98.20890645860729, 19.063257309845845], [98.22506575556677, 19.08027023140874], [98.22554544879638, 19.088452963370706], [98.23469549788915, 19.093420860390967], [98.23811918724283, 19.102293546549884], [98.24862693136565, 19.106654136441776], [98.25200077112945, 19.113752870398102], [98.24067280774796, 19.126963712047413], [98.2444513899563, 19.13124923132977], [98.24045244871328, 19.139939857382842], [98.24323711479789, 19.153466081174663], [98.25251901333476, 19.160742663488623], [98.26484078879464, 19.152537122264498], [98.27046095477408, 19.155946125960643], [98.28509183111534, 19.152659947104695], [98.32410514578217, 19.155740105573493], [98.33053075807473, 19.15026231439866], [98.34272424888793, 19.153134934968655], [98.33948346029258, 19.14241662776492], [98.34959765064463, 19.13177985865301], [98.34324048594782, 19.122760825338755], [98.3529703428551, 19.103236668247554], [98.35109013644448, 19.096524488934364], [98.35634417875569, 19.090051978391365], [98.3706577940938, 19.085612195073164], [98.37488953522288, 19.075093738205993], [98.37273202629679, 19.065346560683942], [98.38168190179114, 19.059360241104578], [98.38562552720882, 19.061700501488833], [98.40120214436652, 19.035631750202295], [98.42141447585706, 19.028147751544772], [98.4197568134991, 19.013111235517307], [98.40838805343887, 19.002903712410376], [98.40393085746562, 19.00575197366376], [98.40110410990164, 19.00305876172955]]]]}}, {"type": "Feature", "properties": {"amp_code": "5022", "amp_th": "แม่วาง", "amp_en": "Mae Wang", "pro_code": "50", "pro_th": "เชียงใหม่", "pro_en": "Chiang Mai", "reg_nesdb": "UpperNorth", "reg_royin": "North", "perimeter": 140.89970638307, "area_sqkm": 618.96494092241, "villages": 58, "high_risk_total": 7, "gap_status": "🟢 สมดุลตามเกณฑ์", "total_budget": 548.02313, "total_projects": 194, "avg_budget_per_high": 78.28901857142857, "high_p1": 0, "proj_p1": 12, "budget_p1": 32.10651, "high_p2": 7, "proj_p2": 39, "budget_p2": 304.5242, "high_p3": 0, "proj_p3": 13, "budget_p3": 128.55272, "high_p4": 0, "proj_p4": 123, "budget_p4": 2.5396, "high_p5": 0, "proj_p5": 7, "budget_p5": 80.30010000000001}, "geometry": {"type": "MultiPolygon", "coordinates": [[[[98.83671999463036, 18.5839208182043], [98.83423411667476, 18.57657633667667], [98.85781848091166, 18.55052743174338], [98.85349233484816, 18.54536109892022], [98.84764543538813, 18.54676641986263], [98.83956184128384, 18.56020730357414], [98.82729074401044, 18.564158549971253], [98.79749948481738, 18.584830640438593], [98.76058584654237, 18.55544306017486], [98.74434269723996, 18.551422418218415], [98.71795270310983, 18.570069868931697], [98.71161154006073, 18.582828751864284], [98.71414989898345, 18.599639930096682], [98.69175017141545, 18.62192051251781], [98.67742117147566, 18.621048060700343], [98.65133775056286, 18.60997299880663], [98.63158732900433, 18.61337094037202], [98.62319850326774, 18.600390558104987], [98.60915744418037, 18.593992472245578], [98.60073000451747, 18.584099739614075], [98.58477020724204, 18.581243175366023], [98.54424758086067, 18.58466306415366], [98.5084514129762, 18.594822041021704], [98.498306718734, 18.59078477168996], [98.48755785978129, 18.592245963317016], [98.48965389642606, 18.603215642240773], [98.48782356229962, 18.62976143696659], [98.49880480018393, 18.659769306129604], [98.49572285065832, 18.669015716908028], [98.49970502552179, 18.692280472790237], [98.49749047244335, 18.71170677660594], [98.49184790627677, 18.716687153093517], [98.49713832609748, 18.72124286829835], [98.49389400492119, 18.732521077065652], [98.48873766821318, 18.733762177617727], [98.49719826014137, 18.748979685536153], [98.49609413785089, 18.76888442358131], [98.49945890156339, 18.776480570830874], [98.51117043551719, 18.773820607619594], [98.52742706273868, 18.78071071630187], [98.53010080441474, 18.788185966255867], [98.54019657183, 18.789374691918454], [98.55957614350623, 18.802662741643918], [98.5640069192057, 18.794870224976016], [98.56383153569949, 18.773142037263685], [98.57211831013012, 18.771026028283497], [98.5777748226663, 18.75930225639166], [98.58557825810871, 18.759666533527188], [98.58779648434086, 18.748704115842973], [98.60120325454072, 18.72835296293002], [98.61283934774275, 18.731330479533305], [98.63319519318078, 18.728344915225584], [98.65172273527119, 18.737590963665934], [98.66134190412181, 18.74009514449397], [98.66928274608834, 18.750254309100672], [98.6831479139173, 18.74873622078031], [98.69305321565429, 18.745275418500846], [98.70380689056414, 18.72598334444924], [98.73031577983993, 18.727171196900223], [98.73815158526219, 18.732590364099813], [98.75487799138392, 18.72679824491933], [98.77013376340342, 18.72923296979712], [98.78189826524739, 18.746186338438093], [98.79662918569669, 18.73563986656351], [98.80802303603953, 18.727045529415115], [98.81544390695181, 18.731963974142673], [98.82326904658561, 18.71884391645591], [98.82289794275907, 18.707724628168297], [98.8082335023053, 18.695741689896266], [98.81257938927214, 18.69160330514978], [98.80661467541688, 18.685570057333585], [98.82783307948145, 18.666842547172404], [98.82229809223108, 18.659053415608795], [98.82360766819515, 18.644548644329618], [98.81778463602026, 18.64045112944687], [98.82929410978889, 18.63142503196352], [98.8334807454916, 18.62067012947353], [98.83218725344962, 18.605640963515572], [98.83671999463036, 18.5839208182043]]]]}}, {"type": "Feature", "properties": {"amp_code": "5023", "amp_th": "แม่ออน", "amp_en": "Mae On", "pro_code": "50", "pro_th": "เชียงใหม่", "pro_en": "Chiang Mai", "reg_nesdb": "UpperNorth", "reg_royin": "North", "perimeter": 127.20686489925, "area_sqkm": 469.1583571463, "villages": 49, "high_risk_total": 12, "gap_status": "🟢 สมดุลตามเกณฑ์", "total_budget": 720.25487772, "total_projects": 170, "avg_budget_per_high": 60.02123981, "high_p1": 0, "proj_p1": 7, "budget_p1": 6.641959999999998, "high_p2": 0, "proj_p2": 61, "budget_p2": 648.97111772, "high_p3": 1, "proj_p3": 6, "budget_p3": 59.4372, "high_p4": 0, "proj_p4": 95, "budget_p4": 2.5296000000000003, "high_p5": 11, "proj_p5": 1, "budget_p5": 2.675}, "geometry": {"type": "MultiPolygon", "coordinates": [[[[99.32833253717986, 18.628539612126275], [99.327747520525, 18.61853787779934], [99.34775033451892, 18.617112404545512], [99.35945828808315, 18.606980348350596], [99.34912007581245, 18.59325418931652], [99.3535314262836, 18.58023242088071], [99.34323206640504, 18.575097537234704], [99.33221066097582, 18.57575670994755], [99.32699908709304, 18.54329675015437], [99.31888931035878, 18.5353740862064], [99.3171156474859, 18.532141450203426], [99.29628416063206, 18.5371631353394], [99.26378599754568, 18.571567228254814], [99.25187714381926, 18.573837367419824], [99.24538307400627, 18.582284074830152], [99.22571073188816, 18.58920129342854], [99.21875547911527, 18.59239427660016], [99.22336510339676, 18.607537752143653], [99.2353815533276, 18.617116976887942], [99.23175025188591, 18.62937024803263], [99.23359699697852, 18.651803656293495], [99.24660708621857, 18.656415609551377], [99.24890448737483, 18.66117558983898], [99.25831312346985, 18.6690089663622], [99.26470824930313, 18.668840767521157], [99.26246701844714, 18.675907069726346], [99.26998156681249, 18.68371648922785], [99.26858232342376, 18.717635541103405], [99.2559829634384, 18.74009653398844], [99.22925388885966, 18.743893201058146], [99.2165643038029, 18.75375058553655], [99.2146702368783, 18.760418212902742], [99.22462350145435, 18.766100388544057], [99.22826862726319, 18.777968346520094], [99.22587571050846, 18.793543484207994], [99.21467155933254, 18.80267250315521], [99.20900299009212, 18.81415812794786], [99.21945460066885, 18.818959902406224], [99.21859905348903, 18.829378129782363], [99.23520420208112, 18.83472073070044], [99.23791491664934, 18.8504520960128], [99.23477688308405, 18.867439200750397], [99.24848646610211, 18.87398169034025], [99.25690875018779, 18.88287243734289], [99.25595259780248, 18.88822749005382], [99.26284810164566, 18.8908207402468], [99.27939967076193, 18.90302802942682], [99.30186337075912, 18.906335715822305], [99.31704707569392, 18.91920041888554], [99.34849498061952, 18.90926477455071], [99.35610739485709, 18.91386067103536], [99.36978265101182, 18.91338771514209], [99.37788516872861, 18.920750632450638], [99.38738383484245, 18.896398367695205], [99.3862261263652, 18.889200031486475], [99.3915081642141, 18.884847524720723], [99.38606942562267, 18.877786927092796], [99.38575387490195, 18.86772752872405], [99.36107488301094, 18.851444789628303], [99.35272639425276, 18.84620309416543], [99.35252041061635, 18.82339564214936], [99.3587481285882, 18.80202644083565], [99.37114906444354, 18.78091597900359], [99.36695679150544, 18.774868950293744], [99.37121751436045, 18.753387892001378], [99.34834172280054, 18.73583411622901], [99.3484291274198, 18.724385276368764], [99.34036906107724, 18.715942926042093], [99.34097826033712, 18.706365077817548], [99.33317098484862, 18.700766595955237], [99.33602169245259, 18.693301872574526], [99.32744553927571, 18.685391938593416], [99.33317228811207, 18.668683213969533], [99.34718579114832, 18.657119822542768], [99.34217105833011, 18.64971115327533], [99.33259947710921, 18.649972356445062], [99.3273758436381, 18.63917441890916], [99.32833253717986, 18.628539612126275]]]]}}, {"type": "Feature", "properties": {"amp_code": "5020", "amp_th": "เวียงแหง", "amp_en": "Wiang Haeng", "pro_code": "50", "pro_th": "เชียงใหม่", "pro_en": "Chiang Mai", "reg_nesdb": "UpperNorth", "reg_royin": "North", "perimeter": 143.8361025917, "area_sqkm": 789.31379935843, "villages": 23, "high_risk_total": 3, "gap_status": "🟢 สมดุลตามเกณฑ์", "total_budget": 260.4218, "total_projects": 260, "avg_budget_per_high": 86.80726666666668, "high_p1": 0, "proj_p1": 0, "budget_p1": 0.0, "high_p2": 0, "proj_p2": 19, "budget_p2": 238.1182, "high_p3": 3, "proj_p3": 0, "budget_p3": 0.0, "high_p4": 0, "proj_p4": 237, "budget_p4": 5.553599999999999, "high_p5": 0, "proj_p5": 4, "budget_p5": 16.75}, "geometry": {"type": "MultiPolygon", "coordinates": [[[[98.51833877280963, 19.715834061554414], [98.5391871055732, 19.688534507043904], [98.54977838754176, 19.686302175155905], [98.55972074638753, 19.675184425774546], [98.56809226550195, 19.672941018983668], [98.57261843290239, 19.703722233375554], [98.57769902773799, 19.704570167333568], [98.59154479534294, 19.715073636105103], [98.60886685508989, 19.708585394013387], [98.615315559119, 19.71070944013641], [98.61717529522176, 19.71702339099652], [98.62420689965779, 19.713003312839962], [98.62824330994974, 19.71534323010713], [98.62657943755215, 19.727878387200843], [98.65418578893194, 19.739297604523873], [98.66096320824677, 19.733800338476257], [98.66685010004757, 19.749081394489956], [98.68006405366157, 19.749067079873758], [98.68503274359693, 19.753872196129475], [98.70429217030322, 19.757664370966232], [98.72609997975691, 19.712986771767046], [98.73118898917564, 19.714849297430554], [98.74666828550927, 19.69896230686811], [98.75342729213384, 19.70174606129395], [98.74929614573922, 19.68764947772898], [98.75509482029506, 19.678548221894086], [98.74866937350471, 19.668942086506867], [98.75028678533496, 19.663101935312383], [98.78054051422541, 19.645670629849853], [98.78011794437107, 19.633330064407186], [98.8080087841186, 19.612890805645762], [98.80762848483644, 19.606645791412568], [98.79156968678637, 19.596257901752747], [98.79560070490055, 19.59120401682232], [98.7922409238257, 19.58497815032197], [98.803697847081, 19.570673972563778], [98.81101528305639, 19.546649840063054], [98.80287069909582, 19.512315821981023], [98.8092312694021, 19.49452619746939], [98.7900412741067, 19.50115179610032], [98.7791008285856, 19.49891337486211], [98.79076415743688, 19.487642065437292], [98.78616409490166, 19.477966911655944], [98.78840848547534, 19.466431313927078], [98.78391196582946, 19.46140132925725], [98.76491550300979, 19.45868912965912], [98.75960315479799, 19.452516540474736], [98.71539099428374, 19.441619240875518], [98.70733115411076, 19.430705320005057], [98.6839719776838, 19.432814749064658], [98.65877471572828, 19.429163311750333], [98.6518371030342, 19.436648713973874], [98.64018558568881, 19.440335733417918], [98.58980874580223, 19.4241383092109], [98.58453658272805, 19.444211256579244], [98.5922345537571, 19.45581425786387], [98.59098724487912, 19.462991401687923], [98.59476918571116, 19.461895112358775], [98.59889169429404, 19.46999697630187], [98.59257803992821, 19.483138586698967], [98.5950264392535, 19.489576195697797], [98.5880683660145, 19.49838064726561], [98.5874307951802, 19.514930498014845], [98.57488734954157, 19.52534596328324], [98.56820498252901, 19.52019486117846], [98.56480750855181, 19.527969819275043], [98.56590942331991, 19.560121466647647], [98.54230958007626, 19.571858620473943], [98.54111507831308, 19.592818939876935], [98.53674545071323, 19.6002473794349], [98.53953525730383, 19.623377621010267], [98.52678096083316, 19.62703836236038], [98.52177511632335, 19.638813682185877], [98.51354454692539, 19.63898591013559], [98.49695430022203, 19.652156604102966], [98.47235137319372, 19.657887696933596], [98.46691230445731, 19.692608842775083], [98.48564702322469, 19.704485795075854], [98.50708208819104, 19.70974208618124], [98.50944749246345, 19.71712480740258], [98.51833877280963, 19.715834061554414]]]]}}, {"type": "Feature", "properties": {"amp_code": "5021", "amp_th": "ไชยปราการ", "amp_en": "Chai Prakan", "pro_code": "50", "pro_th": "เชียงใหม่", "pro_en": "Chiang Mai", "reg_nesdb": "UpperNorth", "reg_royin": "North", "perimeter": 120.35710693145, "area_sqkm": 497.82444541499, "villages": 44, "high_risk_total": 0, "gap_status": "🟢 สมดุลตามเกณฑ์", "total_budget": 926.1585, "total_projects": 153, "avg_budget_per_high": 926.1585, "high_p1": 0, "proj_p1": 31, "budget_p1": 124.316, "high_p2": 0, "proj_p2": 39, "budget_p2": 753.3707999999999, "high_p3": 0, "proj_p3": 15, "budget_p3": 19.6791, "high_p4": 0, "proj_p4": 65, "budget_p4": 1.3926000000000005, "high_p5": 0, "proj_p5": 3, "budget_p5": 27.4}, "geometry": {"type": "MultiPolygon", "coordinates": [[[[99.29280463441486, 19.67863241994727], [99.26533437993773, 19.663980994192436], [99.26366411893449, 19.653622558704136], [99.25836950782282, 19.65035207654862], [99.25980109406842, 19.633039648690378], [99.25893460581997, 19.629480316413684], [99.26629552016024, 19.62459185308347], [99.26788463470253, 19.610536936721612], [99.28450039831554, 19.603582331827734], [99.29225973111583, 19.59432956183586], [99.28939951897799, 19.58089610868686], [99.29540967035781, 19.56995154659707], [99.26463931917799, 19.567532171495788], [99.2454933840703, 19.58011398076752], [99.2363147837149, 19.581147426791286], [99.22471154494812, 19.572084508895724], [99.20961520980005, 19.571090521402894], [99.20845231071974, 19.57848194785277], [99.19660855417085, 19.58143455773392], [99.1673866044812, 19.57083414769245], [99.15966404073879, 19.582745273086502], [99.13470213006075, 19.570664945731256], [99.10888696403951, 19.601392732804555], [99.10107145394414, 19.60588420366086], [99.08883289523628, 19.60430690135376], [99.09087214426246, 19.63029653795915], [99.076909947341, 19.634873543296365], [99.07704576700623, 19.64342028951729], [99.06355459172723, 19.68074403259722], [99.05159896098172, 19.67991419925552], [99.03492038946268, 19.696162259618184], [99.03035878063449, 19.695471757161535], [99.02767697290663, 19.7022115414283], [99.02421051522872, 19.73162970990088], [99.02940621745545, 19.736802600430014], [99.02914900394647, 19.74434851050341], [99.01679981250714, 19.75995014074503], [99.029453133913, 19.784427306031244], [99.01304432571614, 19.79324025195614], [99.01688918109001, 19.795621156831192], [99.03423274910058, 19.800851046925438], [99.04857905634616, 19.762845197575125], [99.11861143267039, 19.765636531553742], [99.15929252028242, 19.760528458502527], [99.16323677529161, 19.768072989398366], [99.16970029608332, 19.76026812024789], [99.16556400802405, 19.750860037119775], [99.16979886791417, 19.743757562485264], [99.18380685375053, 19.742810674434985], [99.19263406154138, 19.750683855785766], [99.20109687129502, 19.751765760460803], [99.21206723064289, 19.76624603732313], [99.23161761222913, 19.768234769000948], [99.2407997185574, 19.759244505953358], [99.29753480468834, 19.754017231326326], [99.32138891583676, 19.73621181088932], [99.34089728487344, 19.712652812450102], [99.31339589820098, 19.707734936938103], [99.31396149644722, 19.702652952408897], [99.30480974160503, 19.697348249165344], [99.29280463441486, 19.67863241994727]]]]}}, {"type": "Feature", "properties": {"amp_code": "5002", "amp_th": "จอมทอง", "amp_en": "Chom Thong", "pro_code": "50", "pro_th": "เชียงใหม่", "pro_en": "Chiang Mai", "reg_nesdb": "UpperNorth", "reg_royin": "North", "perimeter": 183.44265256127, "area_sqkm": 1108.02940320537, "villages": 103, "high_risk_total": 8, "gap_status": "🔵 งบประมาณสูง - ความเสี่ยงต่ำ (โครงการโครงสร้างพื้นฐานหลัก)", "total_budget": 2653.21852684, "total_projects": 451, "avg_budget_per_high": 331.652315855, "high_p1": 1, "proj_p1": 84, "budget_p1": 169.72319999999996, "high_p2": 0, "proj_p2": 139, "budget_p2": 1923.99952684, "high_p3": 7, "proj_p3": 40, "budget_p3": 492.3831, "high_p4": 0, "proj_p4": 178, "budget_p4": 39.0531, "high_p5": 0, "proj_p5": 10, "budget_p5": 28.0596}, "geometry": {"type": "MultiPolygon", "coordinates": [[[[98.69671433364563, 18.41124772977241], [98.70950942327909, 18.415220790746012], [98.69802895827456, 18.39562506780098], [98.69011403996821, 18.392219628136043], [98.68687543300204, 18.381522147304285], [98.68126394109038, 18.36741211546041], [98.6963638477704, 18.35116573082972], [98.70410673086398, 18.334544153560646], [98.69930160429132, 18.330614038737266], [98.68875310282476, 18.334628176024534], [98.67177028494835, 18.327127349329924], [98.67326606393893, 18.311094943300223], [98.70579293657956, 18.290183532056226], [98.72076030989177, 18.28624155885809], [98.73618782684142, 18.26615319650703], [98.76999234113778, 18.25607950482992], [98.77370482874917, 18.251237104386444], [98.77740665018769, 18.2376578917826], [98.77292807133286, 18.22974291957365], [98.78517830843012, 18.22082371163495], [98.78438885891819, 18.200647958297427], [98.77997793003301, 18.19629999041786], [98.78274419854057, 18.179920980340448], [98.76222516638501, 18.170710242417453], [98.74644044121482, 18.153504606349202], [98.73796489557331, 18.15529076842623], [98.72183593006801, 18.149291456271737], [98.69233817687415, 18.163992717613095], [98.67235881403657, 18.162725970127283], [98.65741152849918, 18.1762710364201], [98.6349232561714, 18.18299144083874], [98.62814847780317, 18.197324535165848], [98.61276337195945, 18.203635620035083], [98.60728968560132, 18.198303196863144], [98.60445665089664, 18.20571330434426], [98.59520558718756, 18.210056114387726], [98.59046486457986, 18.208014699934537], [98.58955870278383, 18.213459456151437], [98.55502857111777, 18.233138910206463], [98.53207562752883, 18.235953870536765], [98.47804787524741, 18.22205148780113], [98.46258065622193, 18.22248665194129], [98.45438265618075, 18.228791311823887], [98.44701475491136, 18.226546822797413], [98.43729754512617, 18.23224191971449], [98.42030448796783, 18.246788874632777], [98.42603614030703, 18.2590199431051], [98.45577183878284, 18.265918126928902], [98.46307322975477, 18.27690534286507], [98.46296842468873, 18.307772305077645], [98.45536366701717, 18.311338870503704], [98.4519567829325, 18.324600338946006], [98.46867462072437, 18.35143747203182], [98.46718069423079, 18.365986756109915], [98.47094421357544, 18.38954687510959], [98.4811318970286, 18.398408440849188], [98.4872038302431, 18.410978677799218], [98.48463449172377, 18.417119812070894], [98.48925252681138, 18.42069550536665], [98.48332102642227, 18.43010832212317], [98.48332240661317, 18.444600684229354], [98.47452354129177, 18.44940842747952], [98.4754903624184, 18.46452251556908], [98.4813643410745, 18.46939091142148], [98.49572090621533, 18.47875905722489], [98.49886180484464, 18.486771606972983], [98.50619097573971, 18.48646097380032], [98.51008354375834, 18.491334622630244], [98.5034222438179, 18.501005920067733], [98.50753356623623, 18.50586663537981], [98.50255271158278, 18.506672667031676], [98.50745227857333, 18.516689321310924], [98.50540348795775, 18.52484632743477], [98.49764659744714, 18.52516818453209], [98.49328864900843, 18.536735203172213], [98.48260427053746, 18.55005515629675], [98.47889254755984, 18.582696355531226], [98.48755785978129, 18.592245963317016], [98.498306718734, 18.59078477168996], [98.5084514129762, 18.594822041021704], [98.54424758086067, 18.58466306415366], [98.58477020724204, 18.581243175366023], [98.60073000451747, 18.584099739614075], [98.60915744418037, 18.593992472245578], [98.62319850326774, 18.600390558104987], [98.6347782664735, 18.583111327406147], [98.64474534789629, 18.580500320715622], [98.6595995780727, 18.566820477162548], [98.66678242397478, 18.566822000879984], [98.66779520825604, 18.558585642248016], [98.6895325287323, 18.53550221604771], [98.68296954979526, 18.524566576096234], [98.69296258104502, 18.511082454130563], [98.72627046375433, 18.498918587099443], [98.73963235377235, 18.49184929366069], [98.7467468387883, 18.47481753971568], [98.74798795801665, 18.445806709921467], [98.73964068266345, 18.435886214639144], [98.72504031555394, 18.44623805003084], [98.71957642912899, 18.434470278765268], [98.71515290848919, 18.43413267007767], [98.70859862762131, 18.442299994170952], [98.70141188015275, 18.429726920994185], [98.69335676434032, 18.419026463013314], [98.69671433364563, 18.41124772977241]]]]}}, {"type": "Feature", "properties": {"amp_code": "5003", "amp_th": "แม่แจ่ม", "amp_en": "Mae Chaem", "pro_code": "50", "pro_th": "เชียงใหม่", "pro_en": "Chiang Mai", "reg_nesdb": "UpperNorth", "reg_royin": "North", "perimeter": 326.23105429982, "area_sqkm": 2811.05855002709, "villages": 104, "high_risk_total": 38, "gap_status": "🟢 สมดุลตามเกณฑ์", "total_budget": 2514.79215518, "total_projects": 319, "avg_budget_per_high": 66.17874092578947, "high_p1": 7, "proj_p1": 41, "budget_p1": 111.6217, "high_p2": 12, "proj_p2": 172, "budget_p2": 1753.3529551800002, "high_p3": 19, "proj_p3": 13, "budget_p3": 117.4328, "high_p4": 0, "proj_p4": 88, "budget_p4": 519.0097000000001, "high_p5": 0, "proj_p5": 5, "budget_p5": 13.375}, "geometry": {"type": "MultiPolygon", "coordinates": [[[[98.4813643410745, 18.46939091142148], [98.4754903624184, 18.46452251556908], [98.47452354129177, 18.44940842747952], [98.48332240661317, 18.444600684229354], [98.48332102642227, 18.43010832212317], [98.48925252681138, 18.42069550536665], [98.48463449172377, 18.417119812070894], [98.4872038302431, 18.410978677799218], [98.4811318970286, 18.398408440849188], [98.47094421357544, 18.38954687510959], [98.46718069423079, 18.365986756109915], [98.46867462072437, 18.35143747203182], [98.4519567829325, 18.324600338946006], [98.45536366701717, 18.311338870503704], [98.46296842468873, 18.307772305077645], [98.46307322975477, 18.27690534286507], [98.45577183878284, 18.265918126928902], [98.42603614030703, 18.2590199431051], [98.42030448796783, 18.246788874632777], [98.41519528935459, 18.25309658583689], [98.40032869965901, 18.256442117409012], [98.39712613797414, 18.26729348955171], [98.3891647140668, 18.269100691911667], [98.38454086322162, 18.277028001012557], [98.36962560692965, 18.28265751639105], [98.36171948302193, 18.278784511362733], [98.35771679531192, 18.285989032004352], [98.34876647105116, 18.288316518691627], [98.3460186249899, 18.282309348089836], [98.33802123302115, 18.282304420886], [98.33706570893902, 18.275759922630282], [98.32673183050507, 18.279216971157272], [98.32370692268391, 18.275057904725564], [98.31621307660274, 18.282597094830933], [98.30825845927836, 18.283144644610385], [98.30758071345359, 18.276541159863132], [98.30319450658351, 18.27604057398078], [98.29909178721908, 18.26340307845139], [98.30255447542675, 18.256415894365833], [98.30401621299892, 18.243729760249746], [98.29680792590263, 18.23295512546599], [98.27308489712173, 18.228749865840555], [98.25927085850883, 18.230898822849227], [98.25120507191171, 18.215260281261113], [98.23927407136789, 18.218929001575777], [98.22547433348647, 18.209925218543574], [98.21523467147595, 18.220885965303342], [98.21026101055284, 18.251918108503574], [98.20042683668945, 18.249731966521765], [98.19891333977495, 18.254714457004617], [98.19325421119606, 18.250209122663748], [98.1881543964187, 18.257843621764454], [98.18757525736831, 18.24271771663351], [98.16932485237521, 18.2337542816785], [98.15878033936802, 18.221962715437172], [98.15250275557369, 18.225260926320352], [98.13941545913981, 18.23979385847285], [98.14269599526574, 18.2510660442177], [98.13578783934803, 18.267012312766944], [98.1393703646693, 18.280632279266676], [98.15158344775853, 18.285753561899654], [98.16658188133383, 18.28163286156041], [98.19269003323767, 18.28465388288529], [98.2020115959256, 18.291107515167525], [98.20818199408527, 18.305891717792857], [98.19804578527813, 18.332043914414786], [98.19492382966075, 18.33036896866464], [98.18159555033772, 18.34247686507846], [98.17048484122958, 18.345972705905336], [98.16332773839572, 18.355169899376705], [98.1446826545554, 18.36297234433679], [98.13552669060135, 18.385207267011612], [98.12831987532087, 18.390531338226197], [98.12268124209152, 18.395307685110748], [98.12591873331414, 18.405767609217484], [98.11332480702711, 18.408226199689164], [98.09457748384263, 18.420495280805216], [98.08094900154205, 18.417644076373602], [98.07396616896538, 18.429374488318736], [98.08271871492087, 18.44663193048252], [98.10537471284204, 18.458429922316427], [98.12050472360377, 18.500673506620444], [98.12944344089829, 18.501845633622715], [98.14640063336275, 18.514168523637036], [98.1540455628618, 18.512112976275333], [98.16399134700495, 18.52523882960185], [98.1751301911521, 18.523090540503354], [98.16997737985241, 18.52854578358784], [98.1749219910512, 18.541863711899087], [98.17436377815075, 18.546873637079614], [98.18451286508791, 18.548664214523534], [98.19347046895192, 18.54065598514038], [98.20045344730944, 18.54185037012431], [98.20857920274983, 18.536988545868997], [98.23191364082628, 18.55759995385295], [98.2310588109553, 18.56419722114959], [98.23710426384308, 18.57199738227688], [98.2261917257947, 18.587611447748824], [98.21227296682494, 18.590962033005383], [98.21469596331627, 18.60059134509293], [98.21074702774804, 18.607492973818523], [98.1829664980801, 18.609484722063346], [98.1828836595758, 18.62478570951504], [98.17362480000678, 18.628435891401374], [98.16312291917502, 18.62619453829928], [98.14574276593747, 18.637977837307993], [98.11751382703686, 18.634778232064306], [98.10569929899025, 18.64870519320574], [98.11245938074195, 18.669592759881755], [98.10507516463299, 18.677275433083775], [98.10710729158718, 18.68898932976689], [98.10032284142228, 18.704771860835763], [98.10751915509795, 18.713764291523077], [98.10316966608178, 18.718393114216994], [98.10214155242278, 18.735782318190733], [98.09396791999096, 18.737649761778055], [98.12020571368339, 18.758320753200024], [98.11775835758779, 18.766832322065024], [98.12164835460644, 18.774455341108066], [98.1072186029462, 18.780197790533972], [98.09927574715958, 18.77523109860824], [98.0932955597089, 18.77712141830246], [98.09018175519212, 18.788675913425376], [98.0854325103487, 18.795986234485593], [98.08832763969943, 18.804710919801693], [98.07832377174067, 18.821449060076095], [98.08115802752374, 18.835861160578787], [98.09247070941589, 18.86918384791091], [98.10239117186869, 18.88420843566685], [98.10996485182454, 18.8876269150223], [98.12928751480207, 18.91182565619745], [98.14368165192477, 18.911758149611078], [98.14977540439752, 18.918961519327556], [98.15643877252988, 18.919615463773205], [98.15668456197113, 18.93746126142061], [98.16605962685261, 18.939459019817498], [98.17254956118808, 18.951038509352227], [98.17311239357606, 18.961861698682], [98.16352196539985, 18.980516148847467], [98.1660477510433, 18.98358655376718], [98.1735526673748, 18.98863798530773], [98.19744559663357, 18.958249928953336], [98.20662230131423, 18.957677174264056], [98.22191340724527, 18.947039818163585], [98.23300733743919, 18.96050161819113], [98.2466138185984, 18.95947748969706], [98.26053990285327, 18.952175072414143], [98.26572954797558, 18.932569218897047], [98.27082904143333, 18.934753733198097], [98.28856025424692, 18.92609373947371], [98.30244442980968, 18.932088420109785], [98.32579594443096, 18.933051340796915], [98.3289873611049, 18.940888058149756], [98.34116837667133, 18.937770927134277], [98.35024288565533, 18.925660173831158], [98.35017192688271, 18.90807894007592], [98.37800645253768, 18.882666199852327], [98.39414742010166, 18.878367959713273], [98.46512886641355, 18.887776732793704], [98.46185718422379, 18.90539378687719], [98.47457120250223, 18.909928587363783], [98.47681640353046, 18.92222477850716], [98.48307907754831, 18.91507106989605], [98.49152120203375, 18.916908654036135], [98.50580622046563, 18.908919637893607], [98.49601944618595, 18.888164648854545], [98.52591673534718, 18.87469030295171], [98.51667869532362, 18.859956745235763], [98.52408290378675, 18.85661383372734], [98.53057623681482, 18.83754061791936], [98.53966434245119, 18.832529324639882], [98.54611048279573, 18.81543459782468], [98.55957614350623, 18.802662741643918], [98.54019657183, 18.789374691918454], [98.53010080441474, 18.788185966255867], [98.52742706273868, 18.78071071630187], [98.51117043551719, 18.773820607619594], [98.49945890156339, 18.776480570830874], [98.49609413785089, 18.76888442358131], [98.49719826014137, 18.748979685536153], [98.48873766821318, 18.733762177617727], [98.49389400492119, 18.732521077065652], [98.49713832609748, 18.72124286829835], [98.49184790627677, 18.716687153093517], [98.49749047244335, 18.71170677660594], [98.49970502552179, 18.692280472790237], [98.49572285065832, 18.669015716908028], [98.49880480018393, 18.659769306129604], [98.48782356229962, 18.62976143696659], [98.48965389642606, 18.603215642240773], [98.48755785978129, 18.592245963317016], [98.47889254755984, 18.582696355531226], [98.48260427053746, 18.55005515629675], [98.49328864900843, 18.536735203172213], [98.49764659744714, 18.52516818453209], [98.50540348795775, 18.52484632743477], [98.50745227857333, 18.516689321310924], [98.50255271158278, 18.506672667031676], [98.50753356623623, 18.50586663537981], [98.5034222438179, 18.501005920067733], [98.51008354375834, 18.491334622630244], [98.50619097573971, 18.48646097380032], [98.49886180484464, 18.486771606972983], [98.49572090621533, 18.47875905722489], [98.4813643410745, 18.46939091142148]]]]}}, {"type": "Feature", "properties": {"amp_code": "5001", "amp_th": "เมืองเชียงใหม่", "amp_en": "Mueang Chiang Mai", "pro_code": "50", "pro_th": "เชียงใหม่", "pro_en": "Chiang Mai", "reg_nesdb": "UpperNorth", "reg_royin": "North", "perimeter": 70.10869526998, "area_sqkm": 173.69166754546, "villages": 175, "high_risk_total": 86, "gap_status": "⚠️ เสี่ยงสูง - ได้รับงบประมาณต่อเนื่อง", "total_budget": 4257.08240451, "total_projects": 195, "avg_budget_per_high": 49.50095819197674, "high_p1": 0, "proj_p1": 33, "budget_p1": 482.6021, "high_p2": 0, "proj_p2": 112, "budget_p2": 714.46670451, "high_p3": 0, "proj_p3": 19, "budget_p3": 375.17300000000006, "high_p4": 15, "proj_p4": 11, "budget_p4": 2351.6626, "high_p5": 71, "proj_p5": 20, "budget_p5": 333.178}, "geometry": {"type": "MultiPolygon", "coordinates": [[[[99.04553530379904, 18.780047623233894], [99.04857041393886, 18.769257838923206], [99.03425684930613, 18.75751395364309], [99.02924171952768, 18.751966637319523], [99.02165231246492, 18.748074573095444], [99.00831657540203, 18.74943359353348], [98.99851604420697, 18.755271155711682], [98.98833683415248, 18.752147058032293], [98.9860693148726, 18.716765534150998], [98.98291724775686, 18.71073806811351], [98.98587813893, 18.69517262838903], [98.9796750309466, 18.699512558052977], [98.97608264305869, 18.705162011227728], [98.9812481242195, 18.727492060919722], [98.97816779142772, 18.735108473345395], [98.97140313362274, 18.73705298367405], [98.96182038751033, 18.731701931050154], [98.95356268774225, 18.735082523347046], [98.94470790872106, 18.732973143413357], [98.93017898561824, 18.74437531832889], [98.91017232050514, 18.751383617848788], [98.8988900982025, 18.74516766728699], [98.89037815655148, 18.768364368858364], [98.89058904738384, 18.78019511998201], [98.86267017951785, 18.80119090888389], [98.86737292652295, 18.837673380694323], [98.87110599931704, 18.834518401915233], [98.88702512916127, 18.831710048813036], [98.89550441774863, 18.842847369753457], [98.9236476738341, 18.837660871140663], [98.95019471995346, 18.840123634509748], [98.95546496772772, 18.835594740670068], [98.9820123076661, 18.842268005591702], [98.98485674209766, 18.845530925017695], [98.99506252848676, 18.849843661523607], [99.00392840550761, 18.84801239015193], [99.01016140435264, 18.846320946048372], [99.00834333786341, 18.829332112100523], [99.00912142182887, 18.825159967397106], [99.01607915178924, 18.828042579045224], [99.01675556295079, 18.823485171192683], [99.01894381284174, 18.809538376526067], [99.02353362180817, 18.807264824033346], [99.03042378856419, 18.793386134274584], [99.04514130018255, 18.80037849262867], [99.04944325773, 18.79848961150306], [99.0421512567856, 18.793962280865923], [99.04553530379904, 18.780047623233894]]]]}}, {"type": "Feature", "properties": {"amp_code": "5008", "amp_th": "สะเมิง", "amp_en": "Samoeng", "pro_code": "50", "pro_th": "เชียงใหม่", "pro_en": "Chiang Mai", "reg_nesdb": "UpperNorth", "reg_royin": "North", "perimeter": 163.13979823738, "area_sqkm": 1056.52438412778, "villages": 44, "high_risk_total": 2, "gap_status": "🟢 สมดุลตามเกณฑ์", "total_budget": 414.90510000000006, "total_projects": 177, "avg_budget_per_high": 207.45255000000003, "high_p1": 0, "proj_p1": 3, "budget_p1": 7.9708, "high_p2": 0, "proj_p2": 30, "budget_p2": 382.1384, "high_p3": 2, "proj_p3": 0, "budget_p3": 0.0, "high_p4": 0, "proj_p4": 140, "budget_p4": 4.4459, "high_p5": 0, "proj_p5": 4, "budget_p5": 20.35}, "geometry": {"type": "MultiPolygon", "coordinates": [[[[98.78304760269147, 18.87508645718049], [98.78927336164037, 18.863450686639386], [98.78955859333229, 18.848116125829154], [98.78346248687956, 18.842862693377928], [98.78074256398816, 18.82097669882413], [98.78540610642712, 18.816168347755223], [98.77688824382751, 18.801003031508387], [98.78223858865691, 18.78501121599123], [98.79154295245102, 18.7791777162577], [98.79956323006797, 18.764681817413916], [98.79518196317932, 18.756758746736374], [98.79662918569669, 18.73563986656351], [98.78189826524739, 18.746186338438093], [98.77013376340342, 18.72923296979712], [98.75487799138392, 18.72679824491933], [98.73815158526219, 18.732590364099813], [98.73031577983993, 18.727171196900223], [98.70380689056414, 18.72598334444924], [98.69305321565429, 18.745275418500846], [98.6831479139173, 18.74873622078031], [98.66928274608834, 18.750254309100672], [98.66134190412181, 18.74009514449397], [98.65172273527119, 18.737590963665934], [98.63319519318078, 18.728344915225584], [98.61283934774275, 18.731330479533305], [98.60120325454072, 18.72835296293002], [98.58779648434086, 18.748704115842973], [98.58557825810871, 18.759666533527188], [98.5777748226663, 18.75930225639166], [98.57211831013012, 18.771026028283497], [98.56383153569949, 18.773142037263685], [98.5640069192057, 18.794870224976016], [98.55957614350623, 18.802662741643918], [98.54611048279573, 18.81543459782468], [98.53966434245119, 18.832529324639882], [98.53057623681482, 18.83754061791936], [98.52408290378675, 18.85661383372734], [98.51667869532362, 18.859956745235763], [98.52591673534718, 18.87469030295171], [98.49601944618595, 18.888164648854545], [98.50580622046563, 18.908919637893607], [98.49152120203375, 18.916908654036135], [98.48307907754831, 18.91507106989605], [98.47681640353046, 18.92222477850716], [98.47881755167771, 18.931491564022856], [98.45940841642614, 18.937459503360163], [98.45991027703205, 18.943740859055268], [98.47380973246055, 18.96073393553997], [98.44896163177971, 18.960705783606773], [98.4306089730649, 18.951554174516453], [98.42764793723659, 18.961042224755825], [98.41744836638065, 18.96330029092772], [98.40960236546304, 18.970732410443365], [98.41198714343267, 18.97888716801895], [98.40164030106752, 18.987111887210588], [98.40110410990164, 19.00305876172955], [98.40393085746562, 19.00575197366376], [98.40838805343887, 19.002903712410376], [98.4197568134991, 19.013111235517307], [98.42141447585706, 19.028147751544772], [98.42840261320025, 19.04177969694832], [98.4382309096059, 19.04799363937748], [98.47875272933105, 19.04316905331403], [98.51328600926033, 19.03345997176663], [98.52853383124284, 19.024654124286272], [98.54137734155357, 19.025459143224023], [98.55313963444438, 19.031653765056816], [98.55535331280079, 19.037856541573483], [98.56386489954103, 19.037729976307585], [98.56697055057307, 19.045326490820383], [98.5801032627612, 19.04830077723141], [98.59492235612707, 19.04362987661965], [98.60276081598045, 19.0530571878003], [98.63256445407504, 19.062330394200018], [98.64031283575721, 19.069058265039548], [98.64617904781957, 19.069971102208324], [98.66572213561939, 19.075113750053347], [98.69035190450322, 19.067029752791285], [98.71368188419532, 19.05345235882685], [98.72562903000112, 19.056635913487685], [98.72691823277118, 19.069773922174846], [98.73823308653589, 19.073988273953475], [98.75397611155903, 19.07151783838153], [98.77033953609015, 19.07504777919695], [98.76972436291825, 19.0657947908252], [98.76126636045655, 19.061527339157756], [98.7574784858487, 19.049247096680258], [98.75057765863167, 19.04551667453904], [98.74777369879891, 19.023720947268433], [98.76309406516712, 18.987457358821334], [98.77421966793149, 18.976668989986788], [98.78167869485354, 18.970839591463243], [98.78640252888135, 18.961122803991366], [98.78453961653496, 18.952975423154196], [98.79903862753521, 18.93375831480652], [98.79988847704321, 18.92367990289378], [98.78903645149882, 18.90411360639249], [98.78304760269147, 18.87508645718049]]]]}}, {"type": "Feature", "properties": {"amp_code": "5009", "amp_th": "ฝาง", "amp_en": "Fang", "pro_code": "50", "pro_th": "เชียงใหม่", "pro_en": "Chiang Mai", "reg_nesdb": "UpperNorth", "reg_royin": "North", "perimeter": 148.90901657751, "area_sqkm": 841.48015212438, "villages": 119, "high_risk_total": 31, "gap_status": "🟢 สมดุลตามเกณฑ์", "total_budget": 1004.498974, "total_projects": 407, "avg_budget_per_high": 32.40319270967742, "high_p1": 0, "proj_p1": 33, "budget_p1": 68.28880000000001, "high_p2": 3, "proj_p2": 83, "budget_p2": 885.4524740000002, "high_p3": 11, "proj_p3": 4, "budget_p3": 12.207999999999998, "high_p4": 4, "proj_p4": 284, "budget_p4": 24.874699999999997, "high_p5": 13, "proj_p5": 3, "budget_p5": 13.675}, "geometry": {"type": "MultiPolygon", "coordinates": [[[[99.2923556173674, 19.882727846607462], [99.30352834393078, 19.87318895951391], [99.31852808416409, 19.84420905717163], [99.3259382592387, 19.839989062987723], [99.33997666634981, 19.81887785543559], [99.34171867204823, 19.809356552635283], [99.36260924120265, 19.776557060842887], [99.36607014850989, 19.767063637447198], [99.36529495611873, 19.752561147642645], [99.3598211336604, 19.749154053042627], [99.36104544944028, 19.728285546281292], [99.34959742708266, 19.72464379517412], [99.34580275062285, 19.712123803190156], [99.34089728487344, 19.712652812450102], [99.32138891583676, 19.73621181088932], [99.29753480468834, 19.754017231326326], [99.2407997185574, 19.759244505953358], [99.23161761222913, 19.768234769000948], [99.21206723064289, 19.76624603732313], [99.20109687129502, 19.751765760460803], [99.19263406154138, 19.750683855785766], [99.18380685375053, 19.742810674434985], [99.16979886791417, 19.743757562485264], [99.16556400802405, 19.750860037119775], [99.16970029608332, 19.76026812024789], [99.16323677529161, 19.768072989398366], [99.15929252028242, 19.760528458502527], [99.11861143267039, 19.765636531553742], [99.04857905634616, 19.762845197575125], [99.03423274910058, 19.800851046925438], [99.01688918109001, 19.795621156831192], [99.03384893290242, 19.84965028104608], [99.02459879042587, 19.86347365900683], [99.02743570216674, 19.891799185359094], [99.02285567273991, 19.90331724452128], [99.02696029737942, 19.913946202965423], [99.02322712553193, 19.928150296254593], [99.0299983532742, 19.92659043841444], [99.04350926783262, 19.931880936076393], [99.04331667455924, 19.950546416858945], [99.03744988594272, 19.96650890369561], [99.03058298343724, 19.971367464572122], [99.03788936839744, 19.992028519948764], [99.05452807532262, 20.00294504096785], [99.0463625720832, 20.008667594101105], [99.04361962008355, 20.017176333940657], [99.04464872129078, 20.038762432667923], [99.05361796889765, 20.05017775743744], [99.05686890974816, 20.06314206631618], [99.06691765220354, 20.067620717768012], [99.0674437681495, 20.087433309287178], [99.07298892127376, 20.097351036430403], [99.07967633468563, 20.101730893831107], [99.09237004291433, 20.099235125676177], [99.09477952603646, 20.105369693099643], [99.10058330314439, 20.097599531111918], [99.13171832234818, 20.105800073769704], [99.13774519871443, 20.09474599164279], [99.1359258749694, 20.082514111308768], [99.1423464500829, 20.074836977521088], [99.14329928051922, 20.04914961588795], [99.1502831841634, 20.023520416061636], [99.16485833936346, 20.008666990605075], [99.17300220123431, 20.004305811392157], [99.18081489557662, 20.00621378400003], [99.18358516141659, 20.00048168954883], [99.20620523803531, 19.987096103533432], [99.21385416475749, 19.985754134113325], [99.22547933374703, 19.966925376371677], [99.24456370419392, 19.962280101761156], [99.24668586240396, 19.95639428608312], [99.25088785267967, 19.931729516340273], [99.24854572645427, 19.922298477568994], [99.24344365633877, 19.922111247720427], [99.24419801086844, 19.912065891849842], [99.24640390740853, 19.901666086026125], [99.25859180566943, 19.900356539323486], [99.27440236381427, 19.887066939947168], [99.28728348193376, 19.890514468653343], [99.2923556173674, 19.882727846607462]]]]}}, {"type": "Feature", "properties": {"amp_code": "5006", "amp_th": "แม่แตง", "amp_en": "Mae Taeng", "pro_code": "50", "pro_th": "เชียงใหม่", "pro_en": "Chiang Mai", "reg_nesdb": "UpperNorth", "reg_royin": "North", "perimeter": 209.81029601962, "area_sqkm": 1417.6423102309, "villages": 147, "high_risk_total": 10, "gap_status": "🔵 งบประมาณสูง - ความเสี่ยงต่ำ (โครงการโครงสร้างพื้นฐานหลัก)", "total_budget": 4836.0883947600005, "total_projects": 646, "avg_budget_per_high": 483.60883947600007, "high_p1": 3, "proj_p1": 43, "budget_p1": 106.35136, "high_p2": 0, "proj_p2": 269, "budget_p2": 4414.22423476, "high_p3": 1, "proj_p3": 26, "budget_p3": 124.7598, "high_p4": 0, "proj_p4": 295, "budget_p4": 162.844, "high_p5": 6, "proj_p5": 13, "budget_p5": 27.909}, "geometry": {"type": "MultiPolygon", "coordinates": [[[[98.97619252226728, 19.104378495728877], [98.97288413620906, 19.10554614854543], [98.97185254696564, 19.098846869371357], [98.96101756881023, 19.0994752685565], [98.95919677802856, 19.105234086334924], [98.94564537641058, 19.09997522009218], [98.93862170521152, 19.090704946589085], [98.9406997808304, 19.081410437738562], [98.95050139251362, 19.074759377648274], [98.94299743149178, 19.075595450682837], [98.94105370065225, 19.07097661067273], [98.94846377120533, 19.065743780166486], [98.94571319943871, 19.05593262954398], [98.95312090150273, 19.055170978402455], [98.95872807476437, 19.04115265331457], [98.93346312578787, 19.044258752721305], [98.9193564143899, 19.036697647921294], [98.91174646940611, 19.04153835413998], [98.89601467389329, 19.038875355234374], [98.88854492066805, 19.029184888090267], [98.87944109254504, 19.02766084574857], [98.85874737673836, 19.02725078920379], [98.84213859307076, 19.034243784869403], [98.83634180699002, 19.03199288611151], [98.83473032962443, 19.035721738599406], [98.82137394731126, 19.03175082072359], [98.81049974134493, 19.034738222734777], [98.77561283533804, 19.058590051058296], [98.77034993619864, 19.07504553276102], [98.77033953609015, 19.07504777919695], [98.75397611155903, 19.07151783838153], [98.73823308653589, 19.073988273953475], [98.72691823277118, 19.069773922174846], [98.72562903000112, 19.056635913487685], [98.71368188419532, 19.05345235882685], [98.69035190450322, 19.067029752791285], [98.66572213561939, 19.075113750053347], [98.64617904781957, 19.069971102208324], [98.64031283575721, 19.069058265039548], [98.65169338633476, 19.094310528308174], [98.64349701898631, 19.105422234868325], [98.63896935881296, 19.135352212448183], [98.63221103122997, 19.142313451519456], [98.63342070193464, 19.15580420574424], [98.62179637774585, 19.157847952129874], [98.62073582445636, 19.16871548466067], [98.60774351729226, 19.172540372312696], [98.60515005511411, 19.180758813681038], [98.58217081353655, 19.18882346702448], [98.57680283932336, 19.201752605029736], [98.56885745474361, 19.20667524190437], [98.56936732573757, 19.215679846973995], [98.58207950839481, 19.216744048145962], [98.59832245505099, 19.22910726327316], [98.58730425276444, 19.255263774749686], [98.59134164479472, 19.267111658325877], [98.60221148165478, 19.277908049041848], [98.59385156481888, 19.289319521462986], [98.59962116891609, 19.29843050195042], [98.60147376319827, 19.314588605185783], [98.588744116328, 19.332537616040774], [98.59356670379375, 19.340207453006528], [98.58999237629457, 19.353176840533017], [98.59478182296567, 19.35344285785276], [98.62306389007396, 19.34391509767292], [98.63024808035516, 19.35058120574436], [98.64036990794828, 19.34993949060977], [98.66029945174192, 19.334993991726158], [98.68159585558008, 19.333421537209535], [98.68599136943963, 19.337859680452944], [98.6947095312221, 19.334618812619475], [98.69493816297643, 19.32893248836991], [98.70340085099056, 19.323149028328068], [98.70463830489136, 19.3109484239877], [98.70030228467529, 19.3084154282267], [98.70085939697681, 19.304997981829413], [98.7047859578495, 19.306908987052545], [98.70460381835767, 19.298178648151296], [98.71430157951077, 19.311426969367922], [98.73065369890546, 19.31487697927658], [98.74590743090145, 19.325382149499283], [98.76266745095803, 19.320980957234976], [98.78581551358253, 19.304715267014732], [98.81093807679201, 19.28820687760934], [98.82593717013168, 19.295978120366954], [98.86574118714124, 19.294850415668805], [98.88646603048548, 19.286082376742797], [98.89421673094846, 19.268296866987818], [98.89941760923436, 19.266218933381083], [98.93693127034602, 19.27831876810098], [98.97219836381011, 19.265340738145753], [98.98187466891338, 19.268882371124988], [98.97858675818078, 19.27744950516774], [98.98149894559086, 19.28315018144748], [98.99409281423151, 19.268542011472405], [99.00283325242157, 19.271303022449022], [99.00597242778566, 19.266840710848754], [99.01498964588968, 19.2673621060692], [99.03641208845333, 19.258678628831326], [99.05623786189321, 19.268409193149495], [99.06766677087764, 19.26139678612842], [99.07652417809466, 19.26254104984305], [99.08073318962008, 19.25618139866644], [99.08497815836743, 19.25964533654944], [99.1035264300024, 19.25581745969395], [99.12286299720853, 19.23355303885399], [99.12282814543634, 19.22586669968407], [99.13034028172451, 19.2173866223187], [99.15462493422443, 19.20143693365943], [99.15355781082826, 19.18998733348491], [99.14072425957966, 19.18120865563188], [99.13980555655382, 19.169993805939704], [99.12823876387718, 19.16146404580115], [99.13413725819849, 19.14670831797972], [99.10851715645849, 19.130568335282554], [99.13616870340145, 19.098053091821814], [99.13422888150605, 19.088293913617804], [99.12399258764638, 19.079681467518334], [99.11591861866421, 19.07920546731657], [99.11373056419372, 19.07142770030141], [99.10291096094929, 19.060460113809693], [99.09697902999325, 19.044369542003565], [99.07832237592979, 19.040065175524933], [99.05868201447794, 19.05804835375444], [99.03648346957155, 19.057342362670862], [99.02873206644082, 19.061322555735583], [98.99718789582951, 19.08694420113055], [98.9839859772324, 19.08934301490881], [98.98038348836182, 19.098563290463765], [98.97619252226728, 19.104378495728877]]]]}}, {"type": "Feature", "properties": {"amp_code": "5007", "amp_th": "แม่ริม", "amp_en": "Mae Rim", "pro_code": "50", "pro_th": "เชียงใหม่", "pro_en": "Chiang Mai", "reg_nesdb": "UpperNorth", "reg_royin": "North", "perimeter": 103.75289003292, "area_sqkm": 460.43261780107, "villages": 92, "high_risk_total": 32, "gap_status": "🟢 สมดุลตามเกณฑ์", "total_budget": 1447.59805, "total_projects": 197, "avg_budget_per_high": 45.2374390625, "high_p1": 0, "proj_p1": 30, "budget_p1": 57.48790000000001, "high_p2": 0, "proj_p2": 112, "budget_p2": 848.567, "high_p3": 7, "proj_p3": 10, "budget_p3": 530.4, "high_p4": 0, "proj_p4": 44, "budget_p4": 0.8151499999999999, "high_p5": 25, "proj_p5": 1, "budget_p5": 10.328}, "geometry": {"type": "MultiPolygon", "coordinates": [[[[98.99936264023088, 18.875950654362878], [99.00368841305361, 18.861251712085526], [99.00392840550761, 18.84801239015193], [98.99506252848676, 18.849843661523607], [98.98485674209766, 18.845530925017695], [98.9820123076661, 18.842268005591702], [98.95546496772772, 18.835594740670068], [98.95019471995346, 18.840123634509748], [98.9236476738341, 18.837660871140663], [98.89550441774863, 18.842847369753457], [98.88702512916127, 18.831710048813036], [98.87110599931704, 18.834518401915233], [98.86737292652295, 18.837673380694323], [98.86230731284179, 18.84693349156821], [98.86509423924612, 18.85662069557692], [98.85240262291335, 18.860624990650546], [98.8458018064291, 18.858996222744562], [98.83269833427386, 18.844186609857747], [98.82045952498257, 18.8507547506677], [98.80221421461407, 18.844131889846317], [98.79622869081287, 18.849042008759575], [98.78955859333229, 18.848116125829154], [98.78927336164037, 18.863450686639386], [98.78304760269147, 18.87508645718049], [98.78903645149882, 18.90411360639249], [98.79988847704321, 18.92367990289378], [98.79903862753521, 18.93375831480652], [98.78453961653496, 18.952975423154196], [98.78640252888135, 18.961122803991366], [98.78167869485354, 18.970839591463243], [98.77421966793149, 18.976668989986788], [98.76309406516712, 18.987457358821334], [98.74777369879891, 19.023720947268433], [98.75057765863167, 19.04551667453904], [98.7574784858487, 19.049247096680258], [98.76126636045655, 19.061527339157756], [98.76972436291825, 19.0657947908252], [98.77033953609015, 19.07504777919695], [98.77034993619864, 19.07504553276102], [98.77561283533804, 19.058590051058296], [98.81049974134493, 19.034738222734777], [98.82137394731126, 19.03175082072359], [98.83473032962443, 19.035721738599406], [98.83634180699002, 19.03199288611151], [98.84213859307076, 19.034243784869403], [98.85874737673836, 19.02725078920379], [98.87944109254504, 19.02766084574857], [98.88854492066805, 19.029184888090267], [98.89601467389329, 19.038875355234374], [98.91174646940611, 19.04153835413998], [98.9193564143899, 19.036697647921294], [98.93346312578787, 19.044258752721305], [98.95872807476437, 19.04115265331457], [98.9559980359622, 19.0349273303535], [98.960946154559, 19.032727770156445], [98.9577619252586, 19.028440952203717], [98.96083806883921, 19.025070576074825], [98.95558239592438, 19.017692379960444], [98.96892923897396, 18.99805844861054], [98.96083975644014, 18.988675770556732], [98.9643476425512, 18.971475431488518], [98.97255271475771, 18.965484809776854], [98.97554906468008, 18.9517241326511], [98.97730273745688, 18.93623928366285], [98.99409704862259, 18.906035178643183], [98.99193584802111, 18.893507572789954], [98.99984268219923, 18.885233628644766], [98.99936264023088, 18.875950654362878]]]]}}, {"type": "Feature", "properties": {"amp_code": "5004", "amp_th": "เชียงดาว", "amp_en": "Chiang Dao", "pro_code": "50", "pro_th": "เชียงใหม่", "pro_en": "Chiang Mai", "reg_nesdb": "UpperNorth", "reg_royin": "North", "perimeter": 271.6525768519, "area_sqkm": 2071.86032286431, "villages": 83, "high_risk_total": 12, "gap_status": "🟢 สมดุลตามเกณฑ์", "total_budget": 892.1365436699999, "total_projects": 680, "avg_budget_per_high": 74.3447119725, "high_p1": 3, "proj_p1": 36, "budget_p1": 95.5087, "high_p2": 3, "proj_p2": 105, "budget_p2": 754.75994367, "high_p3": 6, "proj_p3": 15, "budget_p3": 26.1896, "high_p4": 0, "proj_p4": 523, "budget_p4": 13.0033, "high_p5": 0, "proj_p5": 1, "budget_p5": 2.675}, "geometry": {"type": "MultiPolygon", "coordinates": [[[[99.08516944865706, 19.325927864782575], [99.08338031639668, 19.311288130052656], [99.09181161266254, 19.28639507820203], [99.09190571483047, 19.28073760783029], [99.07652417809466, 19.26254104984305], [99.06766677087764, 19.26139678612842], [99.05623786189321, 19.268409193149495], [99.03641208845333, 19.258678628831326], [99.01498964588968, 19.2673621060692], [99.00597242778566, 19.266840710848754], [99.00283325242157, 19.271303022449022], [98.99409281423151, 19.268542011472405], [98.98149894559086, 19.28315018144748], [98.97858675818078, 19.27744950516774], [98.98187466891338, 19.268882371124988], [98.97219836381011, 19.265340738145753], [98.93693127034602, 19.27831876810098], [98.89941760923436, 19.266218933381083], [98.89421673094846, 19.268296866987818], [98.88646603048548, 19.286082376742797], [98.86574118714124, 19.294850415668805], [98.82593717013168, 19.295978120366954], [98.81093807679201, 19.28820687760934], [98.78581551358253, 19.304715267014732], [98.76266745095803, 19.320980957234976], [98.74590743090145, 19.325382149499283], [98.73065369890546, 19.31487697927658], [98.71430157951077, 19.311426969367922], [98.70460381835767, 19.298178648151296], [98.7047859578495, 19.306908987052545], [98.70085939697681, 19.304997981829413], [98.70030228467529, 19.3084154282267], [98.70463830489136, 19.3109484239877], [98.70340085099056, 19.323149028328068], [98.69493816297643, 19.32893248836991], [98.6947095312221, 19.334618812619475], [98.68599136943963, 19.337859680452944], [98.68159585558008, 19.333421537209535], [98.66029945174192, 19.334993991726158], [98.64036990794828, 19.34993949060977], [98.63024808035516, 19.35058120574436], [98.62306389007396, 19.34391509767292], [98.59478182296567, 19.35344285785276], [98.58131523978051, 19.36563968232791], [98.57569758442776, 19.378619830118648], [98.57339539658923, 19.38801532259794], [98.57714446837183, 19.39751757650296], [98.58704139253734, 19.397578732230535], [98.59611584065769, 19.4069932156828], [98.58613880351314, 19.415309766786805], [98.58980874580223, 19.4241383092109], [98.64018558568881, 19.440335733417918], [98.6518371030342, 19.436648713973874], [98.65877471572828, 19.429163311750333], [98.6839719776838, 19.432814749064658], [98.70733115411076, 19.430705320005057], [98.71539099428374, 19.441619240875518], [98.75960315479799, 19.452516540474736], [98.76491550300979, 19.45868912965912], [98.78391196582946, 19.46140132925725], [98.78840848547534, 19.466431313927078], [98.78616409490166, 19.477966911655944], [98.79076415743688, 19.487642065437292], [98.7791008285856, 19.49891337486211], [98.7900412741067, 19.50115179610032], [98.8092312694021, 19.49452619746939], [98.80287069909582, 19.512315821981023], [98.81101528305639, 19.546649840063054], [98.803697847081, 19.570673972563778], [98.7922409238257, 19.58497815032197], [98.79560070490055, 19.59120401682232], [98.79156968678637, 19.596257901752747], [98.80762848483644, 19.606645791412568], [98.8080087841186, 19.612890805645762], [98.78011794437107, 19.633330064407186], [98.78054051422541, 19.645670629849853], [98.75028678533496, 19.663101935312383], [98.74866937350471, 19.668942086506867], [98.75509482029506, 19.678548221894086], [98.74929614573922, 19.68764947772898], [98.75342729213384, 19.70174606129395], [98.74666828550927, 19.69896230686811], [98.73118898917564, 19.714849297430554], [98.72609997975691, 19.712986771767046], [98.70429217030322, 19.757664370966232], [98.71179888182876, 19.767933444567202], [98.73968179246135, 19.75340647369966], [98.751918857675, 19.759659296878823], [98.77818792485103, 19.7518226318457], [98.79680463153403, 19.775078596907132], [98.81342099552312, 19.780514315340568], [98.82868557591848, 19.79343200706381], [98.83209102684087, 19.808194718613606], [98.83890842785046, 19.812970204426016], [98.84984632800226, 19.806848214368145], [98.85306306510857, 19.797199497745183], [98.86858254796434, 19.7922412899871], [98.87474063660578, 19.782589777931207], [98.88533985557743, 19.77928259948382], [98.89658795425304, 19.7664705790037], [98.90891082403424, 19.760885670063203], [98.91692471228058, 19.743208777115708], [98.92919083095866, 19.757865205107436], [98.92760932096782, 19.771042688867905], [98.93398684055786, 19.77352805229568], [98.96539211044401, 19.74125915668082], [98.98095608308705, 19.73413131710035], [98.98775244228007, 19.750488819613633], [98.99189899525915, 19.781492546485673], [99.0036506422226, 19.781461063513024], [99.01304432571614, 19.79324025195614], [99.029453133913, 19.784427306031244], [99.01679981250714, 19.75995014074503], [99.02914900394647, 19.74434851050341], [99.02940621745545, 19.736802600430014], [99.02421051522872, 19.73162970990088], [99.02767697290663, 19.7022115414283], [99.03035878063449, 19.695471757161535], [99.03492038946268, 19.696162259618184], [99.05159896098172, 19.67991419925552], [99.06355459172723, 19.68074403259722], [99.07704576700623, 19.64342028951729], [99.076909947341, 19.634873543296365], [99.09087214426246, 19.63029653795915], [99.08883289523628, 19.60430690135376], [99.10107145394414, 19.60588420366086], [99.10888696403951, 19.601392732804555], [99.13470213006075, 19.570664945731256], [99.13601282272676, 19.56467686875855], [99.1140477491157, 19.5455310845264], [99.1169048675941, 19.52937533712262], [99.12136266307976, 19.52128413350218], [99.13047646077332, 19.525882224763464], [99.15487883414922, 19.513222234813956], [99.1581697245717, 19.493701337598104], [99.15523584363879, 19.47376103313815], [99.14395202412734, 19.477791907959862], [99.12653650692899, 19.455930300400592], [99.12333460579427, 19.429805813171974], [99.13273486448117, 19.41215617306279], [99.12606309888332, 19.41386219191761], [99.11104721839747, 19.40681612882317], [99.09832105401388, 19.38282263548864], [99.10603179845286, 19.372138451123025], [99.10321946125441, 19.35668622603389], [99.08516944865706, 19.325927864782575]]]]}}, {"type": "Feature", "properties": {"amp_code": "5005", "amp_th": "ดอยสะเก็ด", "amp_en": "Doi Saket", "pro_code": "50", "pro_th": "เชียงใหม่", "pro_en": "Chiang Mai", "reg_nesdb": "UpperNorth", "reg_royin": "North", "perimeter": 154.78397897791, "area_sqkm": 651.33490537021, "villages": 112, "high_risk_total": 111, "gap_status": "⚠️ เสี่ยงสูง - ได้รับงบประมาณต่อเนื่อง", "total_budget": 1357.0189027400002, "total_projects": 310, "avg_budget_per_high": 12.225395520180182, "high_p1": 1, "proj_p1": 45, "budget_p1": 91.80919999999998, "high_p2": 4, "proj_p2": 204, "budget_p2": 1187.4636027400002, "high_p3": 15, "proj_p3": 20, "budget_p3": 65.2219, "high_p4": 26, "proj_p4": 38, "budget_p4": 2.0692000000000004, "high_p5": 65, "proj_p5": 3, "budget_p5": 10.455}, "geometry": {"type": "MultiPolygon", "coordinates": [[[[99.1181082086521, 18.797625056334905], [99.11362050040495, 18.784025808929858], [99.09958917082675, 18.769352856769654], [99.09264577723839, 18.78165589843888], [99.08326155885308, 18.781675002619632], [99.08189841898015, 18.77737920697745], [99.07362894507845, 18.77850899858604], [99.05960106336082, 18.779404233080562], [99.05800113344415, 18.78927526653118], [99.04948211379399, 18.79851219590596], [99.05313085489098, 18.801953502659806], [99.0490504577346, 18.81329943128296], [99.05212418331149, 18.820774054669602], [99.07192039844107, 18.836478674597693], [99.07563658851471, 18.84328496830525], [99.09681314584101, 18.855175747685955], [99.10061174485642, 18.86646085457402], [99.11243845539586, 18.878455176370696], [99.12294712833565, 18.886091120931162], [99.11502476744336, 18.895401732747505], [99.1272389295736, 18.914587759918525], [99.12759572351719, 18.923697584711697], [99.11884790162442, 18.937117682952266], [99.08454103594731, 18.95207588991738], [99.07859990779052, 18.963235593941977], [99.0672114987212, 18.964361882605523], [99.06116160444829, 18.972239232232333], [99.07024927167294, 18.976669013274467], [99.06511873046723, 18.993456185849148], [99.0776968560732, 18.995168496327313], [99.08638686828613, 19.002496476913688], [99.07865476072584, 19.01242105198317], [99.08317544144334, 19.01689272740194], [99.07604082742459, 19.030018505117454], [99.08222164663715, 19.03557854205338], [99.07832237592979, 19.040065175524933], [99.09697902999325, 19.044369542003565], [99.10291096094929, 19.060460113809693], [99.11373056419372, 19.07142770030141], [99.1230222681603, 19.065402681253083], [99.12736666367616, 19.04990697335957], [99.135584636052, 19.046923218788923], [99.13451260115036, 19.04043497483837], [99.14261819535723, 19.039048394190274], [99.14560346301009, 19.029515863997567], [99.15208172807316, 19.025904622342708], [99.15305388877356, 19.011540715517715], [99.158913994314, 19.0073106623259], [99.18124611699496, 19.009868120433715], [99.18979702054416, 19.004310419735276], [99.20984642604986, 18.996676795891492], [99.22839640232203, 19.00053424197275], [99.25110510753441, 18.99834933930567], [99.25269234657728, 19.02899375642719], [99.28288301331791, 19.034099169453462], [99.29282007895685, 19.04755644733736], [99.301745155285, 19.0520472983992], [99.30406601129562, 19.066108172457817], [99.31731136394338, 19.070959352590933], [99.32119614602142, 19.079054764767424], [99.33176966152266, 19.081306715361578], [99.34089637895075, 19.097584660627277], [99.3450121925837, 19.085841823292863], [99.35166743933607, 19.08719390586357], [99.36493416862776, 19.079269358142348], [99.36567754736521, 19.069051006283196], [99.3835389108902, 19.06401926493465], [99.38319545310078, 19.043019103630733], [99.40156588528143, 19.00007223971366], [99.39287286934677, 18.997474535914442], [99.37338065403902, 18.982060660223457], [99.37751286127971, 18.96847671622452], [99.37503925346486, 18.95987343841859], [99.38662762476763, 18.944091462014644], [99.37788516872861, 18.920750632450638], [99.36978265101182, 18.91338771514209], [99.35610739485709, 18.91386067103536], [99.34849498061952, 18.90926477455071], [99.31704707569392, 18.91920041888554], [99.30186337075912, 18.906335715822305], [99.27939967076193, 18.90302802942682], [99.26284810164566, 18.8908207402468], [99.25595259780248, 18.88822749005382], [99.25690875018779, 18.88287243734289], [99.24848646610211, 18.87398169034025], [99.23477688308405, 18.867439200750397], [99.23791491664934, 18.8504520960128], [99.23520420208112, 18.83472073070044], [99.21859905348903, 18.829378129782363], [99.21945460066885, 18.818959902406224], [99.20900299009212, 18.81415812794786], [99.18244686310341, 18.803157543637273], [99.16658205770138, 18.80580804268509], [99.15250157286644, 18.789077411028945], [99.12903142160026, 18.800962973787367], [99.1181082086521, 18.797625056334905]]]]}}, {"type": "Feature", "properties": {"amp_code": "5013", "amp_th": "สันกำแพง", "amp_en": "San Kamphaeng", "pro_code": "50", "pro_th": "เชียงใหม่", "pro_en": "Chiang Mai", "reg_nesdb": "UpperNorth", "reg_royin": "North", "perimeter": 87.56916771444, "area_sqkm": 245.12788881199, "villages": 100, "high_risk_total": 79, "gap_status": "🚨 เสี่ยงสูงวิกฤติ - งบประมาณไม่เพียงพอ", "total_budget": 599.69767536, "total_projects": 213, "avg_budget_per_high": 7.591109814683544, "high_p1": 1, "proj_p1": 84, "budget_p1": 226.9868, "high_p2": 0, "proj_p2": 120, "budget_p2": 356.02737535999995, "high_p3": 16, "proj_p3": 2, "budget_p3": 4.495, "high_p4": 27, "proj_p4": 3, "budget_p4": 2.8885, "high_p5": 35, "proj_p5": 4, "budget_p5": 9.3}, "geometry": {"type": "MultiPolygon", "coordinates": [[[[99.22925388885966, 18.743893201058146], [99.2559829634384, 18.74009653398844], [99.26858232342376, 18.717635541103405], [99.26998156681249, 18.68371648922785], [99.26246701844714, 18.675907069726346], [99.26470824930313, 18.668840767521157], [99.25831312346985, 18.6690089663622], [99.24890448737483, 18.66117558983898], [99.24660708621857, 18.656415609551377], [99.23359699697852, 18.651803656293495], [99.21794947029667, 18.654433301185623], [99.21308924882163, 18.66042541246357], [99.20662961279285, 18.659972819715833], [99.20545405430647, 18.668522913536954], [99.18830897179825, 18.679232820969684], [99.1892481905157, 18.707063158822777], [99.17622687805083, 18.706495161221255], [99.15558430006749, 18.70999869231366], [99.13812122610605, 18.70169405039323], [99.12635715177461, 18.683540510993137], [99.1075357797125, 18.679242240890883], [99.10210391066288, 18.67762521152584], [99.09949424069386, 18.669426876274322], [99.0765271190939, 18.672363698169512], [99.07577923725142, 18.681204307957977], [99.0804039395069, 18.68081261967921], [99.08112570427932, 18.686102932427303], [99.07600272948685, 18.70654337146045], [99.06665738178599, 18.726358171712896], [99.07088827265426, 18.73256682915298], [99.05618455524596, 18.75088949043486], [99.05056909154644, 18.760055564504924], [99.04857041393886, 18.769257838923206], [99.04553530379904, 18.780047623233894], [99.0421512567856, 18.793962280865923], [99.04944325773, 18.79848961150306], [99.04948211379399, 18.79851219590596], [99.05800113344415, 18.78927526653118], [99.05960106336082, 18.779404233080562], [99.07362894507845, 18.77850899858604], [99.08189841898015, 18.77737920697745], [99.08326155885308, 18.781675002619632], [99.09264577723839, 18.78165589843888], [99.09958917082675, 18.769352856769654], [99.11362050040495, 18.784025808929858], [99.1181082086521, 18.797625056334905], [99.12903142160026, 18.800962973787367], [99.15250157286644, 18.789077411028945], [99.16658205770138, 18.80580804268509], [99.18244686310341, 18.803157543637273], [99.20900299009212, 18.81415812794786], [99.21467155933254, 18.80267250315521], [99.22587571050846, 18.793543484207994], [99.22826862726319, 18.777968346520094], [99.22462350145435, 18.766100388544057], [99.2146702368783, 18.760418212902742], [99.2165643038029, 18.75375058553655], [99.22925388885966, 18.743893201058146]]]]}}, {"type": "Feature", "properties": {"amp_code": "5014", "amp_th": "สันทราย", "amp_en": "San Sai", "pro_code": "50", "pro_th": "เชียงใหม่", "pro_en": "Chiang Mai", "reg_nesdb": "UpperNorth", "reg_royin": "North", "perimeter": 100.80215072606, "area_sqkm": 342.31658438601, "villages": 135, "high_risk_total": 68, "gap_status": "🟢 สมดุลตามเกณฑ์", "total_budget": 894.60310364, "total_projects": 250, "avg_budget_per_high": 13.155927994705882, "high_p1": 1, "proj_p1": 20, "budget_p1": 51.8299, "high_p2": 6, "proj_p2": 210, "budget_p2": 636.5043919999999, "high_p3": 7, "proj_p3": 18, "budget_p3": 202.36881164, "high_p4": 20, "proj_p4": 0, "budget_p4": 0.0, "high_p5": 34, "proj_p5": 2, "budget_p5": 3.9}, "geometry": {"type": "MultiPolygon", "coordinates": [[[[99.04948211379399, 18.79851219590596], [99.04944325773, 18.79848961150306], [99.04514130018255, 18.80037849262867], [99.03042378856419, 18.793386134274584], [99.02353362180817, 18.807264824033346], [99.01894381284174, 18.809538376526067], [99.01675556295079, 18.823485171192683], [99.01607915178924, 18.828042579045224], [99.00912142182887, 18.825159967397106], [99.00834333786341, 18.829332112100523], [99.01016140435264, 18.846320946048372], [99.00392840550761, 18.84801239015193], [99.00368841305361, 18.861251712085526], [98.99936264023088, 18.875950654362878], [98.99984268219923, 18.885233628644766], [98.99193584802111, 18.893507572789954], [98.99409704862259, 18.906035178643183], [98.97730273745688, 18.93623928366285], [98.97554906468008, 18.9517241326511], [98.97255271475771, 18.965484809776854], [98.9643476425512, 18.971475431488518], [98.96083975644014, 18.988675770556732], [98.96892923897396, 18.99805844861054], [98.95558239592438, 19.017692379960444], [98.96083806883921, 19.025070576074825], [98.9577619252586, 19.028440952203717], [98.960946154559, 19.032727770156445], [98.9559980359622, 19.0349273303535], [98.95872807476437, 19.04115265331457], [98.95312090150273, 19.055170978402455], [98.94571319943871, 19.05593262954398], [98.94846377120533, 19.065743780166486], [98.94105370065225, 19.07097661067273], [98.94299743149178, 19.075595450682837], [98.95050139251362, 19.074759377648274], [98.9406997808304, 19.081410437738562], [98.93862170521152, 19.090704946589085], [98.94564537641058, 19.09997522009218], [98.95919677802856, 19.105234086334924], [98.96101756881023, 19.0994752685565], [98.97185254696564, 19.098846869371357], [98.97288413620906, 19.10554614854543], [98.97619252226728, 19.104378495728877], [98.98038348836182, 19.098563290463765], [98.9839859772324, 19.08934301490881], [98.99718789582951, 19.08694420113055], [99.02873206644082, 19.061322555735583], [99.03648346957155, 19.057342362670862], [99.05868201447794, 19.05804835375444], [99.07832237592979, 19.040065175524933], [99.08222164663715, 19.03557854205338], [99.07604082742459, 19.030018505117454], [99.08317544144334, 19.01689272740194], [99.07865476072584, 19.01242105198317], [99.08638686828613, 19.002496476913688], [99.0776968560732, 18.995168496327313], [99.06511873046723, 18.993456185849148], [99.07024927167294, 18.976669013274467], [99.06116160444829, 18.972239232232333], [99.0672114987212, 18.964361882605523], [99.07859990779052, 18.963235593941977], [99.08454103594731, 18.95207588991738], [99.11884790162442, 18.937117682952266], [99.12759572351719, 18.923697584711697], [99.1272389295736, 18.914587759918525], [99.11502476744336, 18.895401732747505], [99.12294712833565, 18.886091120931162], [99.11243845539586, 18.878455176370696], [99.10061174485642, 18.86646085457402], [99.09681314584101, 18.855175747685955], [99.07563658851471, 18.84328496830525], [99.07192039844107, 18.836478674597693], [99.05212418331149, 18.820774054669602], [99.0490504577346, 18.81329943128296], [99.05313085489098, 18.801953502659806], [99.04948211379399, 18.79851219590596]]]]}}, {"type": "Feature", "properties": {"amp_code": "5011", "amp_th": "พร้าว", "amp_en": "Phrao", "pro_code": "50", "pro_th": "เชียงใหม่", "pro_en": "Chiang Mai", "reg_nesdb": "UpperNorth", "reg_royin": "North", "perimeter": 195.51421057491, "area_sqkm": 1280.91744762048, "villages": 109, "high_risk_total": 8, "gap_status": "🟢 สมดุลตามเกณฑ์", "total_budget": 662.61543708, "total_projects": 510, "avg_budget_per_high": 82.826929635, "high_p1": 0, "proj_p1": 12, "budget_p1": 26.8538, "high_p2": 0, "proj_p2": 76, "budget_p2": 422.084, "high_p3": 0, "proj_p3": 18, "budget_p3": 29.30963708, "high_p4": 2, "proj_p4": 399, "budget_p4": 151.1725, "high_p5": 6, "proj_p5": 5, "budget_p5": 33.195499999999996}, "geometry": {"type": "MultiPolygon", "coordinates": [[[[99.3206940788189, 19.12590148368703], [99.34089637895075, 19.097584660627277], [99.33176966152266, 19.081306715361578], [99.32119614602142, 19.079054764767424], [99.31731136394338, 19.070959352590933], [99.30406601129562, 19.066108172457817], [99.301745155285, 19.0520472983992], [99.29282007895685, 19.04755644733736], [99.28288301331791, 19.034099169453462], [99.25269234657728, 19.02899375642719], [99.25110510753441, 18.99834933930567], [99.22839640232203, 19.00053424197275], [99.20984642604986, 18.996676795891492], [99.18979702054416, 19.004310419735276], [99.18124611699496, 19.009868120433715], [99.158913994314, 19.0073106623259], [99.15305388877356, 19.011540715517715], [99.15208172807316, 19.025904622342708], [99.14560346301009, 19.029515863997567], [99.14261819535723, 19.039048394190274], [99.13451260115036, 19.04043497483837], [99.135584636052, 19.046923218788923], [99.12736666367616, 19.04990697335957], [99.1230222681603, 19.065402681253083], [99.11373056419372, 19.07142770030141], [99.11591861866421, 19.07920546731657], [99.12399258764638, 19.079681467518334], [99.13422888150605, 19.088293913617804], [99.13616870340145, 19.098053091821814], [99.10851715645849, 19.130568335282554], [99.13413725819849, 19.14670831797972], [99.12823876387718, 19.16146404580115], [99.13980555655382, 19.169993805939704], [99.14072425957966, 19.18120865563188], [99.15355781082826, 19.18998733348491], [99.15462493422443, 19.20143693365943], [99.13034028172451, 19.2173866223187], [99.12282814543634, 19.22586669968407], [99.12286299720853, 19.23355303885399], [99.1035264300024, 19.25581745969395], [99.08497815836743, 19.25964533654944], [99.08073318962008, 19.25618139866644], [99.07652417809466, 19.26254104984305], [99.09190571483047, 19.28073760783029], [99.09181161266254, 19.28639507820203], [99.08338031639668, 19.311288130052656], [99.08516944865706, 19.325927864782575], [99.10321946125441, 19.35668622603389], [99.10603179845286, 19.372138451123025], [99.09832105401388, 19.38282263548864], [99.11104721839747, 19.40681612882317], [99.12606309888332, 19.41386219191761], [99.13273486448117, 19.41215617306279], [99.12333460579427, 19.429805813171974], [99.12653650692899, 19.455930300400592], [99.14395202412734, 19.477791907959862], [99.15523584363879, 19.47376103313815], [99.1581697245717, 19.493701337598104], [99.15487883414922, 19.513222234813956], [99.13047646077332, 19.525882224763464], [99.12136266307976, 19.52128413350218], [99.1169048675941, 19.52937533712262], [99.1140477491157, 19.5455310845264], [99.13601282272676, 19.56467686875855], [99.13470213006075, 19.570664945731256], [99.15966404073879, 19.582745273086502], [99.1673866044812, 19.57083414769245], [99.19660855417085, 19.58143455773392], [99.20845231071974, 19.57848194785277], [99.20961520980005, 19.571090521402894], [99.22471154494812, 19.572084508895724], [99.2363147837149, 19.581147426791286], [99.2454933840703, 19.58011398076752], [99.26463931917799, 19.567532171495788], [99.29540967035781, 19.56995154659707], [99.30693313300016, 19.555037003246927], [99.31684143853177, 19.554312742104585], [99.32589527135396, 19.539353868955292], [99.30877904317514, 19.52654902101224], [99.29843079151021, 19.505433141986337], [99.29497587432402, 19.49250443135083], [99.2993966238284, 19.48648522939568], [99.30795356180283, 19.488251195205883], [99.30600409895735, 19.473273198662522], [99.31068819271502, 19.471245429182826], [99.31735835552415, 19.454612314205136], [99.30945639871852, 19.431533755689568], [99.31229881060132, 19.42567279776255], [99.32036905177696, 19.40636887042309], [99.32953543258266, 19.399118210648595], [99.32377101046524, 19.39610788431032], [99.33180762113422, 19.37743156874789], [99.33282430373576, 19.36166202033134], [99.31897537750902, 19.355855525396375], [99.3164180407541, 19.350498638482556], [99.32902739467131, 19.325992120265063], [99.3289515776169, 19.31397042425446], [99.33827852922536, 19.298070352832287], [99.33693845013785, 19.289735927969765], [99.34241492780507, 19.268955762197947], [99.3356312042514, 19.261230133319234], [99.33721247111376, 19.254740682219058], [99.32211339795634, 19.243419240206254], [99.3182306553743, 19.228900729849716], [99.31091281759437, 19.224665731375453], [99.31089469911612, 19.213764415912728], [99.31476535320266, 19.208723983214785], [99.30375649761172, 19.19355293211337], [99.30875170914513, 19.17480550065364], [99.31957700133474, 19.16488421516267], [99.32410711206279, 19.13542776729141], [99.3206940788189, 19.12590148368703]]]]}}, {"type": "Feature", "properties": {"amp_code": "5012", "amp_th": "สันป่าตอง", "amp_en": "San Pa Tong", "pro_code": "50", "pro_th": "เชียงใหม่", "pro_en": "Chiang Mai", "reg_nesdb": "UpperNorth", "reg_royin": "North", "perimeter": 72.31162881906, "area_sqkm": 177.3796884442, "villages": 120, "high_risk_total": 79, "gap_status": "⚠️ เสี่ยงสูง - ได้รับงบประมาณต่อเนื่อง", "total_budget": 1352.4033, "total_projects": 164, "avg_budget_per_high": 17.11902911392405, "high_p1": 1, "proj_p1": 16, "budget_p1": 97.57059999999998, "high_p2": 0, "proj_p2": 82, "budget_p2": 377.0249, "high_p3": 18, "proj_p3": 46, "budget_p3": 877.5857999999998, "high_p4": 22, "proj_p4": 20, "budget_p4": 0.222, "high_p5": 38, "proj_p5": 0, "budget_p5": 0.0}, "geometry": {"type": "MultiPolygon", "coordinates": [[[[98.88366176792513, 18.515905308947445], [98.87770904700652, 18.51131807740293], [98.87304557672317, 18.51686895293701], [98.86492770637967, 18.51494046270792], [98.85977971568754, 18.501501491246678], [98.8464500262663, 18.499627025117515], [98.84682667838294, 18.5071809722578], [98.85770047800196, 18.50918915563867], [98.8581333993595, 18.529194293785952], [98.85738399106135, 18.541337592191777], [98.85349233484816, 18.54536109892022], [98.85781848091166, 18.55052743174338], [98.83423411667476, 18.57657633667667], [98.83671999463036, 18.5839208182043], [98.83218725344962, 18.605640963515572], [98.8334807454916, 18.62067012947353], [98.82929410978889, 18.63142503196352], [98.81778463602026, 18.64045112944687], [98.82360766819515, 18.644548644329618], [98.82229809223108, 18.659053415608795], [98.82783307948145, 18.666842547172404], [98.80661467541688, 18.685570057333585], [98.81257938927214, 18.69160330514978], [98.8082335023053, 18.695741689896266], [98.82289794275907, 18.707724628168297], [98.82326904658561, 18.71884391645591], [98.83468048316662, 18.714322929073695], [98.83422721206286, 18.704341233938106], [98.8545730629038, 18.689790028728357], [98.87385246898685, 18.680039557667204], [98.88366246612895, 18.680623196127083], [98.88568930345424, 18.66545753223422], [98.89328148174806, 18.66636919007415], [98.89429808257053, 18.655041732798537], [98.91834455446424, 18.64217451366475], [98.91987822914022, 18.634371946235294], [98.92459557779323, 18.628078889611686], [98.92472337127147, 18.616394980807584], [98.93314365397339, 18.59683071132579], [98.9443590109194, 18.592037387181172], [98.9533097019492, 18.596886496111324], [98.96172507088323, 18.596318993921326], [98.94775871667377, 18.570854163244192], [98.9327632626253, 18.5546756915215], [98.93514175096297, 18.543070423625437], [98.92232431854889, 18.53616157539517], [98.91496324548216, 18.536708602680974], [98.9026865957046, 18.52715613477766], [98.88366176792513, 18.515905308947445]]]]}}, {"type": "Feature", "properties": {"amp_code": "5010", "amp_th": "แม่อาย", "amp_en": "Mae Ai", "pro_code": "50", "pro_th": "เชียงใหม่", "pro_en": "Chiang Mai", "reg_nesdb": "UpperNorth", "reg_royin": "North", "perimeter": 165.0546385518, "area_sqkm": 755.8706888325, "villages": 93, "high_risk_total": 30, "gap_status": "🟢 สมดุลตามเกณฑ์", "total_budget": 1651.9255237800005, "total_projects": 240, "avg_budget_per_high": 55.06418412600001, "high_p1": 1, "proj_p1": 60, "budget_p1": 83.67670000000001, "high_p2": 0, "proj_p2": 79, "budget_p2": 779.0615237800001, "high_p3": 7, "proj_p3": 19, "budget_p3": 146.6822, "high_p4": 0, "proj_p4": 73, "budget_p4": 533.1355, "high_p5": 22, "proj_p5": 9, "budget_p5": 109.3696}, "geometry": {"type": "MultiPolygon", "coordinates": [[[[99.40039242921547, 19.911753514600665], [99.3834471734075, 19.890373991811465], [99.38657057113694, 19.869022627329805], [99.40331799827358, 19.84952954818395], [99.41417037972505, 19.844920820714755], [99.40869916733655, 19.83157946911949], [99.42017331555986, 19.821086075262738], [99.41862268423513, 19.81327974650612], [99.39179931850505, 19.81369077259384], [99.39094340122631, 19.807771327384586], [99.3779826660644, 19.796216359347053], [99.376778018348, 19.782311317551773], [99.36260924120265, 19.776557060842887], [99.34171867204823, 19.809356552635283], [99.33997666634981, 19.81887785543559], [99.3259382592387, 19.839989062987723], [99.31852808416409, 19.84420905717163], [99.30352834393078, 19.87318895951391], [99.2923556173674, 19.882727846607462], [99.28728348193376, 19.890514468653343], [99.27440236381427, 19.887066939947168], [99.25859180566943, 19.900356539323486], [99.24640390740853, 19.901666086026125], [99.24419801086844, 19.912065891849842], [99.24344365633877, 19.922111247720427], [99.24854572645427, 19.922298477568994], [99.25088785267967, 19.931729516340273], [99.24668586240396, 19.95639428608312], [99.24456370419392, 19.962280101761156], [99.22547933374703, 19.966925376371677], [99.21385416475749, 19.985754134113325], [99.20620523803531, 19.987096103533432], [99.18358516141659, 20.00048168954883], [99.18081489557662, 20.00621378400003], [99.17300220123431, 20.004305811392157], [99.16485833936346, 20.008666990605075], [99.1502831841634, 20.023520416061636], [99.14329928051922, 20.04914961588795], [99.1423464500829, 20.074836977521088], [99.1359258749694, 20.082514111308768], [99.13774519871443, 20.09474599164279], [99.13171832234818, 20.105800073769704], [99.12652452451135, 20.118107168858515], [99.14458109255271, 20.12259123840795], [99.15030889251071, 20.128591237854636], [99.16015539706744, 20.133010473640738], [99.18123664923588, 20.126874581657244], [99.21232420771027, 20.130669109777383], [99.22555175890777, 20.1194089869857], [99.23162574222083, 20.125209339070288], [99.24255357685436, 20.11369793106432], [99.25878067768187, 20.112836734685487], [99.26275211572127, 20.105393808153405], [99.2949420220487, 20.08181410793838], [99.31574645272582, 20.070267872714332], [99.3251771000925, 20.070286916412506], [99.34798755359031, 20.074608100490156], [99.3812967558566, 20.089320755199818], [99.39984913819183, 20.0862028083614], [99.42055902069879, 20.092812288765856], [99.42767996441084, 20.088943408294273], [99.4390658937709, 20.090252851446262], [99.44329782902986, 20.09811975980785], [99.45394720899048, 20.09812206009876], [99.469570062483, 20.107361537421685], [99.4986862600465, 20.115746425069528], [99.49512957869031, 20.131407351417387], [99.51282018808675, 20.14710701170501], [99.52018155992609, 20.137981382562405], [99.54410816728034, 20.12965676787387], [99.55724972712204, 20.129570532427497], [99.57052246238823, 20.122468518815772], [99.57031603927193, 20.108076711420974], [99.55946402568152, 20.099653510600245], [99.5498381725354, 20.103930812458476], [99.4951408637896, 20.08043108265325], [99.49104160025168, 20.071492000361655], [99.49680999833062, 20.05105365547867], [99.48097072149096, 20.038475831327972], [99.4675946477066, 20.03334058510322], [99.46844510423242, 20.022474271441997], [99.47872100335, 20.012913338630433], [99.46724480567386, 20.00695732642267], [99.45253200051, 19.981218918293568], [99.43802886769635, 19.97234079792795], [99.43391440839378, 19.963682609442472], [99.42171551383977, 19.96274510136124], [99.4146867306708, 19.932563685976106], [99.42006072723025, 19.918404278874675], [99.40039242921547, 19.911753514600665]]]]}}, {"type": "Feature", "properties": {"amp_code": "5019", "amp_th": "สารภี", "amp_en": "Saraphi", "pro_code": "50", "pro_th": "เชียงใหม่", "pro_en": "Chiang Mai", "reg_nesdb": "UpperNorth", "reg_royin": "North", "perimeter": 53.63269967729, "area_sqkm": 106.68922355362, "villages": 106, "high_risk_total": 185, "gap_status": "🚨 เสี่ยงสูงวิกฤติ - งบประมาณไม่เพียงพอ", "total_budget": 558.59728721, "total_projects": 103, "avg_budget_per_high": 3.0194447957297297, "high_p1": 0, "proj_p1": 25, "budget_p1": 83.77090000000001, "high_p2": 62, "proj_p2": 59, "budget_p2": 323.21538721, "high_p3": 0, "proj_p3": 18, "budget_p3": 74.611, "high_p4": 52, "proj_p4": 1, "budget_p4": 77.0, "high_p5": 71, "proj_p5": 0, "budget_p5": 0.0}, "geometry": {"type": "MultiPolygon", "coordinates": [[[[99.06665738178599, 18.726358171712896], [99.07600272948685, 18.70654337146045], [99.08112570427932, 18.686102932427303], [99.0804039395069, 18.68081261967921], [99.07577923725142, 18.681204307957977], [99.0765271190939, 18.672363698169512], [99.06762641054071, 18.663626215908135], [99.06417486528234, 18.666831407006875], [99.027839838004, 18.671383045061475], [99.02092976199371, 18.67292266602509], [99.01050574024504, 18.672845585846325], [99.0043211830263, 18.66243176116506], [99.00539689312943, 18.645758805641904], [98.99846340903687, 18.641313285410437], [98.99112304559146, 18.63989749651298], [98.97862379119671, 18.635343570431466], [98.96547846450906, 18.614599250278893], [98.95424732966875, 18.620776639387493], [98.95341665511552, 18.63489502207159], [98.95461846607695, 18.639989389840775], [98.96288752825076, 18.65572757153176], [98.96443389914035, 18.6603112851073], [98.97402769525584, 18.67626384409843], [98.98306087249354, 18.679272277449552], [98.98611078654741, 18.68802019447482], [98.98587813893, 18.69517262838903], [98.98291724775686, 18.71073806811351], [98.9860693148726, 18.716765534150998], [98.98833683415248, 18.752147058032293], [98.99851604420697, 18.755271155711682], [99.00831657540203, 18.74943359353348], [99.02165231246492, 18.748074573095444], [99.02924171952768, 18.751966637319523], [99.03425684930613, 18.75751395364309], [99.04857041393886, 18.769257838923206], [99.05056909154644, 18.760055564504924], [99.05618455524596, 18.75088949043486], [99.07088827265426, 18.73256682915298], [99.06665738178599, 18.726358171712896]]]]}}, {"type": "Feature", "properties": {"amp_code": "5017", "amp_th": "ดอยเต่า", "amp_en": "Doi Tao", "pro_code": "50", "pro_th": "เชียงใหม่", "pro_en": "Chiang Mai", "reg_nesdb": "UpperNorth", "reg_royin": "North", "perimeter": 170.84476336128, "area_sqkm": 851.1196890532, "villages": 43, "high_risk_total": 25, "gap_status": "🟢 สมดุลตามเกณฑ์", "total_budget": 206.62079999999995, "total_projects": 48, "avg_budget_per_high": 8.264831999999998, "high_p1": 0, "proj_p1": 11, "budget_p1": 29.8818, "high_p2": 6, "proj_p2": 34, "budget_p2": 168.84300000000002, "high_p3": 6, "proj_p3": 1, "budget_p3": 1.996, "high_p4": 0, "proj_p4": 0, "budget_p4": 0.0, "high_p5": 13, "proj_p5": 2, "budget_p5": 5.9}, "geometry": {"type": "MultiPolygon", "coordinates": [[[[98.72688712712817, 17.793761753081657], [98.71574780391731, 17.798327414336075], [98.68518019463254, 17.791079006529266], [98.67186497978413, 17.819783329539717], [98.670824979832, 17.834029965381824], [98.65500728436842, 17.82707564696097], [98.64779426673189, 17.8165440045496], [98.63915614923552, 17.814494548195302], [98.631913550318, 17.801112826689877], [98.63157060922674, 17.785164520274204], [98.62403980599318, 17.77733624317335], [98.61468930921914, 17.779920089629055], [98.59855841692071, 17.802531833239073], [98.59068015561674, 17.805823657376678], [98.58980199243702, 17.801457277317844], [98.58196155939767, 17.801374022090528], [98.57145137725867, 17.80985664019676], [98.55938926193042, 17.796532887041305], [98.54447386499683, 17.811548024600867], [98.53121653686821, 17.814833855803933], [98.51886494766593, 17.824925920412], [98.50934043416461, 17.8126199654214], [98.49393058966137, 17.81374779495551], [98.48072085533687, 17.841075019355266], [98.47300813553397, 17.844459610300046], [98.45815516918381, 17.840029643484275], [98.45251584729986, 17.847901110383354], [98.4389598111867, 17.852637180648394], [98.43143882357654, 17.86416088082001], [98.43536267625234, 17.88058944447365], [98.43049153150129, 17.89457801791521], [98.43535756093942, 17.891819655269778], [98.44158409675795, 17.8983622064589], [98.45016002252346, 17.89142024702905], [98.46896706426331, 17.906508999171567], [98.48245580252735, 17.909664724957043], [98.49069659906968, 17.899992715270173], [98.51081174724455, 17.91286198585149], [98.51912048615527, 17.930004958753642], [98.57397519648632, 17.928217850556823], [98.59267666028794, 17.938161902701953], [98.59666325345322, 17.947026850176123], [98.57304601623665, 17.979255100784332], [98.58972847980198, 17.988036970720437], [98.59553992369975, 17.996903507480315], [98.60735726322652, 17.99398803829836], [98.6103922838713, 17.99923648952103], [98.60776917141693, 18.010216348481414], [98.58333789310767, 18.018655831548347], [98.59561704209027, 18.02922635717496], [98.6112747105696, 18.018847254565515], [98.61479847516111, 18.030790732153527], [98.60296917581724, 18.036410206291833], [98.59153324161294, 18.050371116949364], [98.59936220059792, 18.061665202066855], [98.61552502376743, 18.060431529236116], [98.61997445935667, 18.06619781849551], [98.6347800410454, 18.075564223894013], [98.6609491894145, 18.06509795126783], [98.68044754397057, 18.033853452151206], [98.68086063829311, 18.02252321639257], [98.69193515174919, 18.02750444156726], [98.69689428022593, 18.021963740536652], [98.72922380785378, 18.021401559381285], [98.73347476799272, 18.017883547636703], [98.77898243027343, 18.005537628319864], [98.77829530328638, 18.002620763779376], [98.78943770055145, 18.002971010751804], [98.80928249079832, 18.008370666575907], [98.83409358148691, 17.98870284326666], [98.83039726919105, 17.974932654937824], [98.84177775562046, 17.964968105059132], [98.8427244347673, 17.941729301026616], [98.85739986817562, 17.908587765788358], [98.8552802108092, 17.89740077314255], [98.86106750053712, 17.89537240177741], [98.8705591417875, 17.849816797514766], [98.86020070531318, 17.85655710113458], [98.85277250289525, 17.847617937771243], [98.85338707415534, 17.825741136520406], [98.85628784830305, 17.814597311889155], [98.82213346640266, 17.79730736265051], [98.80885644254738, 17.799655103978655], [98.80041006288975, 17.795724958512746], [98.79321535080746, 17.810266564239324], [98.79774507464327, 17.813856311953437], [98.7930374241756, 17.81982376340924], [98.79482284822666, 17.823834345541865], [98.78840396322028, 17.824630821961083], [98.79002137144275, 17.830536015559215], [98.78381456625955, 17.832553930718614], [98.77793102925821, 17.830861602204838], [98.7628624643379, 17.801410266042318], [98.74336914634783, 17.80543051927663], [98.72688712712817, 17.793761753081657]]]]}}, {"type": "Feature", "properties": {"amp_code": "5018", "amp_th": "อมก๋อย", "amp_en": "Omkoi", "pro_code": "50", "pro_th": "เชียงใหม่", "pro_en": "Chiang Mai", "reg_nesdb": "UpperNorth", "reg_royin": "North", "perimeter": 314.64973836561, "area_sqkm": 2815.74537411868, "villages": 95, "high_risk_total": 57, "gap_status": "🟢 สมดุลตามเกณฑ์", "total_budget": 824.8949999999999, "total_projects": 231, "avg_budget_per_high": 14.471842105263155, "high_p1": 18, "proj_p1": 46, "budget_p1": 135.52139999999994, "high_p2": 15, "proj_p2": 65, "budget_p2": 657.096, "high_p3": 12, "proj_p3": 3, "budget_p3": 10.7109, "high_p4": 0, "proj_p4": 114, "budget_p4": 10.3317, "high_p5": 12, "proj_p5": 3, "budget_p5": 11.235}, "geometry": {"type": "MultiPolygon", "coordinates": [[[[98.52282647926258, 17.572829758227055], [98.53882104070865, 17.551016319910904], [98.5364099219614, 17.540655571982], [98.52738842738233, 17.536468489058564], [98.52594407256274, 17.517950095718064], [98.51936698534993, 17.511672608438847], [98.52450806218216, 17.495297530138735], [98.5184425722823, 17.47770004737138], [98.52943312619122, 17.45206717396674], [98.54704555647014, 17.44587907334689], [98.54631280368233, 17.433257906421847], [98.55743096660044, 17.42040464225015], [98.55611546057668, 17.3963760978869], [98.53749740806973, 17.362183388250248], [98.54804316383807, 17.353910811410028], [98.55490859308141, 17.356580290691547], [98.5618580653241, 17.35132022565591], [98.55579896963664, 17.337386740550688], [98.56098043306764, 17.31801277174221], [98.55625686224272, 17.312782306578566], [98.55761913044728, 17.29378065113382], [98.57888656342972, 17.298761767764205], [98.5743294979146, 17.28465227123546], [98.54408810493302, 17.28300402566856], [98.53244992448319, 17.274350589311315], [98.51963780778593, 17.281105300473662], [98.50328288043906, 17.279864441399976], [98.49606682872592, 17.27284911424706], [98.48973258216682, 17.270261517330717], [98.47812810693054, 17.276747708250113], [98.46074527529169, 17.275682634467344], [98.45398854686484, 17.26924669463003], [98.44974318019403, 17.271346843977717], [98.4360388982141, 17.266155491566497], [98.43015194302804, 17.257185781136467], [98.39260721990374, 17.24233560427451], [98.37686745477956, 17.25569894469969], [98.37071091641906, 17.267021313460244], [98.36115616891004, 17.270805561161797], [98.35811518212378, 17.275023794587334], [98.3609788282291, 17.288473706663634], [98.33079868673406, 17.30155391240576], [98.31724392306728, 17.321156240693348], [98.33196190817115, 17.328988239736134], [98.33020944527492, 17.340424331600946], [98.33416377085953, 17.348796118585128], [98.31761024631041, 17.365337704060675], [98.31918688432394, 17.379501094167782], [98.29166663441433, 17.407990143172405], [98.32282288175355, 17.41671898343947], [98.32754169387441, 17.42933261458444], [98.31971334466571, 17.435351776911954], [98.31977514393469, 17.444241504401187], [98.32954854775559, 17.46923489265299], [98.32738089024305, 17.489039120224323], [98.31690146977336, 17.503138604959982], [98.31473502419922, 17.52697490838041], [98.3100000977643, 17.529871165251038], [98.30627909946637, 17.54891256002767], [98.29887489487903, 17.553044211599044], [98.30283315073214, 17.5662657214476], [98.29807804068078, 17.576369776417426], [98.26865715931517, 17.579500088660282], [98.25572498223437, 17.572776969365258], [98.24935960655237, 17.55792877279015], [98.24090379093043, 17.555275393722916], [98.2386419885866, 17.549749885195855], [98.22661830879102, 17.545133262265498], [98.2181695324895, 17.547034317070498], [98.20813621008624, 17.539793142131277], [98.1974309694971, 17.54239040702205], [98.17880308101067, 17.537468412142065], [98.16761859709099, 17.547421505182754], [98.13671356038991, 17.54120424219506], [98.12582969802918, 17.558810416206217], [98.12689364787076, 17.567751634426703], [98.10839720915443, 17.582505297597404], [98.10997204464472, 17.59196177516202], [98.10349315974692, 17.60037862537965], [98.10725061713909, 17.611622120094534], [98.09971795397895, 17.614976080754122], [98.10232735544504, 17.6223924285007], [98.0981126587624, 17.622108849796994], [98.08982501000327, 17.63662548506039], [98.12622506552214, 17.66026437859012], [98.14469489576736, 17.682336361463403], [98.15283518607995, 17.7294138861245], [98.14856593755968, 17.745801808243932], [98.14008389932317, 17.748841141811216], [98.13555847702122, 17.759785532065795], [98.14070911546617, 17.761491513524454], [98.14812011787075, 17.776536076508325], [98.13180571309196, 17.7963604990585], [98.11463668270464, 17.79813635683819], [98.10920887624404, 17.79426268195145], [98.10412303770445, 17.797356429524505], [98.08808903387445, 17.80994786339462], [98.07295380466189, 17.83003000374247], [98.06910329120423, 17.85299829791578], [98.05813010429134, 17.85941106055761], [98.05457879183356, 17.868128900626505], [98.05748998137848, 17.887013872780578], [98.04694345123188, 17.891549221963746], [98.04503326609439, 17.898641267661727], [98.04937851337972, 17.90550861677392], [98.049263671825, 17.924558452935432], [98.05994123649637, 17.93313407494628], [98.04745634381244, 17.9441862827781], [98.0553354307546, 17.952050278105663], [98.0625742425923, 17.951519365650487], [98.08881696690166, 17.96347582671724], [98.0993487427959, 17.9621726994142], [98.12227170635576, 17.946210677522842], [98.13338040575621, 17.94580300707624], [98.14368840200899, 17.935668655747385], [98.14957064140955, 17.94013774310487], [98.15271222204429, 17.96052967819258], [98.16033216994728, 17.96263472436803], [98.16183928364322, 17.970770833930835], [98.16981455401897, 17.969458468329414], [98.16734776474354, 17.972585185081307], [98.17154276240741, 17.97522074881674], [98.17971742105951, 17.972558792178678], [98.1844097712174, 17.98113750059816], [98.18914883918053, 17.978482139046307], [98.20595943967542, 17.98541602314723], [98.20848148403337, 17.982831304925256], [98.22757179076946, 17.990335261458025], [98.24615249970297, 17.988674230787417], [98.24155711760733, 18.01052040420323], [98.2253342308346, 18.015473403380746], [98.22085496911737, 18.024318285177884], [98.23404759255546, 18.0337083044844], [98.23070369598356, 18.036999542821686], [98.23753720343976, 18.03960355227365], [98.23569237198902, 18.045455133896596], [98.24324172464019, 18.05805438937397], [98.26950630250336, 18.0467811191702], [98.2779378616517, 18.035416952100025], [98.28764125958787, 18.03220939270467], [98.29509054152516, 18.037241509806872], [98.30518643916949, 18.03696283544842], [98.3156772203129, 18.0275508913203], [98.32956762184489, 18.033912645468643], [98.3340908420278, 18.041623106530473], [98.33110868861498, 18.045256307586055], [98.33976603898658, 18.048048340778653], [98.35467837456592, 18.037771468111636], [98.3876820738371, 18.03932261417711], [98.41338740231285, 18.017411091015862], [98.42083077068824, 18.01644380916249], [98.42682658281454, 18.00719063097379], [98.42578558949363, 17.98689092501696], [98.43390565293932, 17.9729404251898], [98.46428548459758, 17.942944692878104], [98.46821048179623, 17.93088468492219], [98.47917154887516, 17.923275756494697], [98.48245580252735, 17.909664724957043], [98.46896706426331, 17.906508999171567], [98.45016002252346, 17.89142024702905], [98.44158409675795, 17.8983622064589], [98.43535756093942, 17.891819655269778], [98.43049153150129, 17.89457801791521], [98.43536267625234, 17.88058944447365], [98.43143882357654, 17.86416088082001], [98.4389598111867, 17.852637180648394], [98.45251584729986, 17.847901110383354], [98.45815516918381, 17.840029643484275], [98.47300813553397, 17.844459610300046], [98.48072085533687, 17.841075019355266], [98.49393058966137, 17.81374779495551], [98.49447600311063, 17.780792342909297], [98.51744562511632, 17.73782982467498], [98.52634075699355, 17.707727876897643], [98.52256062672991, 17.678822038733873], [98.53174675191987, 17.64777009163476], [98.52911699912636, 17.635215790527848], [98.53310455378941, 17.619866153898467], [98.52282647926258, 17.572829758227055]]]]}}, {"type": "Feature", "properties": {"amp_code": "5015", "amp_th": "หางดง", "amp_en": "Hang Dong", "pro_code": "50", "pro_th": "เชียงใหม่", "pro_en": "Chiang Mai", "reg_nesdb": "UpperNorth", "reg_royin": "North", "perimeter": 93.22251122973, "area_sqkm": 271.90339472207, "villages": 109, "high_risk_total": 115, "gap_status": "⚠️ เสี่ยงสูง - ได้รับงบประมาณต่อเนื่อง", "total_budget": 1357.4431, "total_projects": 169, "avg_budget_per_high": 11.80385304347826, "high_p1": 0, "proj_p1": 16, "budget_p1": 97.2808, "high_p2": 0, "proj_p2": 102, "budget_p2": 626.3818000000001, "high_p3": 37, "proj_p3": 20, "budget_p3": 480.151, "high_p4": 20, "proj_p4": 31, "budget_p4": 153.62949999999998, "high_p5": 58, "proj_p5": 0, "budget_p5": 0.0}, "geometry": {"type": "MultiPolygon", "coordinates": [[[[98.96547846450906, 18.614599250278893], [98.96980877104407, 18.603383731996356], [98.96172507088323, 18.596318993921326], [98.9533097019492, 18.596886496111324], [98.9443590109194, 18.592037387181172], [98.93314365397339, 18.59683071132579], [98.92472337127147, 18.616394980807584], [98.92459557779323, 18.628078889611686], [98.91987822914022, 18.634371946235294], [98.91834455446424, 18.64217451366475], [98.89429808257053, 18.655041732798537], [98.89328148174806, 18.66636919007415], [98.88568930345424, 18.66545753223422], [98.88366246612895, 18.680623196127083], [98.87385246898685, 18.680039557667204], [98.8545730629038, 18.689790028728357], [98.83422721206286, 18.704341233938106], [98.83468048316662, 18.714322929073695], [98.82326904658561, 18.71884391645591], [98.81544390695181, 18.731963974142673], [98.80802303603953, 18.727045529415115], [98.79662918569669, 18.73563986656351], [98.79518196317932, 18.756758746736374], [98.79956323006797, 18.764681817413916], [98.79154295245102, 18.7791777162577], [98.78223858865691, 18.78501121599123], [98.77688824382751, 18.801003031508387], [98.78540610642712, 18.816168347755223], [98.78074256398816, 18.82097669882413], [98.78346248687956, 18.842862693377928], [98.78955859333229, 18.848116125829154], [98.79622869081287, 18.849042008759575], [98.80221421461407, 18.844131889846317], [98.82045952498257, 18.8507547506677], [98.83269833427386, 18.844186609857747], [98.8458018064291, 18.858996222744562], [98.85240262291335, 18.860624990650546], [98.86509423924612, 18.85662069557692], [98.86230731284179, 18.84693349156821], [98.86737292652295, 18.837673380694323], [98.86267017951785, 18.80119090888389], [98.89058904738384, 18.78019511998201], [98.89037815655148, 18.768364368858364], [98.8988900982025, 18.74516766728699], [98.91017232050514, 18.751383617848788], [98.93017898561824, 18.74437531832889], [98.94470790872106, 18.732973143413357], [98.95356268774225, 18.735082523347046], [98.96182038751033, 18.731701931050154], [98.97140313362274, 18.73705298367405], [98.97816779142772, 18.735108473345395], [98.9812481242195, 18.727492060919722], [98.97608264305869, 18.705162011227728], [98.9796750309466, 18.699512558052977], [98.98587813893, 18.69517262838903], [98.98611078654741, 18.68802019447482], [98.98306087249354, 18.679272277449552], [98.97402769525584, 18.67626384409843], [98.96443389914035, 18.6603112851073], [98.96288752825076, 18.65572757153176], [98.95461846607695, 18.639989389840775], [98.95341665511552, 18.63489502207159], [98.95424732966875, 18.620776639387493], [98.96547846450906, 18.614599250278893]]]]}}, {"type": "Feature", "properties": {"amp_code": "5016", "amp_th": "ฮอด", "amp_en": "Hot", "pro_code": "50", "pro_th": "เชียงใหม่", "pro_en": "Chiang Mai", "reg_nesdb": "UpperNorth", "reg_royin": "North", "perimeter": 245.28715549255, "area_sqkm": 1497.05009663455, "villages": 61, "high_risk_total": 1, "gap_status": "🟢 สมดุลตามเกณฑ์", "total_budget": 842.1394999999999, "total_projects": 71, "avg_budget_per_high": 842.1394999999999, "high_p1": 1, "proj_p1": 14, "budget_p1": 29.7311, "high_p2": 0, "proj_p2": 29, "budget_p2": 402.52199999999993, "high_p3": 0, "proj_p3": 17, "budget_p3": 321.2614, "high_p4": 0, "proj_p4": 6, "budget_p4": 65.6, "high_p5": 0, "proj_p5": 5, "budget_p5": 23.025}, "geometry": {"type": "MultiPolygon", "coordinates": [[[[98.6349232561714, 18.18299144083874], [98.65741152849918, 18.1762710364201], [98.67235881403657, 18.162725970127283], [98.69233817687415, 18.163992717613095], [98.72183593006801, 18.149291456271737], [98.73796489557331, 18.15529076842623], [98.74644044121482, 18.153504606349202], [98.76222516638501, 18.170710242417453], [98.78274419854057, 18.179920980340448], [98.7930521432408, 18.160420594115745], [98.80449052199832, 18.156807006168307], [98.8071355613229, 18.13756674628538], [98.80595184489863, 18.121444263158512], [98.8100041948385, 18.11285493625351], [98.80177231024415, 18.104351569707045], [98.80195215517597, 18.091755437320884], [98.7976158824598, 18.087375157514963], [98.81366248019145, 18.07931650795386], [98.8066807118219, 18.07227878080367], [98.80729386846201, 18.063805745712003], [98.79754810255744, 18.057611143659987], [98.79737829881857, 18.048085445222135], [98.79110871354658, 18.036618991201724], [98.79408673720073, 18.03044770105284], [98.77880571639263, 18.01278412330319], [98.77898243027343, 18.005537628319864], [98.73347476799272, 18.017883547636703], [98.72922380785378, 18.021401559381285], [98.69689428022593, 18.021963740536652], [98.69193515174919, 18.02750444156726], [98.68086063829311, 18.02252321639257], [98.68044754397057, 18.033853452151206], [98.6609491894145, 18.06509795126783], [98.6347800410454, 18.075564223894013], [98.61997445935667, 18.06619781849551], [98.61552502376743, 18.060431529236116], [98.59936220059792, 18.061665202066855], [98.59153324161294, 18.050371116949364], [98.60296917581724, 18.036410206291833], [98.61479847516111, 18.030790732153527], [98.6112747105696, 18.018847254565515], [98.59561704209027, 18.02922635717496], [98.58333789310767, 18.018655831548347], [98.60776917141693, 18.010216348481414], [98.6103922838713, 17.99923648952103], [98.60735726322652, 17.99398803829836], [98.59553992369975, 17.996903507480315], [98.58972847980198, 17.988036970720437], [98.57304601623665, 17.979255100784332], [98.59666325345322, 17.947026850176123], [98.59267666028794, 17.938161902701953], [98.57397519648632, 17.928217850556823], [98.51912048615527, 17.930004958753642], [98.51081174724455, 17.91286198585149], [98.49069659906968, 17.899992715270173], [98.48245580252735, 17.909664724957043], [98.47917154887516, 17.923275756494697], [98.46821048179623, 17.93088468492219], [98.46428548459758, 17.942944692878104], [98.43390565293932, 17.9729404251898], [98.42578558949363, 17.98689092501696], [98.42682658281454, 18.00719063097379], [98.42083077068824, 18.01644380916249], [98.41338740231285, 18.017411091015862], [98.3876820738371, 18.03932261417711], [98.35467837456592, 18.037771468111636], [98.33976603898658, 18.048048340778653], [98.33110868861498, 18.045256307586055], [98.3340908420278, 18.041623106530473], [98.32956762184489, 18.033912645468643], [98.3156772203129, 18.0275508913203], [98.30518643916949, 18.03696283544842], [98.29509054152516, 18.037241509806872], [98.28764125958787, 18.03220939270467], [98.2779378616517, 18.035416952100025], [98.26950630250336, 18.0467811191702], [98.24324172464019, 18.05805438937397], [98.25210025463399, 18.06479731797127], [98.25183381914695, 18.072768907739214], [98.24998071308235, 18.07731911164278], [98.24200085922466, 18.078599577809722], [98.2421590351623, 18.087911538824844], [98.22886610665542, 18.088651951144108], [98.2329966388013, 18.09187348705477], [98.23088627592179, 18.098232294178416], [98.225857859915, 18.091908238799057], [98.21298004854351, 18.08736882495528], [98.19255082629708, 18.097127767703842], [98.18141094621886, 18.15335013038713], [98.16007323269528, 18.156623568967042], [98.15667351779315, 18.16589833588797], [98.16715375224595, 18.168420362068066], [98.16722973711713, 18.182612177155526], [98.17665401023679, 18.19153463266801], [98.16652157239761, 18.204295081554324], [98.17212817838087, 18.218458832645418], [98.15878033936802, 18.221962715437172], [98.16932485237521, 18.2337542816785], [98.18757525736831, 18.24271771663351], [98.1881543964187, 18.257843621764454], [98.19325421119606, 18.250209122663748], [98.19891333977495, 18.254714457004617], [98.20042683668945, 18.249731966521765], [98.21026101055284, 18.251918108503574], [98.21523467147595, 18.220885965303342], [98.22547433348647, 18.209925218543574], [98.23927407136789, 18.218929001575777], [98.25120507191171, 18.215260281261113], [98.25927085850883, 18.230898822849227], [98.27308489712173, 18.228749865840555], [98.29680792590263, 18.23295512546599], [98.30401621299892, 18.243729760249746], [98.30255447542675, 18.256415894365833], [98.29909178721908, 18.26340307845139], [98.30319450658351, 18.27604057398078], [98.30758071345359, 18.276541159863132], [98.30825845927836, 18.283144644610385], [98.31621307660274, 18.282597094830933], [98.32370692268391, 18.275057904725564], [98.32673183050507, 18.279216971157272], [98.33706570893902, 18.275759922630282], [98.33802123302115, 18.282304420886], [98.3460186249899, 18.282309348089836], [98.34876647105116, 18.288316518691627], [98.35771679531192, 18.285989032004352], [98.36171948302193, 18.278784511362733], [98.36962560692965, 18.28265751639105], [98.38454086322162, 18.277028001012557], [98.3891647140668, 18.269100691911667], [98.39712613797414, 18.26729348955171], [98.40032869965901, 18.256442117409012], [98.41519528935459, 18.25309658583689], [98.42030448796783, 18.246788874632777], [98.43729754512617, 18.23224191971449], [98.44701475491136, 18.226546822797413], [98.45438265618075, 18.228791311823887], [98.46258065622193, 18.22248665194129], [98.47804787524741, 18.22205148780113], [98.53207562752883, 18.235953870536765], [98.55502857111777, 18.233138910206463], [98.58955870278383, 18.213459456151437], [98.59046486457986, 18.208014699934537], [98.59520558718756, 18.210056114387726], [98.60445665089664, 18.20571330434426], [98.60728968560132, 18.198303196863144], [98.61276337195945, 18.203635620035083], [98.62814847780317, 18.197324535165848], [98.6349232561714, 18.18299144083874]]]]}}]}