ลำดับ,จังหวัด,อำเภอ,ตำบล,หมู่บ้าน,ด้าน 1,ด้าน 2,ด้าน 3,ด้าน 4,ด้าน 5,คะแนน_ด้าน_1,คะแนน_ด้าน_2,คะแนน_ด้าน_3,คะแนน_ด้าน_4,คะแนน_ด้าน_5,คะแนนความเสี่ยงรวม,จำนวนด้านที่เสี่ยงสูง,จำนวนด้านที่เสี่ยงปานกลาง,จำนวนด้านที่เสี่ยงน้อย,ระดับความสำคัญ
1,เชียงใหม่,กัลยาณิวัฒนา,แจ่มหลวง,ขุนแม่รวม,เสี่ยงน้อย,เสี่ยงน้อย,เสี่ยงปานกลาง,เสี่ยงน้อย,เสี่ยงน้อย,1,1,2,1,1,6,0,1,4,🟢 เสี่ยงต่ำ/ทั่วไป
2,เชียงใหม่,กัลยาณิวัฒนา,แจ่มหลวง,กิ่วโป่ง,เสี่ยงน้อย,เสี่ยงปานกลาง,เสี่ยงปานกลาง,เสี่ยงน้อย,เสี่ยงน้อย,1,2,2,1,1,7,0,2,3,🟢 เสี่ยงต่ำ/ทั่วไป
3,เชียงใหม่,กัลยาณิวัฒนา,แจ่มหลวง,แม่ละอูบ,เสี่ยงน้อย,เสี่ยงน้อย,เสี่ยงปานกลาง,เสี่ยงน้อย,เสี่ยงน้อย,1,1,2,1,1,6,0,1,4,🟢 เสี่ยงต่ำ/ทั่วไป
4,เชียงใหม่,กัลยาณิวัฒนา,แจ่มหลวง,ห้วยยา,เสี่ยงน้อย,เสี่ยงน้อย,เสี่ยงปานกลาง,เสี่ยงน้อย,เสี่ยงน้อย,1,1,2,1,1,6,0,1,4,🟢 เสี่ยงต่ำ/ทั่วไป
5,เชียงใหม่,กัลยาณิวัฒนา,แจ่มหลวง,ห้วยเขียดแห้ง,เสี่ยงน้อย,เสี่ยงปานกลาง,เสี่ยงปานกลาง,เสี่ยงน้อย,เสี่ยงน้อย,1,2,2,1,1,7,0,2,3,🟢 เสี่ยงต่ำ/ทั่วไป
6,เชียงใหม่,กัลยาณิวัฒนา,แจ่มหลวง,แจ่มหลวง,เสี่ยงน้อย,เสี่ยงน้อย,เสี่ยงปานกลาง,เสี่ยงน้อย,เสี่ยงน้อย,1,1,2,1,1,6,0,1,4,🟢 เสี่ยงต่ำ/ทั่วไป
7,เชียงใหม่,กัลยาณิวัฒนา,แจ่มหลวง,เสาแดง,เสี่ยงปานกลาง,เสี่ยงปานกลาง,เสี่ยงน้อย,เสี่ยงน้อย,เสี่ยงน้อย,2,2,1,1,1,7,0,2,3,🟢 เสี่ยงต่ำ/ทั่วไป
8,เชียงใหม่,กัลยาณิวัฒนา,บ้านจันทร์,ห้วยฮ่อม,เสี่ยงน้อย,เสี่ยงปานกลาง,เสี่ยงปานกลาง,เสี่ยงน้อย,เสี่ยงน้อย,1,2,2,1,1,7,0,2,3,🟢 เสี่ยงต่ำ/ทั่วไป
9,เชียงใหม่,กัลยาณิวัฒนา,บ้านจันทร์,สันม่วง,เสี่ยงน้อย,เสี่ยงปานกลาง,เสี่ยงปานกลาง,เสี่ยงน้อย,เสี่ยงน้อย,1,2,2,1,1,7,0,2,3,🟢 เสี่ยงต่ำ/ทั่วไป
10,เชียงใหม่,กัลยาณิวัฒนา,บ้านจันทร์,วัดจันทร์,เสี่ยงน้อย,เสี่ยงน้อย,เสี่ยงปานกลาง,เสี่ยงน้อย,เสี่ยงน้อย,1,1,2,1,1,6,0,1,4,🟢 เสี่ยงต่ำ/ทั่วไป
11,เชียงใหม่,กัลยาณิวัฒนา,บ้านจันทร์,หนองเจ็ดหน่วย,เสี่ยงน้อย,เสี่ยงน้อย,เสี่ยงปานกลาง,เสี่ยงน้อย,เสี่ยงน้อย,1,1,2,1,1,6,0,1,4,🟢 เสี่ยงต่ำ/ทั่วไป
12,เชียงใหม่,กัลยาณิวัฒนา,บ้านจันทร์,แจ่มน้อย,เสี่ยงสูง,เสี่ยงปานกลาง,เสี่ยงปานกลาง,เสี่ยงน้อย,เสี่ยงน้อย,3,2,2,1,1,9,1,2,2,⚠️ เฝ้าระวังสูง (เสี่ยงสูง 1 ด้าน)
13,เชียงใหม่,กัลยาณิวัฒนา,บ้านจันทร์,หนองแดง,เสี่ยงน้อย,เสี่ยงปานกลาง,เสี่ยงปานกลาง,เสี่ยงน้อย,เสี่ยงน้อย,1,2,2,1,1,7,0,2,3,🟢 เสี่ยงต่ำ/ทั่วไป
14,เชียงใหม่,กัลยาณิวัฒนา,บ้านจันทร์,เด่น,เสี่ยงน้อย,เสี่ยงปานกลาง,เสี่ยงปานกลาง,เสี่ยงน้อย,เสี่ยงน้อย,1,2,2,1,1,7,0,2,3,🟢 เสี่ยงต่ำ/ทั่วไป
15,เชียงใหม่,กัลยาณิวัฒนา,แม่แดด,แม่ผาปู,เสี่ยงปานกลาง,เสี่ยงปานกลาง,เสี่ยงปานกลาง,เสี่ยงปานกลาง,เสี่ยงน้อย,2,2,2,2,1,9,0,4,1,🟡 เฝ้าระวังปานกลาง (เสี่ยงกลาง 3+ ด้าน)
16,เชียงใหม่,กัลยาณิวัฒนา,แม่แดด,แม่ตะละเหนือ,เสี่ยงน้อย,เสี่ยงปานกลาง,เสี่ยงปานกลาง,เสี่ยงน้อย,เสี่ยงน้อย,1,2,2,1,1,7,0,2,3,🟢 เสี่ยงต่ำ/ทั่วไป
17,เชียงใหม่,กัลยาณิวัฒนา,แม่แดด,แม่ตะละใต้,เสี่ยงปานกลาง,เสี่ยงปานกลาง,เสี่ยงปานกลาง,เสี่ยงน้อย,เสี่ยงน้อย,2,2,2,1,1,8,0,3,2,🟡 เฝ้าระวังปานกลาง (เสี่ยงกลาง 3+ ด้าน)
18,เชียงใหม่,กัลยาณิวัฒนา,แม่แดด,แม่แดดน้อย,เสี่ยงน้อย,เสี่ยงปานกลาง,เสี่ยงปานกลาง,เสี่ยงน้อย,เสี่ยงน้อย,1,2,2,1,1,7,0,2,3,🟢 เสี่ยงต่ำ/ทั่วไป
19,เชียงใหม่,กัลยาณิวัฒนา,แม่แดด,ห้วยปู,เสี่ยงปานกลาง,เสี่ยงปานกลาง,เสี่ยงปานกลาง,เสี่ยงน้อย,เสี่ยงน้อย,2,2,2,1,1,8,0,3,2,🟡 เฝ้าระวังปานกลาง (เสี่ยงกลาง 3+ ด้าน)
20,เชียงใหม่,กัลยาณิวัฒนา,แม่แดด,ดงสามหมื่น,เสี่ยงปานกลาง,เสี่ยงปานกลาง,เสี่ยงปานกลาง,เสี่ยงปานกลาง,เสี่ยงน้อย,2,2,2,2,1,9,0,4,1,🟡 เฝ้าระวังปานกลาง (เสี่ยงกลาง 3+ ด้าน)
21,เชียงใหม่,กัลยาณิวัฒนา,แม่แดด,แม่ตะละม้ง,เสี่ยงน้อย,เสี่ยงปานกลาง,เสี่ยงปานกลาง,เสี่ยงปานกลาง,เสี่ยงน้อย,1,2,2,2,1,8,0,3,2,🟡 เฝ้าระวังปานกลาง (เสี่ยงกลาง 3+ ด้าน)
22,เชียงใหม่,กัลยาณิวัฒนา,แม่แดด,แม่ตะละใหม่,เสี่ยงน้อย,เสี่ยงปานกลาง,เสี่ยงปานกลาง,เสี่ยงน้อย,เสี่ยงน้อย,1,2,2,1,1,7,0,2,3,🟢 เสี่ยงต่ำ/ทั่วไป
23,เชียงใหม่,จอมทอง,ข่วงเปา,หนองห่าย,เสี่ยงน้อย,เสี่ยงปานกลาง,เสี่ยงปานกลาง,เสี่ยงน้อย,เสี่ยงน้อย,1,2,2,1,1,7,0,2,3,🟢 เสี่ยงต่ำ/ทั่วไป
24,เชียงใหม่,จอมทอง,ข่วงเปา,ห้วยน้ำดิบ,เสี่ยงน้อย,เสี่ยงปานกลาง,เสี่ยงน้อย,เสี่ยงน้อย,เสี่ยงน้อย,1,2,1,1,1,6,0,1,4,🟢 เสี่ยงต่ำ/ทั่วไป
25,เชียงใหม่,จอมทอง,ข่วงเปา,ท่าศาลา,เสี่ยงน้อย,เสี่ยงปานกลาง,เสี่ยงน้อย,เสี่ยงน้อย,เสี่ยงน้อย,1,2,1,1,1,6,0,1,4,🟢 เสี่ยงต่ำ/ทั่วไป
26,เชียงใหม่,จอมทอง,ข่วงเปา,ข่วงเปา,เสี่ยงน้อย,เสี่ยงน้อย,เสี่ยงน้อย,เสี่ยงน้อย,เสี่ยงน้อย,1,1,1,1,1,5,0,0,5,🟢 เสี่ยงต่ำ/ทั่วไป
27,เชียงใหม่,จอมทอง,ข่วงเปา,ฮ่อม,เสี่ยงน้อย,เสี่ยงปานกลาง,เสี่ยงน้อย,เสี่ยงน้อย,เสี่ยงน้อย,1,2,1,1,1,6,0,1,4,🟢 เสี่ยงต่ำ/ทั่วไป
28,เชียงใหม่,จอมทอง,ข่วงเปา,สี่แยกน้อย,เสี่ยงปานกลาง,เสี่ยงปานกลาง,เสี่ยงน้อย,เสี่ยงน้อย,เสี่ยงน้อย,2,2,1,1,1,7,0,2,3,🟢 เสี่ยงต่ำ/ทั่วไป
29,เชียงใหม่,จอมทอง,ข่วงเปา,วังดิน,เสี่ยงน้อย,เสี่ยงปานกลาง,เสี่ยงปานกลาง,เสี่ยงน้อย,เสี่ยงน้อย,1,2,2,1,1,7,0,2,3,🟢 เสี่ยงต่ำ/ทั่วไป
30,เชียงใหม่,จอมทอง,ข่วงเปา,ใหม่สันตึง,เสี่ยงน้อย,เสี่ยงปานกลาง,เสี่ยงปานกลาง,เสี่ยงน้อย,เสี่ยงน้อย,1,2,2,1,1,7,0,2,3,🟢 เสี่ยงต่ำ/ทั่วไป
31,เชียงใหม่,จอมทอง,ข่วงเปา,สันป่าซาง,เสี่ยงน้อย,เสี่ยงปานกลาง,เสี่ยงน้อย,เสี่ยงน้อย,เสี่ยงน้อย,1,2,1,1,1,6,0,1,4,🟢 เสี่ยงต่ำ/ทั่วไป
32,เชียงใหม่,จอมทอง,ข่วงเปา,ใหม่สามัคคี,เสี่ยงน้อย,เสี่ยงปานกลาง,เสี่ยงปานกลาง,เสี่ยงน้อย,เสี่ยงน้อย,1,2,2,1,1,7,0,2,3,🟢 เสี่ยงต่ำ/ทั่วไป
33,เชียงใหม่,จอมทอง,ข่วงเปา,รวมน้ำใจข่วงเปา,เสี่ยงน้อย,เสี่ยงน้อย,เสี่ยงน้อย,เสี่ยงน้อย,เสี่ยงน้อย,1,1,1,1,1,5,0,0,5,🟢 เสี่ยงต่ำ/ทั่วไป
34,เชียงใหม่,จอมทอง,ข่วงเปา,น้ำดิบสามัคคี,เสี่ยงน้อย,เสี่ยงปานกลาง,เสี่ยงปานกลาง,เสี่ยงน้อย,เสี่ยงน้อย,1,2,2,1,1,7,0,2,3,🟢 เสี่ยงต่ำ/ทั่วไป
35,เชียงใหม่,จอมทอง,ข่วงเปา,หนองห่ายสามัคคี,เสี่ยงปานกลาง,เสี่ยงปานกลาง,เสี่ยงปานกลาง,เสี่ยงน้อย,เสี่ยงน้อย,2,2,2,1,1,8,0,3,2,🟡 เฝ้าระวังปานกลาง (เสี่ยงกลาง 3+ ด้าน)
36,เชียงใหม่,จอมทอง,ข่วงเปา,อังครักษ์,เสี่ยงน้อย,เสี่ยงปานกลาง,เสี่ยงปานกลาง,เสี่ยงน้อย,เสี่ยงน้อย,1,2,2,1,1,7,0,2,3,🟢 เสี่ยงต่ำ/ทั่วไป
37,เชียงใหม่,จอมทอง,ข่วงเปา,ใหม่อังครักษ์,เสี่ยงน้อย,เสี่ยงปานกลาง,เสี่ยงปานกลาง,เสี่ยงน้อย,เสี่ยงน้อย,1,2,2,1,1,7,0,2,3,🟢 เสี่ยงต่ำ/ทั่วไป
38,เชียงใหม่,จอมทอง,ดอยแก้ว,แม่กลางป่าปู,เสี่ยงน้อย,เสี่ยงน้อย,เสี่ยงสูง,เสี่ยงน้อย,เสี่ยงน้อย,1,1,3,1,1,7,1,0,4,⚠️ เฝ้าระวังสูง (เสี่ยงสูง 1 ด้าน)
39,เชียงใหม่,จอมทอง,ดอยแก้ว,ดอยแก้ว,เสี่ยงน้อย,เสี่ยงน้อย,เสี่ยงสูง,เสี่ยงน้อย,เสี่ยงน้อย,1,1,3,1,1,7,1,0,4,⚠️ เฝ้าระวังสูง (เสี่ยงสูง 1 ด้าน)
40,เชียงใหม่,จอมทอง,ดอยแก้ว,แม่เตี๊ยะ,เสี่ยงน้อย,เสี่ยงปานกลาง,เสี่ยงสูง,เสี่ยงน้อย,เสี่ยงน้อย,1,2,3,1,1,8,1,1,3,⚠️ เฝ้าระวังสูง (เสี่ยงสูง 1 ด้าน)
41,เชียงใหม่,จอมทอง,ดอยแก้ว,ห้วยมะนาว,เสี่ยงน้อย,เสี่ยงน้อย,เสี่ยงปานกลาง,เสี่ยงน้อย,เสี่ยงน้อย,1,1,2,1,1,6,0,1,4,🟢 เสี่ยงต่ำ/ทั่วไป
42,เชียงใหม่,จอมทอง,ดอยแก้ว,ขุนแตะ,เสี่ยงสูง,เสี่ยงปานกลาง,เสี่ยงปานกลาง,เสี่ยงน้อย,เสี่ยงน้อย,3,2,2,1,1,9,1,2,2,⚠️ เฝ้าระวังสูง (เสี่ยงสูง 1 ด้าน)
43,เชียงใหม่,จอมทอง,ดอยแก้ว,ใหม่แม่เตี๊ยะ,เสี่ยงน้อย,เสี่ยงปานกลาง,เสี่ยงปานกลาง,เสี่ยงน้อย,เสี่ยงน้อย,1,2,2,1,1,7,0,2,3,🟢 เสี่ยงต่ำ/ทั่วไป
44,เชียงใหม่,จอมทอง,ดอยแก้ว,แม่เตี๊ยะใต้,เสี่ยงน้อย,เสี่ยงปานกลาง,เสี่ยงสูง,เสี่ยงน้อย,เสี่ยงน้อย,1,2,3,1,1,8,1,1,3,⚠️ เฝ้าระวังสูง (เสี่ยงสูง 1 ด้าน)
45,เชียงใหม่,จอมทอง,ดอยแก้ว,ห้วยส้มป่อยใหม่,เสี่ยงน้อย,เสี่ยงน้อย,เสี่ยงปานกลาง,เสี่ยงน้อย,เสี่ยงน้อย,1,1,2,1,1,6,0,1,4,🟢 เสี่ยงต่ำ/ทั่วไป
46,เชียงใหม่,จอมทอง,ดอยแก้ว,ห้วยขนุน,เสี่ยงน้อย,เสี่ยงปานกลาง,เสี่ยงน้อย,เสี่ยงน้อย,เสี่ยงน้อย,1,2,1,1,1,6,0,1,4,🟢 เสี่ยงต่ำ/ทั่วไป
47,เชียงใหม่,จอมทอง,บ้านแปะ,สบแปะ,เสี่ยงน้อย,เสี่ยงน้อย,เสี่ยงปานกลาง,เสี่ยงน้อย,เสี่ยงปานกลาง,1,1,2,1,2,7,0,2,3,🟢 เสี่ยงต่ำ/ทั่วไป
48,เชียงใหม่,จอมทอง,บ้านแปะ,นากบ,เสี่ยงน้อย,เสี่ยงน้อย,เสี่ยงปานกลาง,เสี่ยงน้อย,เสี่ยงปานกลาง,1,1,2,1,2,7,0,2,3,🟢 เสี่ยงต่ำ/ทั่วไป
49,เชียงใหม่,จอมทอง,บ้านแปะ,ม่อนหิน,เสี่ยงน้อย,เสี่ยงน้อย,เสี่ยงปานกลาง,เสี่ยงน้อย,เสี่ยงปานกลาง,1,1,2,1,2,7,0,2,3,🟢 เสี่ยงต่ำ/ทั่วไป
50,เชียงใหม่,จอมทอง,บ้านแปะ,แปะ,เสี่ยงน้อย,เสี่ยงน้อย,เสี่ยงน้อย,เสี่ยงน้อย,เสี่ยงปานกลาง,1,1,1,1,2,6,0,1,4,🟢 เสี่ยงต่ำ/ทั่วไป
51,เชียงใหม่,จอมทอง,บ้านแปะ,ห้วยทราย,เสี่ยงน้อย,เสี่ยงน้อย,เสี่ยงปานกลาง,เสี่ยงน้อย,เสี่ยงปานกลาง,1,1,2,1,2,7,0,2,3,🟢 เสี่ยงต่ำ/ทั่วไป
52,เชียงใหม่,จอมทอง,บ้านแปะ,ข่วงเปาใต้,เสี่ยงน้อย,เสี่ยงน้อย,เสี่ยงปานกลาง,เสี่ยงน้อย,เสี่ยงปานกลาง,1,1,2,1,2,7,0,2,3,🟢 เสี่ยงต่ำ/ทั่วไป
53,เชียงใหม่,จอมทอง,บ้านแปะ,ท่าข้ามเหนือ,เสี่ยงน้อย,เสี่ยงน้อย,เสี่ยงปานกลาง,เสี่ยงน้อย,เสี่ยงปานกลาง,1,1,2,1,2,7,0,2,3,🟢 เสี่ยงต่ำ/ทั่วไป
54,เชียงใหม่,จอมทอง,บ้านแปะ,สบแจ่มฝั่งขวา,เสี่ยงน้อย,เสี่ยงน้อย,เสี่ยงน้อย,เสี่ยงน้อย,เสี่ยงปานกลาง,1,1,1,1,2,6,0,1,4,🟢 เสี่ยงต่ำ/ทั่วไป
55,เชียงใหม่,จอมทอง,บ้านแปะ,วังตวง,เสี่ยงน้อย,เสี่ยงน้อย,เสี่ยงปานกลาง,เสี่ยงน้อย,เสี่ยงปานกลาง,1,1,2,1,2,7,0,2,3,🟢 เสี่ยงต่ำ/ทั่วไป
56,เชียงใหม่,จอมทอง,บ้านแปะ,ท่ากอม่วง,เสี่ยงน้อย,เสี่ยงน้อย,เสี่ยงสูง,เสี่ยงน้อย,เสี่ยงปานกลาง,1,1,3,1,2,8,1,1,3,⚠️ เฝ้าระวังสูง (เสี่ยงสูง 1 ด้าน)
57,เชียงใหม่,จอมทอง,บ้านแปะ,สบแจ่มฝั่งซ้าย,เสี่ยงน้อย,เสี่ยงน้อย,เสี่ยงปานกลาง,เสี่ยงน้อย,เสี่ยงปานกลาง,1,1,2,1,2,7,0,2,3,🟢 เสี่ยงต่ำ/ทั่วไป
58,เชียงใหม่,จอมทอง,บ้านแปะ,ขุนแปะ,เสี่ยงน้อย,เสี่ยงน้อย,เสี่ยงปานกลาง,เสี่ยงน้อย,เสี่ยงปานกลาง,1,1,2,1,2,7,0,2,3,🟢 เสี่ยงต่ำ/ทั่วไป
59,เชียงใหม่,จอมทอง,บ้านแปะ,ทุ่งพัฒนา,เสี่ยงน้อย,เสี่ยงน้อย,เสี่ยงปานกลาง,เสี่ยงน้อย,เสี่ยงปานกลาง,1,1,2,1,2,7,0,2,3,🟢 เสี่ยงต่ำ/ทั่วไป
60,เชียงใหม่,จอมทอง,บ้านแปะ,บนนา,เสี่ยงน้อย,เสี่ยงน้อย,เสี่ยงปานกลาง,เสี่ยงน้อย,เสี่ยงปานกลาง,1,1,2,1,2,7,0,2,3,🟢 เสี่ยงต่ำ/ทั่วไป
61,เชียงใหม่,จอมทอง,บ้านแปะ,ดงเย็น,เสี่ยงน้อย,เสี่ยงน้อย,เสี่ยงปานกลาง,เสี่ยงน้อย,เสี่ยงปานกลาง,1,1,2,1,2,7,0,2,3,🟢 เสี่ยงต่ำ/ทั่วไป
62,เชียงใหม่,จอมทอง,บ้านแปะ,โฮ่งมะค่า,เสี่ยงน้อย,เสี่ยงน้อย,เสี่ยงน้อย,เสี่ยงน้อย,เสี่ยงปานกลาง,1,1,1,1,2,6,0,1,4,🟢 เสี่ยงต่ำ/ทั่วไป
63,เชียงใหม่,จอมทอง,บ้านแปะ,ต้นผึ้ง,เสี่ยงน้อย,เสี่ยงน้อย,เสี่ยงปานกลาง,เสี่ยงน้อย,เสี่ยงปานกลาง,1,1,2,1,2,7,0,2,3,🟢 เสี่ยงต่ำ/ทั่วไป
64,เชียงใหม่,จอมทอง,บ้านแปะ,บวกห้า,เสี่ยงน้อย,เสี่ยงน้อย,เสี่ยงปานกลาง,เสี่ยงน้อย,เสี่ยงปานกลาง,1,1,2,1,2,7,0,2,3,🟢 เสี่ยงต่ำ/ทั่วไป
65,เชียงใหม่,จอมทอง,บ้านแปะ,ข่วงเปา,เสี่ยงน้อย,เสี่ยงน้อย,เสี่ยงปานกลาง,เสี่ยงน้อย,เสี่ยงปานกลาง,1,1,2,1,2,7,0,2,3,🟢 เสี่ยงต่ำ/ทั่วไป
66,เชียงใหม่,จอมทอง,บ้านแปะ,แม่จร,เสี่ยงน้อย,เสี่ยงน้อย,เสี่ยงปานกลาง,เสี่ยงน้อย,เสี่ยงปานกลาง,1,1,2,1,2,7,0,2,3,🟢 เสี่ยงต่ำ/ทั่วไป
67,เชียงใหม่,จอมทอง,บ้านหลวง,แท่นคำ,เสี่ยงน้อย,เสี่ยงน้อย,เสี่ยงปานกลาง,เสี่ยงน้อย,เสี่ยงน้อย,1,1,2,1,1,6,0,1,4,🟢 เสี่ยงต่ำ/ทั่วไป
68,เชียงใหม่,จอมทอง,บ้านหลวง,ลุ่มใต้,เสี่ยงน้อย,เสี่ยงน้อย,เสี่ยงปานกลาง,เสี่ยงน้อย,เสี่ยงน้อย,1,1,2,1,1,6,0,1,4,🟢 เสี่ยงต่ำ/ทั่วไป
69,เชียงใหม่,จอมทอง,บ้านหลวง,ใต้กลาง,เสี่ยงน้อย,เสี่ยงน้อย,เสี่ยงปานกลาง,เสี่ยงน้อย,เสี่ยงน้อย,1,1,2,1,1,6,0,1,4,🟢 เสี่ยงต่ำ/ทั่วไป
70,เชียงใหม่,จอมทอง,บ้านหลวง,แม่กลาง,เสี่ยงน้อย,เสี่ยงน้อย,เสี่ยงปานกลาง,เสี่ยงน้อย,เสี่ยงน้อย,1,1,2,1,1,6,0,1,4,🟢 เสี่ยงต่ำ/ทั่วไป
71,เชียงใหม่,จอมทอง,บ้านหลวง,ขุนยะ,เสี่ยงน้อย,เสี่ยงน้อย,เสี่ยงปานกลาง,เสี่ยงน้อย,เสี่ยงน้อย,1,1,2,1,1,6,0,1,4,🟢 เสี่ยงต่ำ/ทั่วไป
72,เชียงใหม่,จอมทอง,บ้านหลวง,ป่าแขม,เสี่ยงน้อย,เสี่ยงน้อย,เสี่ยงน้อย,เสี่ยงน้อย,เสี่ยงน้อย,1,1,1,1,1,5,0,0,5,🟢 เสี่ยงต่ำ/ทั่วไป
73,เชียงใหม่,จอมทอง,บ้านหลวง,ขุนกลาง,เสี่ยงน้อย,เสี่ยงน้อย,เสี่ยงน้อย,เสี่ยงน้อย,เสี่ยงน้อย,1,1,1,1,1,5,0,0,5,🟢 เสี่ยงต่ำ/ทั่วไป
74,เชียงใหม่,จอมทอง,บ้านหลวง,ผาหมอน,เสี่ยงน้อย,เสี่ยงน้อย,เสี่ยงปานกลาง,เสี่ยงน้อย,เสี่ยงน้อย,1,1,2,1,1,6,0,1,4,🟢 เสี่ยงต่ำ/ทั่วไป
75,เชียงใหม่,จอมทอง,บ้านหลวง,เมืองอาง,เสี่ยงน้อย,เสี่ยงน้อย,เสี่ยงปานกลาง,เสี่ยงน้อย,เสี่ยงน้อย,1,1,2,1,1,6,0,1,4,🟢 เสี่ยงต่ำ/ทั่วไป
76,เชียงใหม่,จอมทอง,บ้านหลวง,แม่หอย,เสี่ยงน้อย,เสี่ยงน้อย,เสี่ยงปานกลาง,เสี่ยงน้อย,เสี่ยงน้อย,1,1,2,1,1,6,0,1,4,🟢 เสี่ยงต่ำ/ทั่วไป
77,เชียงใหม่,จอมทอง,บ้านหลวง,เมืองกลาง,เสี่ยงน้อย,เสี่ยงน้อย,เสี่ยงสูง,เสี่ยงน้อย,เสี่ยงน้อย,1,1,3,1,1,7,1,0,4,⚠️ เฝ้าระวังสูง (เสี่ยงสูง 1 ด้าน)
78,เชียงใหม่,จอมทอง,บ้านหลวง,ปะหัวเสือ,เสี่ยงน้อย,เสี่ยงน้อย,เสี่ยงปานกลาง,เสี่ยงน้อย,เสี่ยงน้อย,1,1,2,1,1,6,0,1,4,🟢 เสี่ยงต่ำ/ทั่วไป
79,เชียงใหม่,จอมทอง,บ้านหลวง,น้ำลัด,เสี่ยงน้อย,เสี่ยงน้อย,เสี่ยงปานกลาง,เสี่ยงน้อย,เสี่ยงน้อย,1,1,2,1,1,6,0,1,4,🟢 เสี่ยงต่ำ/ทั่วไป
80,เชียงใหม่,จอมทอง,บ้านหลวง,ปะ,เสี่ยงน้อย,เสี่ยงน้อย,เสี่ยงปานกลาง,เสี่ยงน้อย,เสี่ยงน้อย,1,1,2,1,1,6,0,1,4,🟢 เสี่ยงต่ำ/ทั่วไป
81,เชียงใหม่,จอมทอง,บ้านหลวง,แม่ปอน,เสี่ยงน้อย,เสี่ยงน้อย,เสี่ยงปานกลาง,เสี่ยงน้อย,เสี่ยงน้อย,1,1,2,1,1,6,0,1,4,🟢 เสี่ยงต่ำ/ทั่วไป
82,เชียงใหม่,จอมทอง,บ้านหลวง,ตาดมื่น,เสี่ยงน้อย,เสี่ยงน้อย,เสี่ยงปานกลาง,เสี่ยงน้อย,เสี่ยงน้อย,1,1,2,1,1,6,0,1,4,🟢 เสี่ยงต่ำ/ทั่วไป
83,เชียงใหม่,จอมทอง,บ้านหลวง,อ่างกาน้อย,เสี่ยงน้อย,เสี่ยงน้อย,เสี่ยงน้อย,เสี่ยงน้อย,เสี่ยงน้อย,1,1,1,1,1,5,0,0,5,🟢 เสี่ยงต่ำ/ทั่วไป
84,เชียงใหม่,จอมทอง,บ้านหลวง,แม่ยะน้อย,เสี่ยงน้อย,เสี่ยงน้อย,เสี่ยงปานกลาง,เสี่ยงน้อย,เสี่ยงน้อย,1,1,2,1,1,6,0,1,4,🟢 เสี่ยงต่ำ/ทั่วไป
85,เชียงใหม่,จอมทอง,บ้านหลวง,ห้วยเฮี๊ยะ,เสี่ยงน้อย,เสี่ยงน้อย,เสี่ยงปานกลาง,เสี่ยงน้อย,เสี่ยงน้อย,1,1,2,1,1,6,0,1,4,🟢 เสี่ยงต่ำ/ทั่วไป
86,เชียงใหม่,จอมทอง,บ้านหลวง,น้ำตกแม่กลาง,เสี่ยงน้อย,เสี่ยงน้อย,เสี่ยงปานกลาง,เสี่ยงน้อย,เสี่ยงน้อย,1,1,2,1,1,6,0,1,4,🟢 เสี่ยงต่ำ/ทั่วไป
87,เชียงใหม่,จอมทอง,บ้านหลวง,กู่ฮ่อสามัคคี,เสี่ยงน้อย,เสี่ยงน้อย,เสี่ยงปานกลาง,เสี่ยงน้อย,เสี่ยงน้อย,1,1,2,1,1,6,0,1,4,🟢 เสี่ยงต่ำ/ทั่วไป
88,เชียงใหม่,จอมทอง,บ้านหลวง,หนองหล่ม,เสี่ยงน้อย,เสี่ยงน้อย,เสี่ยงน้อย,เสี่ยงน้อย,เสี่ยงน้อย,1,1,1,1,1,5,0,0,5,🟢 เสี่ยงต่ำ/ทั่วไป
89,เชียงใหม่,จอมทอง,บ้านหลวง,ใหม่ห้วยเฮี๊ยะ,เสี่ยงน้อย,เสี่ยงน้อย,เสี่ยงปานกลาง,เสี่ยงน้อย,เสี่ยงน้อย,1,1,2,1,1,6,0,1,4,🟢 เสี่ยงต่ำ/ทั่วไป
90,เชียงใหม่,จอมทอง,แม่สอย,หนองคัน,เสี่ยงน้อย,เสี่ยงปานกลาง,เสี่ยงปานกลาง,เสี่ยงน้อย,เสี่ยงน้อย,1,2,2,1,1,7,0,2,3,🟢 เสี่ยงต่ำ/ทั่วไป
91,เชียงใหม่,จอมทอง,แม่สอย,วังน้ำหยาด,เสี่ยงปานกลาง,เสี่ยงปานกลาง,เสี่ยงปานกลาง,เสี่ยงน้อย,เสี่ยงน้อย,2,2,2,1,1,8,0,3,2,🟡 เฝ้าระวังปานกลาง (เสี่ยงกลาง 3+ ด้าน)
92,เชียงใหม่,จอมทอง,แม่สอย,แม่สอย,เสี่ยงน้อย,เสี่ยงน้อย,เสี่ยงปานกลาง,เสี่ยงน้อย,เสี่ยงน้อย,1,1,2,1,1,6,0,1,4,🟢 เสี่ยงต่ำ/ทั่วไป
93,เชียงใหม่,จอมทอง,แม่สอย,ใหม่สารภี,เสี่ยงปานกลาง,เสี่ยงน้อย,เสี่ยงปานกลาง,เสี่ยงน้อย,เสี่ยงน้อย,2,1,2,1,1,7,0,2,3,🟢 เสี่ยงต่ำ/ทั่วไป
94,เชียงใหม่,จอมทอง,แม่สอย,โรงวัว,เสี่ยงน้อย,เสี่ยงปานกลาง,เสี่ยงปานกลาง,เสี่ยงน้อย,เสี่ยงน้อย,1,2,2,1,1,7,0,2,3,🟢 เสี่ยงต่ำ/ทั่วไป
95,เชียงใหม่,จอมทอง,แม่สอย,ห้วยม่วงฝั่งซ้าย,เสี่ยงน้อย,เสี่ยงปานกลาง,เสี่ยงปานกลาง,เสี่ยงน้อย,เสี่ยงน้อย,1,2,2,1,1,7,0,2,3,🟢 เสี่ยงต่ำ/ทั่วไป
96,เชียงใหม่,จอมทอง,แม่สอย,สบสอย,เสี่ยงน้อย,เสี่ยงปานกลาง,เสี่ยงปานกลาง,เสี่ยงน้อย,เสี่ยงน้อย,1,2,2,1,1,7,0,2,3,🟢 เสี่ยงต่ำ/ทั่วไป
97,เชียงใหม่,จอมทอง,แม่สอย,ห้วยฝาง,เสี่ยงน้อย,เสี่ยงปานกลาง,เสี่ยงปานกลาง,เสี่ยงน้อย,เสี่ยงน้อย,1,2,2,1,1,7,0,2,3,🟢 เสี่ยงต่ำ/ทั่วไป
98,เชียงใหม่,จอมทอง,แม่สอย,ห้วยสะแพด,เสี่ยงน้อย,เสี่ยงปานกลาง,เสี่ยงปานกลาง,เสี่ยงน้อย,เสี่ยงน้อย,1,2,2,1,1,7,0,2,3,🟢 เสี่ยงต่ำ/ทั่วไป
99,เชียงใหม่,จอมทอง,แม่สอย,ห้วยม่วงฝั่งขวา,เสี่ยงน้อย,เสี่ยงปานกลาง,เสี่ยงน้อย,เสี่ยงน้อย,เสี่ยงน้อย,1,2,1,1,1,6,0,1,4,🟢 เสี่ยงต่ำ/ทั่วไป
100,เชียงใหม่,จอมทอง,แม่สอย,ห้วยห้า,เสี่ยงน้อย,เสี่ยงปานกลาง,เสี่ยงปานกลาง,เสี่ยงน้อย,เสี่ยงน้อย,1,2,2,1,1,7,0,2,3,🟢 เสี่ยงต่ำ/ทั่วไป
101,เชียงใหม่,จอมทอง,แม่สอย,ห้วยมะควัด,เสี่ยงน้อย,เสี่ยงปานกลาง,เสี่ยงปานกลาง,เสี่ยงน้อย,เสี่ยงน้อย,1,2,2,1,1,7,0,2,3,🟢 เสี่ยงต่ำ/ทั่วไป
102,เชียงใหม่,จอมทอง,แม่สอย,ห้วยพัฒนา,เสี่ยงน้อย,เสี่ยงปานกลาง,เสี่ยงปานกลาง,เสี่ยงน้อย,เสี่ยงน้อย,1,2,2,1,1,7,0,2,3,🟢 เสี่ยงต่ำ/ทั่วไป
103,เชียงใหม่,จอมทอง,แม่สอย,ป่ากล้วยพัฒนา,เสี่ยงปานกลาง,เสี่ยงปานกลาง,เสี่ยงปานกลาง,เสี่ยงน้อย,เสี่ยงน้อย,2,2,2,1,1,8,0,3,2,🟡 เฝ้าระวังปานกลาง (เสี่ยงกลาง 3+ ด้าน)
104,เชียงใหม่,จอมทอง,แม่สอย,หนองบัว,เสี่ยงน้อย,เสี่ยงปานกลาง,เสี่ยงน้อย,เสี่ยงน้อย,เสี่ยงน้อย,1,2,1,1,1,6,0,1,4,🟢 เสี่ยงต่ำ/ทั่วไป
105,เชียงใหม่,จอมทอง,สบเตี๊ยะ,วังปิน,เสี่ยงปานกลาง,เสี่ยงปานกลาง,เสี่ยงน้อย,เสี่ยงน้อย,เสี่ยงน้อย,2,2,1,1,1,7,0,2,3,🟢 เสี่ยงต่ำ/ทั่วไป
106,เชียงใหม่,จอมทอง,สบเตี๊ยะ,สบเตี๊ยะ,เสี่ยงน้อย,เสี่ยงปานกลาง,เสี่ยงปานกลาง,เสี่ยงน้อย,เสี่ยงน้อย,1,2,2,1,1,7,0,2,3,🟢 เสี่ยงต่ำ/ทั่วไป
107,เชียงใหม่,จอมทอง,สบเตี๊ยะ,เชิงดอย,เสี่ยงปานกลาง,เสี่ยงปานกลาง,เสี่ยงปานกลาง,เสี่ยงน้อย,เสี่ยงน้อย,2,2,2,1,1,8,0,3,2,🟡 เฝ้าระวังปานกลาง (เสี่ยงกลาง 3+ ด้าน)
108,เชียงใหม่,จอมทอง,สบเตี๊ยะ,ท่าหลุก,เสี่ยงปานกลาง,เสี่ยงปานกลาง,เสี่ยงน้อย,เสี่ยงน้อย,เสี่ยงน้อย,2,2,1,1,1,7,0,2,3,🟢 เสี่ยงต่ำ/ทั่วไป
109,เชียงใหม่,จอมทอง,สบเตี๊ยะ,ทุ่งหมากหนุ่ม,เสี่ยงปานกลาง,เสี่ยงปานกลาง,เสี่ยงสูง,เสี่ยงน้อย,เสี่ยงน้อย,2,2,3,1,1,9,1,2,2,⚠️ เฝ้าระวังสูง (เสี่ยงสูง 1 ด้าน)
110,เชียงใหม่,จอมทอง,สบเตี๊ยะ,แท่นดอกไม้,เสี่ยงปานกลาง,เสี่ยงปานกลาง,เสี่ยงน้อย,เสี่ยงน้อย,เสี่ยงน้อย,2,2,1,1,1,7,0,2,3,🟢 เสี่ยงต่ำ/ทั่วไป
111,เชียงใหม่,จอมทอง,สบเตี๊ยะ,ดงหาดนาค,เสี่ยงปานกลาง,เสี่ยงปานกลาง,เสี่ยงน้อย,เสี่ยงน้อย,เสี่ยงน้อย,2,2,1,1,1,7,0,2,3,🟢 เสี่ยงต่ำ/ทั่วไป
112,เชียงใหม่,จอมทอง,สบเตี๊ยะ,ห้วยโจ้,เสี่ยงปานกลาง,เสี่ยงปานกลาง,เสี่ยงปานกลาง,เสี่ยงน้อย,เสี่ยงน้อย,2,2,2,1,1,8,0,3,2,🟡 เฝ้าระวังปานกลาง (เสี่ยงกลาง 3+ ด้าน)
113,เชียงใหม่,จอมทอง,สบเตี๊ยะ,หนองอาบช้าง,เสี่ยงปานกลาง,เสี่ยงปานกลาง,เสี่ยงน้อย,เสี่ยงน้อย,เสี่ยงน้อย,2,2,1,1,1,7,0,2,3,🟢 เสี่ยงต่ำ/ทั่วไป
114,เชียงใหม่,จอมทอง,สบเตี๊ยะ,ทุ่งปูน,เสี่ยงปานกลาง,เสี่ยงปานกลาง,เสี่ยงปานกลาง,เสี่ยงน้อย,เสี่ยงน้อย,2,2,2,1,1,8,0,3,2,🟡 เฝ้าระวังปานกลาง (เสี่ยงกลาง 3+ ด้าน)
115,เชียงใหม่,จอมทอง,สบเตี๊ยะ,ห้วยม่วง,เสี่ยงปานกลาง,เสี่ยงปานกลาง,เสี่ยงน้อย,เสี่ยงน้อย,เสี่ยงน้อย,2,2,1,1,1,7,0,2,3,🟢 เสี่ยงต่ำ/ทั่วไป
116,เชียงใหม่,จอมทอง,สบเตี๊ยะ,วังปาน,เสี่ยงปานกลาง,เสี่ยงปานกลาง,เสี่ยงน้อย,เสี่ยงน้อย,เสี่ยงน้อย,2,2,1,1,1,7,0,2,3,🟢 เสี่ยงต่ำ/ทั่วไป
117,เชียงใหม่,จอมทอง,สบเตี๊ยะ,ห้วยอีแต,เสี่ยงปานกลาง,เสี่ยงปานกลาง,เสี่ยงน้อย,เสี่ยงน้อย,เสี่ยงน้อย,2,2,1,1,1,7,0,2,3,🟢 เสี่ยงต่ำ/ทั่วไป
118,เชียงใหม่,จอมทอง,สบเตี๊ยะ,แม่เตี๊ยะใต้,เสี่ยงปานกลาง,เสี่ยงปานกลาง,เสี่ยงน้อย,เสี่ยงน้อย,เสี่ยงน้อย,2,2,1,1,1,7,0,2,3,🟢 เสี่ยงต่ำ/ทั่วไป
119,เชียงใหม่,จอมทอง,สบเตี๊ยะ,คะนาอัน,เสี่ยงปานกลาง,เสี่ยงปานกลาง,เสี่ยงน้อย,เสี่ยงน้อย,เสี่ยงน้อย,2,2,1,1,1,7,0,2,3,🟢 เสี่ยงต่ำ/ทั่วไป
120,เชียงใหม่,จอมทอง,สบเตี๊ยะ,บน,เสี่ยงปานกลาง,เสี่ยงน้อย,เสี่ยงน้อย,เสี่ยงน้อย,เสี่ยงน้อย,2,1,1,1,1,6,0,1,4,🟢 เสี่ยงต่ำ/ทั่วไป
121,เชียงใหม่,จอมทอง,สบเตี๊ยะ,หาดนาค,เสี่ยงปานกลาง,เสี่ยงปานกลาง,เสี่ยงน้อย,เสี่ยงน้อย,เสี่ยงน้อย,2,2,1,1,1,7,0,2,3,🟢 เสี่ยงต่ำ/ทั่วไป
122,เชียงใหม่,จอมทอง,สบเตี๊ยะ,พุทธนิมิตร,เสี่ยงปานกลาง,เสี่ยงปานกลาง,เสี่ยงน้อย,เสี่ยงน้อย,เสี่ยงน้อย,2,2,1,1,1,7,0,2,3,🟢 เสี่ยงต่ำ/ทั่วไป
123,เชียงใหม่,จอมทอง,สบเตี๊ยะ,ชาววัง,เสี่ยงปานกลาง,เสี่ยงปานกลาง,เสี่ยงปานกลาง,เสี่ยงน้อย,เสี่ยงน้อย,2,2,2,1,1,8,0,3,2,🟡 เฝ้าระวังปานกลาง (เสี่ยงกลาง 3+ ด้าน)
124,เชียงใหม่,จอมทอง,สบเตี๊ยะ,เด่นตะวันใต้,เสี่ยงปานกลาง,เสี่ยงปานกลาง,เสี่ยงปานกลาง,เสี่ยงน้อย,เสี่ยงน้อย,2,2,2,1,1,8,0,3,2,🟡 เฝ้าระวังปานกลาง (เสี่ยงกลาง 3+ ด้าน)
125,เชียงใหม่,จอมทอง,สบเตี๊ยะ,แท่นดอกไม้ใต้,เสี่ยงปานกลาง,เสี่ยงปานกลาง,เสี่ยงน้อย,เสี่ยงน้อย,เสี่ยงน้อย,2,2,1,1,1,7,0,2,3,🟢 เสี่ยงต่ำ/ทั่วไป
126,เชียงใหม่,เชียงดาว,เชียงดาว,ทุ่งละคร,เสี่ยงน้อย,เสี่ยงปานกลาง,เสี่ยงปานกลาง,เสี่ยงน้อย,เสี่ยงน้อย,1,2,2,1,1,7,0,2,3,🟢 เสี่ยงต่ำ/ทั่วไป
127,เชียงใหม่,เชียงดาว,เชียงดาว,ดอน,เสี่ยงน้อย,เสี่ยงปานกลาง,เสี่ยงน้อย,เสี่ยงน้อย,เสี่ยงน้อย,1,2,1,1,1,6,0,1,4,🟢 เสี่ยงต่ำ/ทั่วไป
128,เชียงใหม่,เชียงดาว,เชียงดาว,ม่วงฆ้อง,เสี่ยงน้อย,เสี่ยงปานกลาง,เสี่ยงน้อย,เสี่ยงน้อย,เสี่ยงน้อย,1,2,1,1,1,6,0,1,4,🟢 เสี่ยงต่ำ/ทั่วไป
129,เชียงใหม่,เชียงดาว,เชียงดาว,วังจ๊อม,เสี่ยงน้อย,เสี่ยงปานกลาง,เสี่ยงปานกลาง,เสี่ยงน้อย,เสี่ยงน้อย,1,2,2,1,1,7,0,2,3,🟢 เสี่ยงต่ำ/ทั่วไป
130,เชียงใหม่,เชียงดาว,เชียงดาว,ถ้ำ,เสี่ยงน้อย,เสี่ยงปานกลาง,เสี่ยงน้อย,เสี่ยงน้อย,เสี่ยงน้อย,1,2,1,1,1,6,0,1,4,🟢 เสี่ยงต่ำ/ทั่วไป
131,เชียงใหม่,เชียงดาว,เชียงดาว,เชียงดาว,เสี่ยงน้อย,เสี่ยงน้อย,เสี่ยงปานกลาง,เสี่ยงน้อย,เสี่ยงน้อย,1,1,2,1,1,6,0,1,4,🟢 เสี่ยงต่ำ/ทั่วไป
132,เชียงใหม่,เชียงดาว,เชียงดาว,ดง,เสี่ยงปานกลาง,เสี่ยงปานกลาง,เสี่ยงปานกลาง,เสี่ยงน้อย,เสี่ยงน้อย,2,2,2,1,1,8,0,3,2,🟡 เฝ้าระวังปานกลาง (เสี่ยงกลาง 3+ ด้าน)
133,เชียงใหม่,เชียงดาว,เชียงดาว,แม่ก๊ะ,เสี่ยงน้อย,เสี่ยงปานกลาง,เสี่ยงปานกลาง,เสี่ยงน้อย,เสี่ยงน้อย,1,2,2,1,1,7,0,2,3,🟢 เสี่ยงต่ำ/ทั่วไป
134,เชียงใหม่,เชียงดาว,เชียงดาว,ทุ่งหลุก,เสี่ยงปานกลาง,เสี่ยงปานกลาง,เสี่ยงสูง,เสี่ยงน้อย,เสี่ยงน้อย,2,2,3,1,1,9,1,2,2,⚠️ เฝ้าระวังสูง (เสี่ยงสูง 1 ด้าน)
135,เชียงใหม่,เชียงดาว,เชียงดาว,นาเลา,เสี่ยงปานกลาง,เสี่ยงปานกลาง,เสี่ยงน้อย,เสี่ยงน้อย,เสี่ยงน้อย,2,2,1,1,1,7,0,2,3,🟢 เสี่ยงต่ำ/ทั่วไป
136,เชียงใหม่,เชียงดาว,เชียงดาว,แม่เตาะ,เสี่ยงปานกลาง,เสี่ยงปานกลาง,เสี่ยงปานกลาง,เสี่ยงน้อย,เสี่ยงน้อย,2,2,2,1,1,8,0,3,2,🟡 เฝ้าระวังปานกลาง (เสี่ยงกลาง 3+ ด้าน)
137,เชียงใหม่,เชียงดาว,เชียงดาว,โรงวัว,เสี่ยงน้อย,เสี่ยงปานกลาง,เสี่ยงน้อย,เสี่ยงน้อย,เสี่ยงน้อย,1,2,1,1,1,6,0,1,4,🟢 เสี่ยงต่ำ/ทั่วไป
138,เชียงใหม่,เชียงดาว,เชียงดาว,ทุ่งดินแดง,เสี่ยงน้อย,เสี่ยงปานกลาง,เสี่ยงปานกลาง,เสี่ยงน้อย,เสี่ยงน้อย,1,2,2,1,1,7,0,2,3,🟢 เสี่ยงต่ำ/ทั่วไป
139,เชียงใหม่,เชียงดาว,เชียงดาว,หัวทุ่ง,เสี่ยงน้อย,เสี่ยงปานกลาง,เสี่ยงปานกลาง,เสี่ยงน้อย,เสี่ยงน้อย,1,2,2,1,1,7,0,2,3,🟢 เสี่ยงต่ำ/ทั่วไป
140,เชียงใหม่,เชียงดาว,เชียงดาว,ศรีสะอาด,เสี่ยงน้อย,เสี่ยงปานกลาง,เสี่ยงน้อย,เสี่ยงน้อย,เสี่ยงน้อย,1,2,1,1,1,6,0,1,4,🟢 เสี่ยงต่ำ/ทั่วไป
141,เชียงใหม่,เชียงดาว,เชียงดาว,ผาลาย,เสี่ยงน้อย,เสี่ยงปานกลาง,เสี่ยงน้อย,เสี่ยงน้อย,เสี่ยงน้อย,1,2,1,1,1,6,0,1,4,🟢 เสี่ยงต่ำ/ทั่วไป
142,เชียงใหม่,เชียงดาว,ทุ่งข้าวพวง,ห้วยเป้า,เสี่ยงน้อย,เสี่ยงปานกลาง,เสี่ยงปานกลาง,เสี่ยงน้อย,เสี่ยงปานกลาง,1,2,2,1,2,8,0,3,2,🟡 เฝ้าระวังปานกลาง (เสี่ยงกลาง 3+ ด้าน)
143,เชียงใหม่,เชียงดาว,ทุ่งข้าวพวง,แม่ก๋อน,เสี่ยงน้อย,เสี่ยงปานกลาง,เสี่ยงน้อย,เสี่ยงน้อย,เสี่ยงปานกลาง,1,2,1,1,2,7,0,2,3,🟢 เสี่ยงต่ำ/ทั่วไป
144,เชียงใหม่,เชียงดาว,ทุ่งข้าวพวง,ทุ่งข้าวพวง,เสี่ยงน้อย,เสี่ยงน้อย,เสี่ยงปานกลาง,เสี่ยงน้อย,เสี่ยงปานกลาง,1,1,2,1,2,7,0,2,3,🟢 เสี่ยงต่ำ/ทั่วไป
145,เชียงใหม่,เชียงดาว,ทุ่งข้าวพวง,แม่จา,เสี่ยงน้อย,เสี่ยงปานกลาง,เสี่ยงน้อย,เสี่ยงน้อย,เสี่ยงปานกลาง,1,2,1,1,2,7,0,2,3,🟢 เสี่ยงต่ำ/ทั่วไป
146,เชียงใหม่,เชียงดาว,ทุ่งข้าวพวง,ทุ่งข้าวหลวง,เสี่ยงน้อย,เสี่ยงน้อย,เสี่ยงน้อย,เสี่ยงน้อย,เสี่ยงปานกลาง,1,1,1,1,2,6,0,1,4,🟢 เสี่ยงต่ำ/ทั่วไป
147,เชียงใหม่,เชียงดาว,ทุ่งข้าวพวง,ขุนคอง,เสี่ยงน้อย,เสี่ยงปานกลาง,เสี่ยงน้อย,เสี่ยงน้อย,เสี่ยงปานกลาง,1,2,1,1,2,7,0,2,3,🟢 เสี่ยงต่ำ/ทั่วไป
148,เชียงใหม่,เชียงดาว,ทุ่งข้าวพวง,ห้วยตีนตั่ง,เสี่ยงน้อย,เสี่ยงปานกลาง,เสี่ยงน้อย,เสี่ยงน้อย,เสี่ยงปานกลาง,1,2,1,1,2,7,0,2,3,🟢 เสี่ยงต่ำ/ทั่วไป
149,เชียงใหม่,เชียงดาว,ปิงโค้ง,ออน,เสี่ยงน้อย,เสี่ยงน้อย,เสี่ยงน้อย,เสี่ยงน้อย,เสี่ยงน้อย,1,1,1,1,1,5,0,0,5,🟢 เสี่ยงต่ำ/ทั่วไป
150,เชียงใหม่,เชียงดาว,ปิงโค้ง,ปางเฟือง,เสี่ยงน้อย,เสี่ยงปานกลาง,เสี่ยงปานกลาง,เสี่ยงน้อย,เสี่ยงน้อย,1,2,2,1,1,7,0,2,3,🟢 เสี่ยงต่ำ/ทั่วไป
151,เชียงใหม่,เชียงดาว,ปิงโค้ง,แม่ป๋าม,เสี่ยงน้อย,เสี่ยงปานกลาง,เสี่ยงปานกลาง,เสี่ยงน้อย,เสี่ยงน้อย,1,2,2,1,1,7,0,2,3,🟢 เสี่ยงต่ำ/ทั่วไป
152,เชียงใหม่,เชียงดาว,ปิงโค้ง,ปางมะเยา,เสี่ยงน้อย,เสี่ยงปานกลาง,เสี่ยงปานกลาง,เสี่ยงปานกลาง,เสี่ยงน้อย,1,2,2,2,1,8,0,3,2,🟡 เฝ้าระวังปานกลาง (เสี่ยงกลาง 3+ ด้าน)
153,เชียงใหม่,เชียงดาว,ปิงโค้ง,ไตรสภาวคาม,เสี่ยงน้อย,เสี่ยงปานกลาง,เสี่ยงปานกลาง,เสี่ยงน้อย,เสี่ยงน้อย,1,2,2,1,1,7,0,2,3,🟢 เสี่ยงต่ำ/ทั่วไป
154,เชียงใหม่,เชียงดาว,ปิงโค้ง,หัวโท,เสี่ยงน้อย,เสี่ยงปานกลาง,เสี่ยงน้อย,เสี่ยงน้อย,เสี่ยงน้อย,1,2,1,1,1,6,0,1,4,🟢 เสี่ยงต่ำ/ทั่วไป
155,เชียงใหม่,เชียงดาว,ปิงโค้ง,ห้วยลึก,เสี่ยงน้อย,เสี่ยงปานกลาง,เสี่ยงปานกลาง,เสี่ยงน้อย,เสี่ยงน้อย,1,2,2,1,1,7,0,2,3,🟢 เสี่ยงต่ำ/ทั่วไป
156,เชียงใหม่,เชียงดาว,ปิงโค้ง,ปางโม่,เสี่ยงน้อย,เสี่ยงปานกลาง,เสี่ยงปานกลาง,เสี่ยงน้อย,เสี่ยงน้อย,1,2,2,1,1,7,0,2,3,🟢 เสี่ยงต่ำ/ทั่วไป
157,เชียงใหม่,เชียงดาว,ปิงโค้ง,ห้วยจะค่าน,เสี่ยงน้อย,เสี่ยงปานกลาง,เสี่ยงปานกลาง,เสี่ยงน้อย,เสี่ยงน้อย,1,2,2,1,1,7,0,2,3,🟢 เสี่ยงต่ำ/ทั่วไป
158,เชียงใหม่,เชียงดาว,ปิงโค้ง,ใหม่สามัคคี,เสี่ยงน้อย,เสี่ยงปานกลาง,เสี่ยงปานกลาง,เสี่ยงน้อย,เสี่ยงน้อย,1,2,2,1,1,7,0,2,3,🟢 เสี่ยงต่ำ/ทั่วไป
159,เชียงใหม่,เชียงดาว,ปิงโค้ง,ปางมะกง,เสี่ยงปานกลาง,เสี่ยงปานกลาง,เสี่ยงปานกลาง,เสี่ยงน้อย,เสี่ยงน้อย,2,2,2,1,1,8,0,3,2,🟡 เฝ้าระวังปานกลาง (เสี่ยงกลาง 3+ ด้าน)
160,เชียงใหม่,เชียงดาว,ปิงโค้ง,แม่มะกู้,เสี่ยงน้อย,เสี่ยงปานกลาง,เสี่ยงปานกลาง,เสี่ยงน้อย,เสี่ยงน้อย,1,2,2,1,1,7,0,2,3,🟢 เสี่ยงต่ำ/ทั่วไป
161,เชียงใหม่,เชียงดาว,ปิงโค้ง,ปิงโค้ง,เสี่ยงน้อย,เสี่ยงน้อย,เสี่ยงน้อย,เสี่ยงน้อย,เสี่ยงน้อย,1,1,1,1,1,5,0,0,5,🟢 เสี่ยงต่ำ/ทั่วไป
162,เชียงใหม่,เชียงดาว,ปิงโค้ง,ป่าตึงงาม,เสี่ยงน้อย,เสี่ยงปานกลาง,เสี่ยงปานกลาง,เสี่ยงน้อย,เสี่ยงน้อย,1,2,2,1,1,7,0,2,3,🟢 เสี่ยงต่ำ/ทั่วไป
163,เชียงใหม่,เชียงดาว,ปิงโค้ง,หนองเต่า,เสี่ยงน้อย,เสี่ยงปานกลาง,เสี่ยงปานกลาง,เสี่ยงน้อย,เสี่ยงน้อย,1,2,2,1,1,7,0,2,3,🟢 เสี่ยงต่ำ/ทั่วไป
164,เชียงใหม่,เชียงดาว,ปิงโค้ง,ห้วยน้ำริน,เสี่ยงน้อย,เสี่ยงปานกลาง,เสี่ยงปานกลาง,เสี่ยงน้อย,เสี่ยงน้อย,1,2,2,1,1,7,0,2,3,🟢 เสี่ยงต่ำ/ทั่วไป
165,เชียงใหม่,เชียงดาว,เมืองคอง,ใหม่,เสี่ยงปานกลาง,เสี่ยงปานกลาง,เสี่ยงปานกลาง,เสี่ยงน้อย,เสี่ยงปานกลาง,2,2,2,1,2,9,0,4,1,🟡 เฝ้าระวังปานกลาง (เสี่ยงกลาง 3+ ด้าน)
166,เชียงใหม่,เชียงดาว,เมืองคอง,วังมะริว,เสี่ยงปานกลาง,เสี่ยงปานกลาง,เสี่ยงปานกลาง,เสี่ยงน้อย,เสี่ยงปานกลาง,2,2,2,1,2,9,0,4,1,🟡 เฝ้าระวังปานกลาง (เสี่ยงกลาง 3+ ด้าน)
167,เชียงใหม่,เชียงดาว,เมืองคอง,หนองบัว,เสี่ยงน้อย,เสี่ยงปานกลาง,เสี่ยงปานกลาง,เสี่ยงน้อย,เสี่ยงปานกลาง,1,2,2,1,2,8,0,3,2,🟡 เฝ้าระวังปานกลาง (เสี่ยงกลาง 3+ ด้าน)
168,เชียงใหม่,เชียงดาว,เมืองคอง,หลวง,เสี่ยงน้อย,เสี่ยงปานกลาง,เสี่ยงสูง,เสี่ยงน้อย,เสี่ยงปานกลาง,1,2,3,1,2,9,1,2,2,⚠️ เฝ้าระวังสูง (เสี่ยงสูง 1 ด้าน)
169,เชียงใหม่,เชียงดาว,เมืองคอง,น้ำรู,เสี่ยงปานกลาง,เสี่ยงปานกลาง,เสี่ยงปานกลาง,เสี่ยงน้อย,เสี่ยงปานกลาง,2,2,2,1,2,9,0,4,1,🟡 เฝ้าระวังปานกลาง (เสี่ยงกลาง 3+ ด้าน)
170,เชียงใหม่,เชียงดาว,เมืองคอง,แม่แพลม,เสี่ยงปานกลาง,เสี่ยงปานกลาง,เสี่ยงปานกลาง,เสี่ยงน้อย,เสี่ยงปานกลาง,2,2,2,1,2,9,0,4,1,🟡 เฝ้าระวังปานกลาง (เสี่ยงกลาง 3+ ด้าน)
171,เชียงใหม่,เชียงดาว,เมืองงาย,เมืองงาย,เสี่ยงน้อย,เสี่ยงน้อย,เสี่ยงปานกลาง,เสี่ยงน้อย,เสี่ยงน้อย,1,1,2,1,1,6,0,1,4,🟢 เสี่ยงต่ำ/ทั่วไป
172,เชียงใหม่,เชียงดาว,เมืองงาย,เมืองงาย,เสี่ยงน้อย,เสี่ยงน้อย,เสี่ยงน้อย,เสี่ยงน้อย,เสี่ยงน้อย,1,1,1,1,1,5,0,0,5,🟢 เสี่ยงต่ำ/ทั่วไป
173,เชียงใหม่,เชียงดาว,เมืองงาย,ใหม่,เสี่ยงน้อย,เสี่ยงน้อย,เสี่ยงน้อย,เสี่ยงน้อย,เสี่ยงน้อย,1,1,1,1,1,5,0,0,5,🟢 เสี่ยงต่ำ/ทั่วไป
174,เชียงใหม่,เชียงดาว,เมืองงาย,แม่ข้อน,เสี่ยงปานกลาง,เสี่ยงปานกลาง,เสี่ยงน้อย,เสี่ยงน้อย,เสี่ยงน้อย,2,2,1,1,1,7,0,2,3,🟢 เสี่ยงต่ำ/ทั่วไป
175,เชียงใหม่,เชียงดาว,เมืองงาย,สบงาย,เสี่ยงปานกลาง,เสี่ยงปานกลาง,เสี่ยงน้อย,เสี่ยงน้อย,เสี่ยงน้อย,2,2,1,1,1,7,0,2,3,🟢 เสี่ยงต่ำ/ทั่วไป
176,เชียงใหม่,เชียงดาว,เมืองงาย,หนองขะแตะ,เสี่ยงสูง,เสี่ยงปานกลาง,เสี่ยงน้อย,เสี่ยงน้อย,เสี่ยงน้อย,3,2,1,1,1,8,1,1,3,⚠️ เฝ้าระวังสูง (เสี่ยงสูง 1 ด้าน)
177,เชียงใหม่,เชียงดาว,เมืองงาย,ขุนข้อน,เสี่ยงสูง,เสี่ยงปานกลาง,เสี่ยงน้อย,เสี่ยงน้อย,เสี่ยงน้อย,3,2,1,1,1,8,1,1,3,⚠️ เฝ้าระวังสูง (เสี่ยงสูง 1 ด้าน)
178,เชียงใหม่,เชียงดาว,เมืองงาย,สหกรณ์,เสี่ยงสูง,เสี่ยงปานกลาง,เสี่ยงน้อย,เสี่ยงน้อย,เสี่ยงน้อย,3,2,1,1,1,8,1,1,3,⚠️ เฝ้าระวังสูง (เสี่ยงสูง 1 ด้าน)
179,เชียงใหม่,เชียงดาว,เมืองงาย,ม่วงโง้ม,เสี่ยงน้อย,เสี่ยงน้อย,เสี่ยงน้อย,เสี่ยงน้อย,เสี่ยงน้อย,1,1,1,1,1,5,0,0,5,🟢 เสี่ยงต่ำ/ทั่วไป
180,เชียงใหม่,เชียงดาว,เมืองงาย,สัน,เสี่ยงน้อย,เสี่ยงน้อย,เสี่ยงน้อย,เสี่ยงน้อย,เสี่ยงน้อย,1,1,1,1,1,5,0,0,5,🟢 เสี่ยงต่ำ/ทั่วไป
181,เชียงใหม่,เชียงดาว,เมืองงาย,หนองบัว,เสี่ยงปานกลาง,เสี่ยงปานกลาง,เสี่ยงน้อย,เสี่ยงน้อย,เสี่ยงน้อย,2,2,1,1,1,7,0,2,3,🟢 เสี่ยงต่ำ/ทั่วไป
182,เชียงใหม่,เชียงดาว,เมืองนะ,เมืองนะ,เสี่ยงน้อย,เสี่ยงปานกลาง,เสี่ยงปานกลาง,เสี่ยงน้อย,เสี่ยงปานกลาง,1,2,2,1,2,8,0,3,2,🟡 เฝ้าระวังปานกลาง (เสี่ยงกลาง 3+ ด้าน)
183,เชียงใหม่,เชียงดาว,เมืองนะ,แกน้อย,เสี่ยงปานกลาง,เสี่ยงสูง,เสี่ยงปานกลาง,เสี่ยงน้อย,เสี่ยงปานกลาง,2,3,2,1,2,10,1,3,1,⚠️ เฝ้าระวังสูง (เสี่ยงสูง 1 ด้าน)
184,เชียงใหม่,เชียงดาว,เมืองนะ,นาหวาย,เสี่ยงปานกลาง,เสี่ยงสูง,เสี่ยงปานกลาง,เสี่ยงน้อย,เสี่ยงปานกลาง,2,3,2,1,2,10,1,3,1,⚠️ เฝ้าระวังสูง (เสี่ยงสูง 1 ด้าน)
185,เชียงใหม่,เชียงดาว,เมืองนะ,โละป่าหาญ,เสี่ยงน้อย,เสี่ยงปานกลาง,เสี่ยงปานกลาง,เสี่ยงน้อย,เสี่ยงปานกลาง,1,2,2,1,2,8,0,3,2,🟡 เฝ้าระวังปานกลาง (เสี่ยงกลาง 3+ ด้าน)
186,เชียงใหม่,เชียงดาว,เมืองนะ,โป่งอาง,เสี่ยงน้อย,เสี่ยงสูง,เสี่ยงน้อย,เสี่ยงน้อย,เสี่ยงปานกลาง,1,3,1,1,2,8,1,1,3,⚠️ เฝ้าระวังสูง (เสี่ยงสูง 1 ด้าน)
187,เชียงใหม่,เชียงดาว,เมืองนะ,น้ำรู,เสี่ยงน้อย,เสี่ยงปานกลาง,เสี่ยงปานกลาง,เสี่ยงน้อย,เสี่ยงปานกลาง,1,2,2,1,2,8,0,3,2,🟡 เฝ้าระวังปานกลาง (เสี่ยงกลาง 3+ ด้าน)
188,เชียงใหม่,เชียงดาว,เมืองนะ,ห้วยไส้,เสี่ยงน้อย,เสี่ยงปานกลาง,เสี่ยงปานกลาง,เสี่ยงน้อย,เสี่ยงปานกลาง,1,2,2,1,2,8,0,3,2,🟡 เฝ้าระวังปานกลาง (เสี่ยงกลาง 3+ ด้าน)
189,เชียงใหม่,เชียงดาว,เมืองนะ,จองคำ,เสี่ยงน้อย,เสี่ยงปานกลาง,เสี่ยงน้อย,เสี่ยงน้อย,เสี่ยงปานกลาง,1,2,1,1,2,7,0,2,3,🟢 เสี่ยงต่ำ/ทั่วไป
190,เชียงใหม่,เชียงดาว,เมืองนะ,ไชยยา,เสี่ยงน้อย,เสี่ยงปานกลาง,เสี่ยงปานกลาง,เสี่ยงน้อย,เสี่ยงปานกลาง,1,2,2,1,2,8,0,3,2,🟡 เฝ้าระวังปานกลาง (เสี่ยงกลาง 3+ ด้าน)
191,เชียงใหม่,เชียงดาว,เมืองนะ,อรุโณทัย,เสี่ยงน้อย,เสี่ยงปานกลาง,เสี่ยงน้อย,เสี่ยงน้อย,เสี่ยงปานกลาง,1,2,1,1,2,7,0,2,3,🟢 เสี่ยงต่ำ/ทั่วไป
192,เชียงใหม่,เชียงดาว,เมืองนะ,หนองแขม,เสี่ยงน้อย,เสี่ยงปานกลาง,เสี่ยงน้อย,เสี่ยงน้อย,เสี่ยงปานกลาง,1,2,1,1,2,7,0,2,3,🟢 เสี่ยงต่ำ/ทั่วไป
193,เชียงใหม่,เชียงดาว,เมืองนะ,หนองเขียว,เสี่ยงน้อย,เสี่ยงปานกลาง,เสี่ยงน้อย,เสี่ยงน้อย,เสี่ยงปานกลาง,1,2,1,1,2,7,0,2,3,🟢 เสี่ยงต่ำ/ทั่วไป
194,เชียงใหม่,เชียงดาว,เมืองนะ,เจียจันทร์,เสี่ยงปานกลาง,เสี่ยงปานกลาง,เสี่ยงน้อย,เสี่ยงน้อย,เสี่ยงปานกลาง,2,2,1,1,2,8,0,3,2,🟡 เฝ้าระวังปานกลาง (เสี่ยงกลาง 3+ ด้าน)
195,เชียงใหม่,เชียงดาว,เมืองนะ,ใหม่สามัคคี,เสี่ยงน้อย,เสี่ยงปานกลาง,เสี่ยงน้อย,เสี่ยงน้อย,เสี่ยงปานกลาง,1,2,1,1,2,7,0,2,3,🟢 เสี่ยงต่ำ/ทั่วไป
196,เชียงใหม่,เชียงดาว,แม่นะ,ป่าบง,เสี่ยงน้อย,เสี่ยงปานกลาง,เสี่ยงสูง,เสี่ยงปานกลาง,เสี่ยงน้อย,1,2,3,2,1,9,1,2,2,⚠️ เฝ้าระวังสูง (เสี่ยงสูง 1 ด้าน)
197,เชียงใหม่,เชียงดาว,แม่นะ,แม่นะ,เสี่ยงน้อย,เสี่ยงปานกลาง,เสี่ยงสูง,เสี่ยงน้อย,เสี่ยงน้อย,1,2,3,1,1,8,1,1,3,⚠️ เฝ้าระวังสูง (เสี่ยงสูง 1 ด้าน)
198,เชียงใหม่,เชียงดาว,แม่นะ,จอมคีรี,เสี่ยงน้อย,เสี่ยงปานกลาง,เสี่ยงสูง,เสี่ยงน้อย,เสี่ยงน้อย,1,2,3,1,1,8,1,1,3,⚠️ เฝ้าระวังสูง (เสี่ยงสูง 1 ด้าน)
199,เชียงใหม่,เชียงดาว,แม่นะ,ห้วยโจ้,เสี่ยงน้อย,เสี่ยงปานกลาง,เสี่ยงปานกลาง,เสี่ยงน้อย,เสี่ยงน้อย,1,2,2,1,1,7,0,2,3,🟢 เสี่ยงต่ำ/ทั่วไป
200,เชียงใหม่,เชียงดาว,แม่นะ,แม่ยะ,เสี่ยงปานกลาง,เสี่ยงปานกลาง,เสี่ยงปานกลาง,เสี่ยงน้อย,เสี่ยงน้อย,2,2,2,1,1,8,0,3,2,🟡 เฝ้าระวังปานกลาง (เสี่ยงกลาง 3+ ด้าน)
201,เชียงใหม่,เชียงดาว,แม่นะ,สบคาบ,เสี่ยงน้อย,เสี่ยงปานกลาง,เสี่ยงสูง,เสี่ยงน้อย,เสี่ยงน้อย,1,2,3,1,1,8,1,1,3,⚠️ เฝ้าระวังสูง (เสี่ยงสูง 1 ด้าน)
202,เชียงใหม่,เชียงดาว,แม่นะ,สบอ้อ,เสี่ยงน้อย,เสี่ยงปานกลาง,เสี่ยงปานกลาง,เสี่ยงน้อย,เสี่ยงน้อย,1,2,2,1,1,7,0,2,3,🟢 เสี่ยงต่ำ/ทั่วไป
203,เชียงใหม่,เชียงดาว,แม่นะ,แม่อ้อใน,เสี่ยงปานกลาง,เสี่ยงปานกลาง,เสี่ยงปานกลาง,เสี่ยงปานกลาง,เสี่ยงน้อย,2,2,2,2,1,9,0,4,1,🟡 เฝ้าระวังปานกลาง (เสี่ยงกลาง 3+ ด้าน)
204,เชียงใหม่,เชียงดาว,แม่นะ,ปางมะโอ,เสี่ยงน้อย,เสี่ยงปานกลาง,เสี่ยงปานกลาง,เสี่ยงน้อย,เสี่ยงน้อย,1,2,2,1,1,7,0,2,3,🟢 เสี่ยงต่ำ/ทั่วไป
205,เชียงใหม่,เชียงดาว,แม่นะ,แก่งปันเต๊า,เสี่ยงน้อย,เสี่ยงปานกลาง,เสี่ยงปานกลาง,เสี่ยงน้อย,เสี่ยงน้อย,1,2,2,1,1,7,0,2,3,🟢 เสี่ยงต่ำ/ทั่วไป
206,เชียงใหม่,เชียงดาว,แม่นะ,แม่แมะ,เสี่ยงน้อย,เสี่ยงปานกลาง,เสี่ยงปานกลาง,เสี่ยงน้อย,เสี่ยงน้อย,1,2,2,1,1,7,0,2,3,🟢 เสี่ยงต่ำ/ทั่วไป
207,เชียงใหม่,เชียงดาว,แม่นะ,ปางโฮ้ง,เสี่ยงปานกลาง,เสี่ยงปานกลาง,เสี่ยงปานกลาง,เสี่ยงน้อย,เสี่ยงน้อย,2,2,2,1,1,8,0,3,2,🟡 เฝ้าระวังปานกลาง (เสี่ยงกลาง 3+ ด้าน)
208,เชียงใหม่,เชียงดาว,แม่นะ,แม่ซ้าย,เสี่ยงน้อย,เสี่ยงปานกลาง,เสี่ยงปานกลาง,เสี่ยงน้อย,เสี่ยงน้อย,1,2,2,1,1,7,0,2,3,🟢 เสี่ยงต่ำ/ทั่วไป
209,เชียงใหม่,ไชยปราการ,ปงตำ,ปงตำ,เสี่ยงน้อย,เสี่ยงปานกลาง,เสี่ยงปานกลาง,เสี่ยงปานกลาง,เสี่ยงน้อย,1,2,2,2,1,8,0,3,2,🟡 เฝ้าระวังปานกลาง (เสี่ยงกลาง 3+ ด้าน)
210,เชียงใหม่,ไชยปราการ,ปงตำ,ท่า,เสี่ยงน้อย,เสี่ยงปานกลาง,เสี่ยงน้อย,เสี่ยงปานกลาง,เสี่ยงน้อย,1,2,1,2,1,7,0,2,3,🟢 เสี่ยงต่ำ/ทั่วไป
211,เชียงใหม่,ไชยปราการ,ปงตำ,ปางควาย,เสี่ยงน้อย,เสี่ยงปานกลาง,เสี่ยงน้อย,เสี่ยงปานกลาง,เสี่ยงน้อย,1,2,1,2,1,7,0,2,3,🟢 เสี่ยงต่ำ/ทั่วไป
212,เชียงใหม่,ไชยปราการ,ปงตำ,มิตรอรัญ,เสี่ยงน้อย,เสี่ยงปานกลาง,เสี่ยงน้อย,เสี่ยงปานกลาง,เสี่ยงน้อย,1,2,1,2,1,7,0,2,3,🟢 เสี่ยงต่ำ/ทั่วไป
213,เชียงใหม่,ไชยปราการ,ปงตำ,ป่ารวก,เสี่ยงน้อย,เสี่ยงปานกลาง,เสี่ยงน้อย,เสี่ยงปานกลาง,เสี่ยงน้อย,1,2,1,2,1,7,0,2,3,🟢 เสี่ยงต่ำ/ทั่วไป
214,เชียงใหม่,ไชยปราการ,ปงตำ,ห้วยม่วง,เสี่ยงน้อย,เสี่ยงปานกลาง,เสี่ยงน้อย,เสี่ยงปานกลาง,เสี่ยงน้อย,1,2,1,2,1,7,0,2,3,🟢 เสี่ยงต่ำ/ทั่วไป
215,เชียงใหม่,ไชยปราการ,ปงตำ,ห้วยบง,เสี่ยงน้อย,เสี่ยงปานกลาง,เสี่ยงน้อย,เสี่ยงปานกลาง,เสี่ยงน้อย,1,2,1,2,1,7,0,2,3,🟢 เสี่ยงต่ำ/ทั่วไป
216,เชียงใหม่,ไชยปราการ,ปงตำ,ทุ่งยาว,เสี่ยงน้อย,เสี่ยงปานกลาง,เสี่ยงปานกลาง,เสี่ยงปานกลาง,เสี่ยงน้อย,1,2,2,2,1,8,0,3,2,🟡 เฝ้าระวังปานกลาง (เสี่ยงกลาง 3+ ด้าน)
217,เชียงใหม่,ไชยปราการ,แม่ทะลบ,แม่ทะลบ,เสี่ยงน้อย,เสี่ยงน้อย,เสี่ยงปานกลาง,เสี่ยงน้อย,เสี่ยงปานกลาง,1,1,2,1,2,7,0,2,3,🟢 เสี่ยงต่ำ/ทั่วไป
218,เชียงใหม่,ไชยปราการ,แม่ทะลบ,ป่าแดง,เสี่ยงน้อย,เสี่ยงปานกลาง,เสี่ยงปานกลาง,เสี่ยงน้อย,เสี่ยงปานกลาง,1,2,2,1,2,8,0,3,2,🟡 เฝ้าระวังปานกลาง (เสี่ยงกลาง 3+ ด้าน)
219,เชียงใหม่,ไชยปราการ,แม่ทะลบ,ดงป่างิ้ว,เสี่ยงน้อย,เสี่ยงปานกลาง,เสี่ยงน้อย,เสี่ยงปานกลาง,เสี่ยงปานกลาง,1,2,1,2,2,8,0,3,2,🟡 เฝ้าระวังปานกลาง (เสี่ยงกลาง 3+ ด้าน)
220,เชียงใหม่,ไชยปราการ,แม่ทะลบ,ดอยหล่อ,เสี่ยงน้อย,เสี่ยงปานกลาง,เสี่ยงน้อย,เสี่ยงปานกลาง,เสี่ยงปานกลาง,1,2,1,2,2,8,0,3,2,🟡 เฝ้าระวังปานกลาง (เสี่ยงกลาง 3+ ด้าน)
221,เชียงใหม่,ไชยปราการ,แม่ทะลบ,ดง,เสี่ยงน้อย,เสี่ยงน้อย,เสี่ยงปานกลาง,เสี่ยงปานกลาง,เสี่ยงปานกลาง,1,1,2,2,2,8,0,3,2,🟡 เฝ้าระวังปานกลาง (เสี่ยงกลาง 3+ ด้าน)
222,เชียงใหม่,ไชยปราการ,แม่ทะลบ,ใหม่พัฒนา,เสี่ยงน้อย,เสี่ยงปานกลาง,เสี่ยงปานกลาง,เสี่ยงน้อย,เสี่ยงปานกลาง,1,2,2,1,2,8,0,3,2,🟡 เฝ้าระวังปานกลาง (เสี่ยงกลาง 3+ ด้าน)
223,เชียงใหม่,ไชยปราการ,แม่ทะลบ,ห้วยต้นตอง,เสี่ยงน้อย,เสี่ยงปานกลาง,เสี่ยงน้อย,เสี่ยงน้อย,เสี่ยงปานกลาง,1,2,1,1,2,7,0,2,3,🟢 เสี่ยงต่ำ/ทั่วไป
224,เชียงใหม่,ไชยปราการ,ศรีดงเย็น,แม่ขิ,เสี่ยงปานกลาง,เสี่ยงปานกลาง,เสี่ยงปานกลาง,เสี่ยงน้อย,เสี่ยงน้อย,2,2,2,1,1,8,0,3,2,🟡 เฝ้าระวังปานกลาง (เสี่ยงกลาง 3+ ด้าน)
225,เชียงใหม่,ไชยปราการ,ศรีดงเย็น,แม่ขิหล่ายฝาง,เสี่ยงน้อย,เสี่ยงปานกลาง,เสี่ยงน้อย,เสี่ยงน้อย,เสี่ยงน้อย,1,2,1,1,1,6,0,1,4,🟢 เสี่ยงต่ำ/ทั่วไป
226,เชียงใหม่,ไชยปราการ,ศรีดงเย็น,ศรีดงเย็น,เสี่ยงน้อย,เสี่ยงน้อย,เสี่ยงน้อย,เสี่ยงน้อย,เสี่ยงน้อย,1,1,1,1,1,5,0,0,5,🟢 เสี่ยงต่ำ/ทั่วไป
227,เชียงใหม่,ไชยปราการ,ศรีดงเย็น,อินทาราม,เสี่ยงปานกลาง,เสี่ยงปานกลาง,เสี่ยงปานกลาง,เสี่ยงน้อย,เสี่ยงน้อย,2,2,2,1,1,8,0,3,2,🟡 เฝ้าระวังปานกลาง (เสี่ยงกลาง 3+ ด้าน)
228,เชียงใหม่,ไชยปราการ,ศรีดงเย็น,อ่าย,เสี่ยงน้อย,เสี่ยงปานกลาง,เสี่ยงปานกลาง,เสี่ยงน้อย,เสี่ยงน้อย,1,2,2,1,1,7,0,2,3,🟢 เสี่ยงต่ำ/ทั่วไป
229,เชียงใหม่,ไชยปราการ,ศรีดงเย็น,ร้องธาร,เสี่ยงปานกลาง,เสี่ยงน้อย,เสี่ยงปานกลาง,เสี่ยงน้อย,เสี่ยงน้อย,2,1,2,1,1,7,0,2,3,🟢 เสี่ยงต่ำ/ทั่วไป
230,เชียงใหม่,ไชยปราการ,ศรีดงเย็น,ทรายขาว,เสี่ยงปานกลาง,เสี่ยงปานกลาง,เสี่ยงปานกลาง,เสี่ยงน้อย,เสี่ยงน้อย,2,2,2,1,1,8,0,3,2,🟡 เฝ้าระวังปานกลาง (เสี่ยงกลาง 3+ ด้าน)
231,เชียงใหม่,ไชยปราการ,ศรีดงเย็น,หนองป่าซาง,เสี่ยงน้อย,เสี่ยงน้อย,เสี่ยงปานกลาง,เสี่ยงน้อย,เสี่ยงน้อย,1,1,2,1,1,6,0,1,4,🟢 เสี่ยงต่ำ/ทั่วไป
232,เชียงใหม่,ไชยปราการ,ศรีดงเย็น,ดงป่าสัก,เสี่ยงปานกลาง,เสี่ยงปานกลาง,เสี่ยงปานกลาง,เสี่ยงน้อย,เสี่ยงน้อย,2,2,2,1,1,8,0,3,2,🟡 เฝ้าระวังปานกลาง (เสี่ยงกลาง 3+ ด้าน)
233,เชียงใหม่,ไชยปราการ,ศรีดงเย็น,หัวฝาย,เสี่ยงปานกลาง,เสี่ยงน้อย,เสี่ยงปานกลาง,เสี่ยงปานกลาง,เสี่ยงน้อย,2,1,2,2,1,8,0,3,2,🟡 เฝ้าระวังปานกลาง (เสี่ยงกลาง 3+ ด้าน)
234,เชียงใหม่,ไชยปราการ,ศรีดงเย็น,กิ่วจำปี,เสี่ยงปานกลาง,เสี่ยงน้อย,เสี่ยงน้อย,เสี่ยงน้อย,เสี่ยงน้อย,2,1,1,1,1,6,0,1,4,🟢 เสี่ยงต่ำ/ทั่วไป
235,เชียงใหม่,ไชยปราการ,ศรีดงเย็น,สันทราย,เสี่ยงปานกลาง,เสี่ยงปานกลาง,เสี่ยงน้อย,เสี่ยงน้อย,เสี่ยงน้อย,2,2,1,1,1,7,0,2,3,🟢 เสี่ยงต่ำ/ทั่วไป
236,เชียงใหม่,ไชยปราการ,ศรีดงเย็น,ถ้ำตับเตา,เสี่ยงน้อย,เสี่ยงน้อย,เสี่ยงน้อย,เสี่ยงปานกลาง,เสี่ยงน้อย,1,1,1,2,1,6,0,1,4,🟢 เสี่ยงต่ำ/ทั่วไป
237,เชียงใหม่,ไชยปราการ,ศรีดงเย็น,แหนง้ม,เสี่ยงน้อย,เสี่ยงน้อย,เสี่ยงปานกลาง,เสี่ยงน้อย,เสี่ยงน้อย,1,1,2,1,1,6,0,1,4,🟢 เสี่ยงต่ำ/ทั่วไป
238,เชียงใหม่,ไชยปราการ,ศรีดงเย็น,เชียงหมั้น,เสี่ยงปานกลาง,เสี่ยงปานกลาง,เสี่ยงปานกลาง,เสี่ยงน้อย,เสี่ยงน้อย,2,2,2,1,1,8,0,3,2,🟡 เฝ้าระวังปานกลาง (เสี่ยงกลาง 3+ ด้าน)
239,เชียงใหม่,ไชยปราการ,ศรีดงเย็น,แพะ,เสี่ยงน้อย,เสี่ยงน้อย,เสี่ยงปานกลาง,เสี่ยงน้อย,เสี่ยงน้อย,1,1,2,1,1,6,0,1,4,🟢 เสี่ยงต่ำ/ทั่วไป
240,เชียงใหม่,ไชยปราการ,ศรีดงเย็น,โด้ง,เสี่ยงน้อย,เสี่ยงน้อย,เสี่ยงปานกลาง,เสี่ยงน้อย,เสี่ยงน้อย,1,1,2,1,1,6,0,1,4,🟢 เสี่ยงต่ำ/ทั่วไป
241,เชียงใหม่,ไชยปราการ,ศรีดงเย็น,เวียงผาพัฒนา,เสี่ยงปานกลาง,เสี่ยงปานกลาง,เสี่ยงน้อย,เสี่ยงน้อย,เสี่ยงน้อย,2,2,1,1,1,7,0,2,3,🟢 เสี่ยงต่ำ/ทั่วไป
242,เชียงใหม่,ไชยปราการ,หนองบัว,เด่น,เสี่ยงน้อย,เสี่ยงปานกลาง,เสี่ยงน้อย,เสี่ยงน้อย,เสี่ยงน้อย,1,2,1,1,1,6,0,1,4,🟢 เสี่ยงต่ำ/ทั่วไป
243,เชียงใหม่,ไชยปราการ,หนองบัว,ห้วยไผ่,เสี่ยงน้อย,เสี่ยงน้อย,เสี่ยงน้อย,เสี่ยงน้อย,เสี่ยงน้อย,1,1,1,1,1,5,0,0,5,🟢 เสี่ยงต่ำ/ทั่วไป
244,เชียงใหม่,ไชยปราการ,หนองบัว,หนองบัว,เสี่ยงน้อย,เสี่ยงน้อย,เสี่ยงน้อย,เสี่ยงน้อย,เสี่ยงน้อย,1,1,1,1,1,5,0,0,5,🟢 เสี่ยงต่ำ/ทั่วไป
245,เชียงใหม่,ไชยปราการ,หนองบัว,ทา,เสี่ยงน้อย,เสี่ยงปานกลาง,เสี่ยงน้อย,เสี่ยงน้อย,เสี่ยงน้อย,1,2,1,1,1,6,0,1,4,🟢 เสี่ยงต่ำ/ทั่วไป
246,เชียงใหม่,ไชยปราการ,หนองบัว,ต้นโชค,เสี่ยงปานกลาง,เสี่ยงปานกลาง,เสี่ยงปานกลาง,เสี่ยงน้อย,เสี่ยงน้อย,2,2,2,1,1,8,0,3,2,🟡 เฝ้าระวังปานกลาง (เสี่ยงกลาง 3+ ด้าน)
247,เชียงใหม่,ไชยปราการ,หนองบัว,ถ้ำง๊อบ,เสี่ยงปานกลาง,เสี่ยงปานกลาง,เสี่ยงน้อย,เสี่ยงน้อย,เสี่ยงน้อย,2,2,1,1,1,7,0,2,3,🟢 เสี่ยงต่ำ/ทั่วไป
248,เชียงใหม่,ไชยปราการ,หนองบัว,ปง,เสี่ยงปานกลาง,เสี่ยงปานกลาง,เสี่ยงปานกลาง,เสี่ยงน้อย,เสี่ยงน้อย,2,2,2,1,1,8,0,3,2,🟡 เฝ้าระวังปานกลาง (เสี่ยงกลาง 3+ ด้าน)
249,เชียงใหม่,ไชยปราการ,หนองบัว,ปาง,เสี่ยงน้อย,เสี่ยงน้อย,เสี่ยงน้อย,เสี่ยงน้อย,เสี่ยงน้อย,1,1,1,1,1,5,0,0,5,🟢 เสี่ยงต่ำ/ทั่วไป
250,เชียงใหม่,ไชยปราการ,หนองบัว,ป่าไม้แดง,เสี่ยงน้อย,เสี่ยงน้อย,เสี่ยงน้อย,เสี่ยงน้อย,เสี่ยงน้อย,1,1,1,1,1,5,0,0,5,🟢 เสี่ยงต่ำ/ทั่วไป
251,เชียงใหม่,ไชยปราการ,หนองบัว,ใหม่หนองบัว,เสี่ยงน้อย,เสี่ยงปานกลาง,เสี่ยงน้อย,เสี่ยงน้อย,เสี่ยงน้อย,1,2,1,1,1,6,0,1,4,🟢 เสี่ยงต่ำ/ทั่วไป
252,เชียงใหม่,ไชยปราการ,หนองบัว,ถ้ำผาผึ้ง,เสี่ยงน้อย,เสี่ยงปานกลาง,เสี่ยงน้อย,เสี่ยงน้อย,เสี่ยงน้อย,1,2,1,1,1,6,0,1,4,🟢 เสี่ยงต่ำ/ทั่วไป
253,เชียงใหม่,ดอยเต่า,ดอยเต่า,ถิ่นสำราญ,เสี่ยงปานกลาง,เสี่ยงปานกลาง,เสี่ยงสูง,เสี่ยงน้อย,เสี่ยงน้อย,2,2,3,1,1,9,1,2,2,⚠️ เฝ้าระวังสูง (เสี่ยงสูง 1 ด้าน)
254,เชียงใหม่,ดอยเต่า,ดอยเต่า,ไร่,เสี่ยงปานกลาง,เสี่ยงปานกลาง,เสี่ยงสูง,เสี่ยงน้อย,เสี่ยงน้อย,2,2,3,1,1,9,1,2,2,⚠️ เฝ้าระวังสูง (เสี่ยงสูง 1 ด้าน)
255,เชียงใหม่,ดอยเต่า,ดอยเต่า,ดอยเต่า,เสี่ยงปานกลาง,เสี่ยงน้อย,เสี่ยงปานกลาง,เสี่ยงน้อย,เสี่ยงน้อย,2,1,2,1,1,7,0,2,3,🟢 เสี่ยงต่ำ/ทั่วไป
256,เชียงใหม่,ดอยเต่า,ดอยเต่า,ฉิมพลี,เสี่ยงปานกลาง,เสี่ยงปานกลาง,เสี่ยงปานกลาง,เสี่ยงน้อย,เสี่ยงน้อย,2,2,2,1,1,8,0,3,2,🟡 เฝ้าระวังปานกลาง (เสี่ยงกลาง 3+ ด้าน)
257,เชียงใหม่,ดอยเต่า,ดอยเต่า,แม่ทก,เสี่ยงปานกลาง,เสี่ยงปานกลาง,เสี่ยงปานกลาง,เสี่ยงน้อย,เสี่ยงน้อย,2,2,2,1,1,8,0,3,2,🟡 เฝ้าระวังปานกลาง (เสี่ยงกลาง 3+ ด้าน)
258,เชียงใหม่,ดอยเต่า,ดอยเต่า,สันป่าดำ,เสี่ยงปานกลาง,เสี่ยงปานกลาง,เสี่ยงปานกลาง,เสี่ยงน้อย,เสี่ยงน้อย,2,2,2,1,1,8,0,3,2,🟡 เฝ้าระวังปานกลาง (เสี่ยงกลาง 3+ ด้าน)
259,เชียงใหม่,ดอยเต่า,ดอยเต่า,สันติสุข,เสี่ยงปานกลาง,เสี่ยงปานกลาง,เสี่ยงปานกลาง,เสี่ยงน้อย,เสี่ยงน้อย,2,2,2,1,1,8,0,3,2,🟡 เฝ้าระวังปานกลาง (เสี่ยงกลาง 3+ ด้าน)
260,เชียงใหม่,ดอยเต่า,ดอยเต่า,ผาจุก,เสี่ยงปานกลาง,เสี่ยงปานกลาง,เสี่ยงปานกลาง,เสี่ยงน้อย,เสี่ยงน้อย,2,2,2,1,1,8,0,3,2,🟡 เฝ้าระวังปานกลาง (เสี่ยงกลาง 3+ ด้าน)
261,เชียงใหม่,ดอยเต่า,ดอยเต่า,ทุ่งคอกช้าง,เสี่ยงปานกลาง,เสี่ยงปานกลาง,เสี่ยงสูง,เสี่ยงน้อย,เสี่ยงน้อย,2,2,3,1,1,9,1,2,2,⚠️ เฝ้าระวังสูง (เสี่ยงสูง 1 ด้าน)
262,เชียงใหม่,ดอยเต่า,ดอยเต่า,ดอยเต่าใต้,เสี่ยงปานกลาง,เสี่ยงปานกลาง,เสี่ยงสูง,เสี่ยงน้อย,เสี่ยงน้อย,2,2,3,1,1,9,1,2,2,⚠️ เฝ้าระวังสูง (เสี่ยงสูง 1 ด้าน)
263,เชียงใหม่,ดอยเต่า,ท่าเดื่อ,แปลง3,เสี่ยงน้อย,เสี่ยงน้อย,เสี่ยงน้อย,เสี่ยงน้อย,เสี่ยงสูง,1,1,1,1,3,7,1,0,4,⚠️ เฝ้าระวังสูง (เสี่ยงสูง 1 ด้าน)
264,เชียงใหม่,ดอยเต่า,ท่าเดื่อ,แปลง8,เสี่ยงน้อย,เสี่ยงน้อย,เสี่ยงปานกลาง,เสี่ยงน้อย,เสี่ยงสูง,1,1,2,1,3,8,1,1,3,⚠️ เฝ้าระวังสูง (เสี่ยงสูง 1 ด้าน)
265,เชียงใหม่,ดอยเต่า,ท่าเดื่อ,แปลง5,เสี่ยงปานกลาง,เสี่ยงน้อย,เสี่ยงปานกลาง,เสี่ยงปานกลาง,เสี่ยงสูง,2,1,2,2,3,10,1,3,1,⚠️ เฝ้าระวังสูง (เสี่ยงสูง 1 ด้าน)
266,เชียงใหม่,ดอยเต่า,ท่าเดื่อ,วังหลวง,เสี่ยงน้อย,เสี่ยงน้อย,เสี่ยงน้อย,เสี่ยงน้อย,เสี่ยงสูง,1,1,1,1,3,7,1,0,4,⚠️ เฝ้าระวังสูง (เสี่ยงสูง 1 ด้าน)
267,เชียงใหม่,ดอยเต่า,ท่าเดื่อ,หนองบัวคำ,เสี่ยงน้อย,เสี่ยงน้อย,เสี่ยงปานกลาง,เสี่ยงน้อย,เสี่ยงสูง,1,1,2,1,3,8,1,1,3,⚠️ เฝ้าระวังสูง (เสี่ยงสูง 1 ด้าน)
268,เชียงใหม่,ดอยเต่า,ท่าเดื่อ,ดงมะนะ,เสี่ยงน้อย,เสี่ยงปานกลาง,เสี่ยงปานกลาง,เสี่ยงน้อย,เสี่ยงสูง,1,2,2,1,3,9,1,2,2,⚠️ เฝ้าระวังสูง (เสี่ยงสูง 1 ด้าน)
269,เชียงใหม่,ดอยเต่า,บงตัน,น้อย,เสี่ยงปานกลาง,เสี่ยงสูง,เสี่ยงปานกลาง,เสี่ยงน้อย,เสี่ยงสูง,2,3,2,1,3,11,2,2,1,🚨 วิกฤติเร่งด่วน (เสี่ยงสูง 2+ ด้าน)
270,เชียงใหม่,ดอยเต่า,บงตัน,โท้ง,เสี่ยงปานกลาง,เสี่ยงสูง,เสี่ยงปานกลาง,เสี่ยงปานกลาง,เสี่ยงสูง,2,3,2,2,3,12,2,3,0,🚨 วิกฤติเร่งด่วน (เสี่ยงสูง 2+ ด้าน)
271,เชียงใหม่,ดอยเต่า,บงตัน,หนองปู,เสี่ยงปานกลาง,เสี่ยงสูง,เสี่ยงปานกลาง,เสี่ยงปานกลาง,เสี่ยงสูง,2,3,2,2,3,12,2,3,0,🚨 วิกฤติเร่งด่วน (เสี่ยงสูง 2+ ด้าน)
272,เชียงใหม่,ดอยเต่า,บงตัน,หนองผักบุ้ง,เสี่ยงน้อย,เสี่ยงสูง,เสี่ยงปานกลาง,เสี่ยงปานกลาง,เสี่ยงสูง,1,3,2,2,3,11,2,2,1,🚨 วิกฤติเร่งด่วน (เสี่ยงสูง 2+ ด้าน)
273,เชียงใหม่,ดอยเต่า,บงตัน,บงตัน,เสี่ยงน้อย,เสี่ยงปานกลาง,เสี่ยงปานกลาง,เสี่ยงน้อย,เสี่ยงสูง,1,2,2,1,3,9,1,2,2,⚠️ เฝ้าระวังสูง (เสี่ยงสูง 1 ด้าน)
274,เชียงใหม่,ดอยเต่า,บงตัน,ห้วยริน,เสี่ยงปานกลาง,เสี่ยงสูง,เสี่ยงน้อย,เสี่ยงน้อย,เสี่ยงสูง,2,3,1,1,3,10,2,1,2,🚨 วิกฤติเร่งด่วน (เสี่ยงสูง 2+ ด้าน)
275,เชียงใหม่,ดอยเต่า,บงตัน,เด่นป่าต้น,เสี่ยงปานกลาง,เสี่ยงสูง,เสี่ยงน้อย,เสี่ยงน้อย,เสี่ยงสูง,2,3,1,1,3,10,2,1,2,🚨 วิกฤติเร่งด่วน (เสี่ยงสูง 2+ ด้าน)
276,เชียงใหม่,ดอยเต่า,บ้านแอ่น,วังหม้อ,เสี่ยงน้อย,เสี่ยงปานกลาง,เสี่ยงปานกลาง,เสี่ยงปานกลาง,เสี่ยงปานกลาง,1,2,2,2,2,9,0,4,1,🟡 เฝ้าระวังปานกลาง (เสี่ยงกลาง 3+ ด้าน)
277,เชียงใหม่,ดอยเต่า,บ้านแอ่น,แอ่นใหม่,เสี่ยงน้อย,เสี่ยงปานกลาง,เสี่ยงปานกลาง,เสี่ยงปานกลาง,เสี่ยงปานกลาง,1,2,2,2,2,9,0,4,1,🟡 เฝ้าระวังปานกลาง (เสี่ยงกลาง 3+ ด้าน)
278,เชียงใหม่,ดอยเต่า,บ้านแอ่น,แอ่นจัดสรร,เสี่ยงน้อย,เสี่ยงปานกลาง,เสี่ยงสูง,เสี่ยงปานกลาง,เสี่ยงปานกลาง,1,2,3,2,2,10,1,3,1,⚠️ เฝ้าระวังสูง (เสี่ยงสูง 1 ด้าน)
279,เชียงใหม่,ดอยเต่า,บ้านแอ่น,ห้วยทรายมูล,เสี่ยงน้อย,เสี่ยงปานกลาง,เสี่ยงปานกลาง,เสี่ยงปานกลาง,เสี่ยงปานกลาง,1,2,2,2,2,9,0,4,1,🟡 เฝ้าระวังปานกลาง (เสี่ยงกลาง 3+ ด้าน)
280,เชียงใหม่,ดอยเต่า,โปงทุ่ง,เกาะหลวง,เสี่ยงปานกลาง,เสี่ยงปานกลาง,เสี่ยงปานกลาง,เสี่ยงน้อย,เสี่ยงน้อย,2,2,2,1,1,8,0,3,2,🟡 เฝ้าระวังปานกลาง (เสี่ยงกลาง 3+ ด้าน)
281,เชียงใหม่,ดอยเต่า,โปงทุ่ง,สันบ่อเย็น,เสี่ยงปานกลาง,เสี่ยงปานกลาง,เสี่ยงปานกลาง,เสี่ยงปานกลาง,เสี่ยงน้อย,2,2,2,2,1,9,0,4,1,🟡 เฝ้าระวังปานกลาง (เสี่ยงกลาง 3+ ด้าน)
282,เชียงใหม่,ดอยเต่า,โปงทุ่ง,หนองเหม็น,เสี่ยงปานกลาง,เสี่ยงปานกลาง,เสี่ยงปานกลาง,เสี่ยงน้อย,เสี่ยงน้อย,2,2,2,1,1,8,0,3,2,🟡 เฝ้าระวังปานกลาง (เสี่ยงกลาง 3+ ด้าน)
283,เชียงใหม่,ดอยเต่า,โปงทุ่ง,โปงท่า,เสี่ยงปานกลาง,เสี่ยงปานกลาง,เสี่ยงปานกลาง,เสี่ยงปานกลาง,เสี่ยงน้อย,2,2,2,2,1,9,0,4,1,🟡 เฝ้าระวังปานกลาง (เสี่ยงกลาง 3+ ด้าน)
284,เชียงใหม่,ดอยเต่า,โปงทุ่ง,โปงทุ่ง,เสี่ยงน้อย,เสี่ยงน้อย,เสี่ยงปานกลาง,เสี่ยงน้อย,เสี่ยงน้อย,1,1,2,1,1,6,0,1,4,🟢 เสี่ยงต่ำ/ทั่วไป
285,เชียงใหม่,ดอยเต่า,โปงทุ่ง,งิ้วสูง,เสี่ยงปานกลาง,เสี่ยงน้อย,เสี่ยงสูง,เสี่ยงน้อย,เสี่ยงน้อย,2,1,3,1,1,8,1,1,3,⚠️ เฝ้าระวังสูง (เสี่ยงสูง 1 ด้าน)
286,เชียงใหม่,ดอยเต่า,โปงทุ่ง,กองวะ,เสี่ยงปานกลาง,เสี่ยงปานกลาง,เสี่ยงน้อย,เสี่ยงน้อย,เสี่ยงน้อย,2,2,1,1,1,7,0,2,3,🟢 เสี่ยงต่ำ/ทั่วไป
287,เชียงใหม่,ดอยเต่า,โปงทุ่ง,แม่บวนเหนือ,เสี่ยงปานกลาง,เสี่ยงปานกลาง,เสี่ยงปานกลาง,เสี่ยงน้อย,เสี่ยงน้อย,2,2,2,1,1,8,0,3,2,🟡 เฝ้าระวังปานกลาง (เสี่ยงกลาง 3+ ด้าน)
288,เชียงใหม่,ดอยเต่า,โปงทุ่ง,แม่ตูบ,เสี่ยงปานกลาง,เสี่ยงปานกลาง,เสี่ยงปานกลาง,เสี่ยงน้อย,เสี่ยงน้อย,2,2,2,1,1,8,0,3,2,🟡 เฝ้าระวังปานกลาง (เสี่ยงกลาง 3+ ด้าน)
289,เชียงใหม่,ดอยเต่า,โปงทุ่ง,แม่บวนใต้,เสี่ยงปานกลาง,เสี่ยงปานกลาง,เสี่ยงปานกลาง,เสี่ยงน้อย,เสี่ยงน้อย,2,2,2,1,1,8,0,3,2,🟡 เฝ้าระวังปานกลาง (เสี่ยงกลาง 3+ ด้าน)
290,เชียงใหม่,ดอยเต่า,โปงทุ่ง,โป่งโค้ง,เสี่ยงน้อย,เสี่ยงน้อย,เสี่ยงน้อย,เสี่ยงน้อย,เสี่ยงน้อย,1,1,1,1,1,5,0,0,5,🟢 เสี่ยงต่ำ/ทั่วไป
291,เชียงใหม่,ดอยเต่า,มืดกา,แปลง2,เสี่ยงน้อย,เสี่ยงปานกลาง,เสี่ยงน้อย,เสี่ยงน้อย,เสี่ยงปานกลาง,1,2,1,1,2,7,0,2,3,🟢 เสี่ยงต่ำ/ทั่วไป
292,เชียงใหม่,ดอยเต่า,มืดกา,แปลง1,เสี่ยงน้อย,เสี่ยงปานกลาง,เสี่ยงปานกลาง,เสี่ยงน้อย,เสี่ยงปานกลาง,1,2,2,1,2,8,0,3,2,🟡 เฝ้าระวังปานกลาง (เสี่ยงกลาง 3+ ด้าน)
293,เชียงใหม่,ดอยเต่า,มืดกา,แปลง4,เสี่ยงน้อย,เสี่ยงปานกลาง,เสี่ยงปานกลาง,เสี่ยงน้อย,เสี่ยงปานกลาง,1,2,2,1,2,8,0,3,2,🟡 เฝ้าระวังปานกลาง (เสี่ยงกลาง 3+ ด้าน)
294,เชียงใหม่,ดอยเต่า,มืดกา,ดอยหลวง,เสี่ยงน้อย,เสี่ยงปานกลาง,เสี่ยงน้อย,เสี่ยงน้อย,เสี่ยงปานกลาง,1,2,1,1,2,7,0,2,3,🟢 เสี่ยงต่ำ/ทั่วไป
295,เชียงใหม่,ดอยเต่า,มืดกา,ดอยแก้ว,เสี่ยงน้อย,เสี่ยงปานกลาง,เสี่ยงน้อย,เสี่ยงปานกลาง,เสี่ยงปานกลาง,1,2,1,2,2,8,0,3,2,🟡 เฝ้าระวังปานกลาง (เสี่ยงกลาง 3+ ด้าน)
296,เชียงใหม่,ดอยสะเก็ด,เชิงดอย,แม่ดอกแดง,เสี่ยงน้อย,เสี่ยงปานกลาง,เสี่ยงน้อย,เสี่ยงปานกลาง,เสี่ยงน้อย,1,2,1,2,1,7,0,2,3,🟢 เสี่ยงต่ำ/ทั่วไป
297,เชียงใหม่,ดอยสะเก็ด,เชิงดอย,โพธิ์ทองเจริญ,เสี่ยงน้อย,เสี่ยงปานกลาง,เสี่ยงปานกลาง,เสี่ยงปานกลาง,เสี่ยงน้อย,1,2,2,2,1,8,0,3,2,🟡 เฝ้าระวังปานกลาง (เสี่ยงกลาง 3+ ด้าน)
298,เชียงใหม่,ดอยสะเก็ด,เชิงดอย,เชิงดอย,เสี่ยงน้อย,เสี่ยงน้อย,เสี่ยงน้อย,เสี่ยงปานกลาง,เสี่ยงน้อย,1,1,1,2,1,6,0,1,4,🟢 เสี่ยงต่ำ/ทั่วไป
299,เชียงใหม่,ดอยสะเก็ด,เชิงดอย,ป่าคา,เสี่ยงน้อย,เสี่ยงปานกลาง,เสี่ยงปานกลาง,เสี่ยงปานกลาง,เสี่ยงน้อย,1,2,2,2,1,8,0,3,2,🟡 เฝ้าระวังปานกลาง (เสี่ยงกลาง 3+ ด้าน)
300,เชียงใหม่,ดอยสะเก็ด,เชิงดอย,เกาะ,เสี่ยงน้อย,เสี่ยงปานกลาง,เสี่ยงปานกลาง,เสี่ยงปานกลาง,เสี่ยงน้อย,1,2,2,2,1,8,0,3,2,🟡 เฝ้าระวังปานกลาง (เสี่ยงกลาง 3+ ด้าน)
301,เชียงใหม่,ดอยสะเก็ด,เชิงดอย,สันอุ้ม,เสี่ยงปานกลาง,เสี่ยงปานกลาง,เสี่ยงปานกลาง,เสี่ยงปานกลาง,เสี่ยงน้อย,2,2,2,2,1,9,0,4,1,🟡 เฝ้าระวังปานกลาง (เสี่ยงกลาง 3+ ด้าน)
302,เชียงใหม่,ดอยสะเก็ด,เชิงดอย,ร้องขี้เหล็ก,เสี่ยงน้อย,เสี่ยงปานกลาง,เสี่ยงปานกลาง,เสี่ยงปานกลาง,เสี่ยงน้อย,1,2,2,2,1,8,0,3,2,🟡 เฝ้าระวังปานกลาง (เสี่ยงกลาง 3+ ด้าน)
303,เชียงใหม่,ดอยสะเก็ด,เชิงดอย,ลวงใต้,เสี่ยงน้อย,เสี่ยงปานกลาง,เสี่ยงปานกลาง,เสี่ยงปานกลาง,เสี่ยงน้อย,1,2,2,2,1,8,0,3,2,🟡 เฝ้าระวังปานกลาง (เสี่ยงกลาง 3+ ด้าน)
304,เชียงใหม่,ดอยสะเก็ด,เชิงดอย,ป่าสักน้อย,เสี่ยงน้อย,เสี่ยงปานกลาง,เสี่ยงปานกลาง,เสี่ยงปานกลาง,เสี่ยงน้อย,1,2,2,2,1,8,0,3,2,🟡 เฝ้าระวังปานกลาง (เสี่ยงกลาง 3+ ด้าน)
305,เชียงใหม่,ดอยสะเก็ด,เชิงดอย,ป่าไผ่ศรีโขง,เสี่ยงปานกลาง,เสี่ยงปานกลาง,เสี่ยงปานกลาง,เสี่ยงสูง,เสี่ยงน้อย,2,2,2,3,1,10,1,3,1,⚠️ เฝ้าระวังสูง (เสี่ยงสูง 1 ด้าน)
306,เชียงใหม่,ดอยสะเก็ด,เชิงดอย,กิ่วแล,เสี่ยงน้อย,เสี่ยงปานกลาง,เสี่ยงน้อย,เสี่ยงปานกลาง,เสี่ยงน้อย,1,2,1,2,1,7,0,2,3,🟢 เสี่ยงต่ำ/ทั่วไป
307,เชียงใหม่,ดอยสะเก็ด,เชิงดอย,ประทุมนิเวศน์,เสี่ยงปานกลาง,เสี่ยงปานกลาง,เสี่ยงน้อย,เสี่ยงสูง,เสี่ยงน้อย,2,2,1,3,1,9,1,2,2,⚠️ เฝ้าระวังสูง (เสี่ยงสูง 1 ด้าน)
308,เชียงใหม่,ดอยสะเก็ด,เชิงดอย,หนองบัวพัฒนา,เสี่ยงน้อย,เสี่ยงปานกลาง,เสี่ยงน้อย,เสี่ยงปานกลาง,เสี่ยงน้อย,1,2,1,2,1,7,0,2,3,🟢 เสี่ยงต่ำ/ทั่วไป
309,เชียงใหม่,ดอยสะเก็ด,ตลาดขวัญ,พยากดอนแก้ว,เสี่ยงน้อย,เสี่ยงปานกลาง,เสี่ยงสูง,เสี่ยงปานกลาง,เสี่ยงสูง,1,2,3,2,3,11,2,2,1,🚨 วิกฤติเร่งด่วน (เสี่ยงสูง 2+ ด้าน)
310,เชียงใหม่,ดอยสะเก็ด,ตลาดขวัญ,น้ำแพร่,เสี่ยงปานกลาง,เสี่ยงสูง,เสี่ยงสูง,เสี่ยงสูง,เสี่ยงสูง,2,3,3,3,3,14,4,1,0,🚨 วิกฤติเร่งด่วน (เสี่ยงสูง 2+ ด้าน)
311,เชียงใหม่,ดอยสะเก็ด,ตลาดขวัญ,ถ้ำ,เสี่ยงน้อย,เสี่ยงสูง,เสี่ยงสูง,เสี่ยงสูง,เสี่ยงสูง,1,3,3,3,3,13,4,0,1,🚨 วิกฤติเร่งด่วน (เสี่ยงสูง 2+ ด้าน)
312,เชียงใหม่,ดอยสะเก็ด,ตลาดขวัญ,บ่อหิน,เสี่ยงน้อย,เสี่ยงสูง,เสี่ยงสูง,เสี่ยงปานกลาง,เสี่ยงสูง,1,3,3,2,3,12,3,1,1,🚨 วิกฤติเร่งด่วน (เสี่ยงสูง 2+ ด้าน)
313,เชียงใหม่,ดอยสะเก็ด,ตลาดขวัญ,ป่าแงะ,เสี่ยงน้อย,เสี่ยงปานกลาง,เสี่ยงสูง,เสี่ยงปานกลาง,เสี่ยงสูง,1,2,3,2,3,11,2,2,1,🚨 วิกฤติเร่งด่วน (เสี่ยงสูง 2+ ด้าน)
314,เชียงใหม่,ดอยสะเก็ด,ตลาดขวัญ,พยากหลวง,เสี่ยงน้อย,เสี่ยงปานกลาง,เสี่ยงสูง,เสี่ยงปานกลาง,เสี่ยงสูง,1,2,3,2,3,11,2,2,1,🚨 วิกฤติเร่งด่วน (เสี่ยงสูง 2+ ด้าน)
315,เชียงใหม่,ดอยสะเก็ด,ตลาดใหญ่,แม่ก๊ะเหนือ,เสี่ยงน้อย,เสี่ยงปานกลาง,เสี่ยงปานกลาง,เสี่ยงสูง,เสี่ยงสูง,1,2,2,3,3,11,2,2,1,🚨 วิกฤติเร่งด่วน (เสี่ยงสูง 2+ ด้าน)
316,เชียงใหม่,ดอยสะเก็ด,ตลาดใหญ่,แม่ก๊ะตลาด,เสี่ยงน้อย,เสี่ยงปานกลาง,เสี่ยงปานกลาง,เสี่ยงสูง,เสี่ยงสูง,1,2,2,3,3,11,2,2,1,🚨 วิกฤติเร่งด่วน (เสี่ยงสูง 2+ ด้าน)
317,เชียงใหม่,ดอยสะเก็ด,ตลาดใหญ่,แม่ก๊ะใต้,เสี่ยงน้อย,เสี่ยงปานกลาง,เสี่ยงสูง,เสี่ยงสูง,เสี่ยงสูง,1,2,3,3,3,12,3,1,1,🚨 วิกฤติเร่งด่วน (เสี่ยงสูง 2+ ด้าน)
318,เชียงใหม่,ดอยสะเก็ด,ตลาดใหญ่,แม่จ้อง,เสี่ยงน้อย,เสี่ยงปานกลาง,เสี่ยงปานกลาง,เสี่ยงสูง,เสี่ยงสูง,1,2,2,3,3,11,2,2,1,🚨 วิกฤติเร่งด่วน (เสี่ยงสูง 2+ ด้าน)
319,เชียงใหม่,ดอยสะเก็ด,ตลาดใหญ่,แม่จ้องเหนือ,เสี่ยงปานกลาง,เสี่ยงปานกลาง,เสี่ยงปานกลาง,เสี่ยงสูง,เสี่ยงสูง,2,2,2,3,3,12,2,3,0,🚨 วิกฤติเร่งด่วน (เสี่ยงสูง 2+ ด้าน)
320,เชียงใหม่,ดอยสะเก็ด,เทพเสด็จ,ปางบง,เสี่ยงปานกลาง,เสี่ยงปานกลาง,เสี่ยงน้อย,เสี่ยงปานกลาง,เสี่ยงน้อย,2,2,1,2,1,8,0,3,2,🟡 เฝ้าระวังปานกลาง (เสี่ยงกลาง 3+ ด้าน)
321,เชียงใหม่,ดอยสะเก็ด,เทพเสด็จ,น้ำโค้ง,เสี่ยงปานกลาง,เสี่ยงปานกลาง,เสี่ยงน้อย,เสี่ยงน้อย,เสี่ยงน้อย,2,2,1,1,1,7,0,2,3,🟢 เสี่ยงต่ำ/ทั่วไป
322,เชียงใหม่,ดอยสะเก็ด,เทพเสด็จ,ป่าป่าน,เสี่ยงปานกลาง,เสี่ยงปานกลาง,เสี่ยงน้อย,เสี่ยงปานกลาง,เสี่ยงน้อย,2,2,1,2,1,8,0,3,2,🟡 เฝ้าระวังปานกลาง (เสี่ยงกลาง 3+ ด้าน)
323,เชียงใหม่,ดอยสะเก็ด,เทพเสด็จ,แม่ตอนหลวง,เสี่ยงปานกลาง,เสี่ยงน้อย,เสี่ยงน้อย,เสี่ยงปานกลาง,เสี่ยงน้อย,2,1,1,2,1,7,0,2,3,🟢 เสี่ยงต่ำ/ทั่วไป
324,เชียงใหม่,ดอยสะเก็ด,เทพเสด็จ,พงษ์ทอง,เสี่ยงปานกลาง,เสี่ยงน้อย,เสี่ยงน้อย,เสี่ยงปานกลาง,เสี่ยงน้อย,2,1,1,2,1,7,0,2,3,🟢 เสี่ยงต่ำ/ทั่วไป
325,เชียงใหม่,ดอยสะเก็ด,เทพเสด็จ,ดง,เสี่ยงปานกลาง,เสี่ยงน้อย,เสี่ยงน้อย,เสี่ยงปานกลาง,เสี่ยงน้อย,2,1,1,2,1,7,0,2,3,🟢 เสี่ยงต่ำ/ทั่วไป
326,เชียงใหม่,ดอยสะเก็ด,เทพเสด็จ,ปางไฮ,เสี่ยงปานกลาง,เสี่ยงน้อย,เสี่ยงน้อย,เสี่ยงน้อย,เสี่ยงน้อย,2,1,1,1,1,6,0,1,4,🟢 เสี่ยงต่ำ/ทั่วไป
327,เชียงใหม่,ดอยสะเก็ด,เทพเสด็จ,ปางกำแพงหิน,เสี่ยงปานกลาง,เสี่ยงน้อย,เสี่ยงน้อย,เสี่ยงน้อย,เสี่ยงน้อย,2,1,1,1,1,6,0,1,4,🟢 เสี่ยงต่ำ/ทั่วไป
328,เชียงใหม่,ดอยสะเก็ด,ป่าป้อง,ป่าตึงน้อย,เสี่ยงปานกลาง,เสี่ยงปานกลาง,เสี่ยงปานกลาง,เสี่ยงปานกลาง,เสี่ยงสูง,2,2,2,2,3,11,1,4,0,⚠️ เฝ้าระวังสูง (เสี่ยงสูง 1 ด้าน)
329,เชียงใหม่,ดอยสะเก็ด,ป่าป้อง,ป่าไม้แดง,เสี่ยงน้อย,เสี่ยงปานกลาง,เสี่ยงปานกลาง,เสี่ยงปานกลาง,เสี่ยงสูง,1,2,2,2,3,10,1,3,1,⚠️ เฝ้าระวังสูง (เสี่ยงสูง 1 ด้าน)
330,เชียงใหม่,ดอยสะเก็ด,ป่าป้อง,ป่าป้อง,เสี่ยงน้อย,เสี่ยงปานกลาง,เสี่ยงปานกลาง,เสี่ยงน้อย,เสี่ยงสูง,1,2,2,1,3,9,1,2,2,⚠️ เฝ้าระวังสูง (เสี่ยงสูง 1 ด้าน)
331,เชียงใหม่,ดอยสะเก็ด,ป่าป้อง,ป่าป้อง,เสี่ยงน้อย,เสี่ยงปานกลาง,เสี่ยงปานกลาง,เสี่ยงน้อย,เสี่ยงสูง,1,2,2,1,3,9,1,2,2,⚠️ เฝ้าระวังสูง (เสี่ยงสูง 1 ด้าน)
332,เชียงใหม่,ดอยสะเก็ด,ป่าป้อง,ใต้ร้อง,เสี่ยงน้อย,เสี่ยงปานกลาง,เสี่ยงปานกลาง,เสี่ยงปานกลาง,เสี่ยงสูง,1,2,2,2,3,10,1,3,1,⚠️ เฝ้าระวังสูง (เสี่ยงสูง 1 ด้าน)
333,เชียงใหม่,ดอยสะเก็ด,ป่าป้อง,ดวงดี,เสี่ยงน้อย,เสี่ยงปานกลาง,เสี่ยงปานกลาง,เสี่ยงปานกลาง,เสี่ยงสูง,1,2,2,2,3,10,1,3,1,⚠️ เฝ้าระวังสูง (เสี่ยงสูง 1 ด้าน)
334,เชียงใหม่,ดอยสะเก็ด,ป่าป้อง,ป่ายาง,เสี่ยงน้อย,เสี่ยงปานกลาง,เสี่ยงปานกลาง,เสี่ยงปานกลาง,เสี่ยงสูง,1,2,2,2,3,10,1,3,1,⚠️ เฝ้าระวังสูง (เสี่ยงสูง 1 ด้าน)
335,เชียงใหม่,ดอยสะเก็ด,ป่าป้อง,ทุ่งยาว,เสี่ยงน้อย,เสี่ยงปานกลาง,เสี่ยงปานกลาง,เสี่ยงปานกลาง,เสี่ยงสูง,1,2,2,2,3,10,1,3,1,⚠️ เฝ้าระวังสูง (เสี่ยงสูง 1 ด้าน)
336,เชียงใหม่,ดอยสะเก็ด,ป่าเมี่ยง,ปางอั้น,เสี่ยงน้อย,เสี่ยงปานกลาง,เสี่ยงน้อย,เสี่ยงน้อย,เสี่ยงน้อย,1,2,1,1,1,6,0,1,4,🟢 เสี่ยงต่ำ/ทั่วไป
337,เชียงใหม่,ดอยสะเก็ด,ป่าเมี่ยง,ห้วยหม้อ,เสี่ยงน้อย,เสี่ยงปานกลาง,เสี่ยงน้อย,เสี่ยงน้อย,เสี่ยงน้อย,1,2,1,1,1,6,0,1,4,🟢 เสี่ยงต่ำ/ทั่วไป
338,เชียงใหม่,ดอยสะเก็ด,ป่าเมี่ยง,แม่หวาน,เสี่ยงน้อย,เสี่ยงปานกลาง,เสี่ยงน้อย,เสี่ยงน้อย,เสี่ยงน้อย,1,2,1,1,1,6,0,1,4,🟢 เสี่ยงต่ำ/ทั่วไป
339,เชียงใหม่,ดอยสะเก็ด,ป่าเมี่ยง,โป่งกุ่ม,เสี่ยงน้อย,เสี่ยงปานกลาง,เสี่ยงปานกลาง,เสี่ยงน้อย,เสี่ยงน้อย,1,2,2,1,1,7,0,2,3,🟢 เสี่ยงต่ำ/ทั่วไป
340,เชียงใหม่,ดอยสะเก็ด,ป่าเมี่ยง,ปางแฟน,เสี่ยงน้อย,เสี่ยงปานกลาง,เสี่ยงน้อย,เสี่ยงน้อย,เสี่ยงน้อย,1,2,1,1,1,6,0,1,4,🟢 เสี่ยงต่ำ/ทั่วไป
341,เชียงใหม่,ดอยสะเก็ด,ป่าเมี่ยง,โป่งสามัคคี,เสี่ยงน้อย,เสี่ยงปานกลาง,เสี่ยงน้อย,เสี่ยงน้อย,เสี่ยงน้อย,1,2,1,1,1,6,0,1,4,🟢 เสี่ยงต่ำ/ทั่วไป
342,เชียงใหม่,ดอยสะเก็ด,ป่าลาน,ป่าดู่,เสี่ยงน้อย,เสี่ยงปานกลาง,เสี่ยงสูง,เสี่ยงปานกลาง,เสี่ยงสูง,1,2,3,2,3,11,2,2,1,🚨 วิกฤติเร่งด่วน (เสี่ยงสูง 2+ ด้าน)
343,เชียงใหม่,ดอยสะเก็ด,ป่าลาน,ป่าลาน,เสี่ยงน้อย,เสี่ยงน้อย,เสี่ยงปานกลาง,เสี่ยงปานกลาง,เสี่ยงสูง,1,1,2,2,3,9,1,2,2,⚠️ เฝ้าระวังสูง (เสี่ยงสูง 1 ด้าน)
344,เชียงใหม่,ดอยสะเก็ด,ป่าลาน,ป่าลาน,เสี่ยงน้อย,เสี่ยงน้อย,เสี่ยงปานกลาง,เสี่ยงปานกลาง,เสี่ยงสูง,1,1,2,2,3,9,1,2,2,⚠️ เฝ้าระวังสูง (เสี่ยงสูง 1 ด้าน)
345,เชียงใหม่,ดอยสะเก็ด,ป่าลาน,ป่าติ้ว,เสี่ยงน้อย,เสี่ยงปานกลาง,เสี่ยงปานกลาง,เสี่ยงปานกลาง,เสี่ยงสูง,1,2,2,2,3,10,1,3,1,⚠️ เฝ้าระวังสูง (เสี่ยงสูง 1 ด้าน)
346,เชียงใหม่,ดอยสะเก็ด,ป่าลาน,ป่าเหียง,เสี่ยงปานกลาง,เสี่ยงปานกลาง,เสี่ยงปานกลาง,เสี่ยงสูง,เสี่ยงสูง,2,2,2,3,3,12,2,3,0,🚨 วิกฤติเร่งด่วน (เสี่ยงสูง 2+ ด้าน)
347,เชียงใหม่,ดอยสะเก็ด,ป่าลาน,ป่ายางปอย,เสี่ยงน้อย,เสี่ยงปานกลาง,เสี่ยงปานกลาง,เสี่ยงปานกลาง,เสี่ยงสูง,1,2,2,2,3,10,1,3,1,⚠️ เฝ้าระวังสูง (เสี่ยงสูง 1 ด้าน)
348,เชียงใหม่,ดอยสะเก็ด,แม่คือ,แพะแม่คือ,เสี่ยงน้อย,เสี่ยงปานกลาง,เสี่ยงปานกลาง,เสี่ยงสูง,เสี่ยงสูง,1,2,2,3,3,11,2,2,1,🚨 วิกฤติเร่งด่วน (เสี่ยงสูง 2+ ด้าน)
349,เชียงใหม่,ดอยสะเก็ด,แม่คือ,แม่คือ,เสี่ยงน้อย,เสี่ยงปานกลาง,เสี่ยงปานกลาง,เสี่ยงปานกลาง,เสี่ยงสูง,1,2,2,2,3,10,1,3,1,⚠️ เฝ้าระวังสูง (เสี่ยงสูง 1 ด้าน)
350,เชียงใหม่,ดอยสะเก็ด,แม่คือ,สันต้นแหนเหนือ,เสี่ยงน้อย,เสี่ยงปานกลาง,เสี่ยงปานกลาง,เสี่ยงปานกลาง,เสี่ยงสูง,1,2,2,2,3,10,1,3,1,⚠️ เฝ้าระวังสูง (เสี่ยงสูง 1 ด้าน)
351,เชียงใหม่,ดอยสะเก็ด,แม่คือ,ป่าบง,เสี่ยงน้อย,เสี่ยงสูง,เสี่ยงปานกลาง,เสี่ยงปานกลาง,เสี่ยงสูง,1,3,2,2,3,11,2,2,1,🚨 วิกฤติเร่งด่วน (เสี่ยงสูง 2+ ด้าน)
352,เชียงใหม่,ดอยสะเก็ด,แม่คือ,สันต้นแหนใต้,เสี่ยงน้อย,เสี่ยงปานกลาง,เสี่ยงปานกลาง,เสี่ยงปานกลาง,เสี่ยงสูง,1,2,2,2,3,10,1,3,1,⚠️ เฝ้าระวังสูง (เสี่ยงสูง 1 ด้าน)
353,เชียงใหม่,ดอยสะเก็ด,แม่คือ,ป่าเสร้าหนองงู,เสี่ยงน้อย,เสี่ยงปานกลาง,เสี่ยงปานกลาง,เสี่ยงสูง,เสี่ยงสูง,1,2,2,3,3,11,2,2,1,🚨 วิกฤติเร่งด่วน (เสี่ยงสูง 2+ ด้าน)
354,เชียงใหม่,ดอยสะเก็ด,แม่โป่ง,ตลาดขี้เหล็ก,เสี่ยงปานกลาง,เสี่ยงปานกลาง,เสี่ยงน้อย,เสี่ยงปานกลาง,เสี่ยงปานกลาง,2,2,1,2,2,9,0,4,1,🟡 เฝ้าระวังปานกลาง (เสี่ยงกลาง 3+ ด้าน)
355,เชียงใหม่,ดอยสะเก็ด,แม่โป่ง,ป่าไผ่,เสี่ยงปานกลาง,เสี่ยงปานกลาง,เสี่ยงปานกลาง,เสี่ยงปานกลาง,เสี่ยงปานกลาง,2,2,2,2,2,10,0,5,0,🟡 เฝ้าระวังปานกลาง (เสี่ยงกลาง 3+ ด้าน)
356,เชียงใหม่,ดอยสะเก็ด,แม่โป่ง,ห้วยบอน,เสี่ยงปานกลาง,เสี่ยงปานกลาง,เสี่ยงปานกลาง,เสี่ยงปานกลาง,เสี่ยงปานกลาง,2,2,2,2,2,10,0,5,0,🟡 เฝ้าระวังปานกลาง (เสี่ยงกลาง 3+ ด้าน)
357,เชียงใหม่,ดอยสะเก็ด,แม่โป่ง,แม่โป่ง,เสี่ยงน้อย,เสี่ยงน้อย,เสี่ยงปานกลาง,เสี่ยงน้อย,เสี่ยงปานกลาง,1,1,2,1,2,7,0,2,3,🟢 เสี่ยงต่ำ/ทั่วไป
358,เชียงใหม่,ดอยสะเก็ด,แม่โป่ง,พระนอนแม่โป่ง,เสี่ยงปานกลาง,เสี่ยงปานกลาง,เสี่ยงปานกลาง,เสี่ยงปานกลาง,เสี่ยงปานกลาง,2,2,2,2,2,10,0,5,0,🟡 เฝ้าระวังปานกลาง (เสี่ยงกลาง 3+ ด้าน)
359,เชียงใหม่,ดอยสะเก็ด,แม่โป่ง,ห้วยอ่าง,เสี่ยงปานกลาง,เสี่ยงปานกลาง,เสี่ยงปานกลาง,เสี่ยงปานกลาง,เสี่ยงปานกลาง,2,2,2,2,2,10,0,5,0,🟡 เฝ้าระวังปานกลาง (เสี่ยงกลาง 3+ ด้าน)
360,เชียงใหม่,ดอยสะเก็ด,แม่โป่ง,ต้นผึ้ง,เสี่ยงปานกลาง,เสี่ยงปานกลาง,เสี่ยงปานกลาง,เสี่ยงปานกลาง,เสี่ยงปานกลาง,2,2,2,2,2,10,0,5,0,🟡 เฝ้าระวังปานกลาง (เสี่ยงกลาง 3+ ด้าน)
361,เชียงใหม่,ดอยสะเก็ด,แม่โป่ง,แม่ฮ่องไคร้,เสี่ยงน้อย,เสี่ยงน้อย,เสี่ยงปานกลาง,เสี่ยงน้อย,เสี่ยงปานกลาง,1,1,2,1,2,7,0,2,3,🟢 เสี่ยงต่ำ/ทั่วไป
362,เชียงใหม่,ดอยสะเก็ด,แม่โป่ง,ป่าไม้แดงแม่โป่ง,เสี่ยงปานกลาง,เสี่ยงปานกลาง,เสี่ยงน้อย,เสี่ยงน้อย,เสี่ยงปานกลาง,2,2,1,1,2,8,0,3,2,🟡 เฝ้าระวังปานกลาง (เสี่ยงกลาง 3+ ด้าน)
363,เชียงใหม่,ดอยสะเก็ด,แม่โป่ง,ห้วยบ่อทอง,เสี่ยงปานกลาง,เสี่ยงปานกลาง,เสี่ยงน้อย,เสี่ยงปานกลาง,เสี่ยงปานกลาง,2,2,1,2,2,9,0,4,1,🟡 เฝ้าระวังปานกลาง (เสี่ยงกลาง 3+ ด้าน)
364,เชียงใหม่,ดอยสะเก็ด,แม่ฮ้อยเงิน,แม่ฮ้อยเงินเหนือ,เสี่ยงน้อย,เสี่ยงปานกลาง,เสี่ยงปานกลาง,เสี่ยงปานกลาง,เสี่ยงสูง,1,2,2,2,3,10,1,3,1,⚠️ เฝ้าระวังสูง (เสี่ยงสูง 1 ด้าน)
365,เชียงใหม่,ดอยสะเก็ด,แม่ฮ้อยเงิน,แม่ฮ้อยเงินใต้,เสี่ยงน้อย,เสี่ยงปานกลาง,เสี่ยงปานกลาง,เสี่ยงปานกลาง,เสี่ยงสูง,1,2,2,2,3,10,1,3,1,⚠️ เฝ้าระวังสูง (เสี่ยงสูง 1 ด้าน)
366,เชียงใหม่,ดอยสะเก็ด,แม่ฮ้อยเงิน,สันทราย,เสี่ยงน้อย,เสี่ยงปานกลาง,เสี่ยงปานกลาง,เสี่ยงปานกลาง,เสี่ยงสูง,1,2,2,2,3,10,1,3,1,⚠️ เฝ้าระวังสูง (เสี่ยงสูง 1 ด้าน)
367,เชียงใหม่,ดอยสะเก็ด,แม่ฮ้อยเงิน,ม่วงโตน,เสี่ยงน้อย,เสี่ยงปานกลาง,เสี่ยงปานกลาง,เสี่ยงปานกลาง,เสี่ยงสูง,1,2,2,2,3,10,1,3,1,⚠️ เฝ้าระวังสูง (เสี่ยงสูง 1 ด้าน)
368,เชียงใหม่,ดอยสะเก็ด,แม่ฮ้อยเงิน,หนองแฝก,เสี่ยงน้อย,เสี่ยงปานกลาง,เสี่ยงปานกลาง,เสี่ยงสูง,เสี่ยงสูง,1,2,2,3,3,11,2,2,1,🚨 วิกฤติเร่งด่วน (เสี่ยงสูง 2+ ด้าน)
369,เชียงใหม่,ดอยสะเก็ด,แม่ฮ้อยเงิน,ม่วงโตนใต้,เสี่ยงน้อย,เสี่ยงปานกลาง,เสี่ยงปานกลาง,เสี่ยงสูง,เสี่ยงสูง,1,2,2,3,3,11,2,2,1,🚨 วิกฤติเร่งด่วน (เสี่ยงสูง 2+ ด้าน)
370,เชียงใหม่,ดอยสะเก็ด,ลวงเหนือ,ป่าสักงาม,เสี่ยงน้อย,เสี่ยงน้อย,เสี่ยงน้อย,เสี่ยงปานกลาง,เสี่ยงปานกลาง,1,1,1,2,2,7,0,2,3,🟢 เสี่ยงต่ำ/ทั่วไป
371,เชียงใหม่,ดอยสะเก็ด,ลวงเหนือ,ตลาดใหม่,เสี่ยงสูง,เสี่ยงปานกลาง,เสี่ยงน้อย,เสี่ยงน้อย,เสี่ยงปานกลาง,3,2,1,1,2,9,1,2,2,⚠️ เฝ้าระวังสูง (เสี่ยงสูง 1 ด้าน)
372,เชียงใหม่,ดอยสะเก็ด,ลวงเหนือ,เมืองวะ,เสี่ยงน้อย,เสี่ยงปานกลาง,เสี่ยงน้อย,เสี่ยงน้อย,เสี่ยงปานกลาง,1,2,1,1,2,7,0,2,3,🟢 เสี่ยงต่ำ/ทั่วไป
373,เชียงใหม่,ดอยสะเก็ด,ลวงเหนือ,ลวงเหนือ,เสี่ยงน้อย,เสี่ยงน้อย,เสี่ยงปานกลาง,เสี่ยงน้อย,เสี่ยงปานกลาง,1,1,2,1,2,7,0,2,3,🟢 เสี่ยงต่ำ/ทั่วไป
374,เชียงใหม่,ดอยสะเก็ด,ลวงเหนือ,ลวงเหนือ,เสี่ยงน้อย,เสี่ยงน้อย,เสี่ยงปานกลาง,เสี่ยงน้อย,เสี่ยงปานกลาง,1,1,2,1,2,7,0,2,3,🟢 เสี่ยงต่ำ/ทั่วไป
375,เชียงใหม่,ดอยสะเก็ด,ลวงเหนือ,สันทราย,เสี่ยงน้อย,เสี่ยงปานกลาง,เสี่ยงน้อย,เสี่ยงน้อย,เสี่ยงปานกลาง,1,2,1,1,2,7,0,2,3,🟢 เสี่ยงต่ำ/ทั่วไป
376,เชียงใหม่,ดอยสะเก็ด,ลวงเหนือ,ข้างน้ำ,เสี่ยงน้อย,เสี่ยงปานกลาง,เสี่ยงน้อย,เสี่ยงน้อย,เสี่ยงปานกลาง,1,2,1,1,2,7,0,2,3,🟢 เสี่ยงต่ำ/ทั่วไป
377,เชียงใหม่,ดอยสะเก็ด,ลวงเหนือ,วังธาร,เสี่ยงปานกลาง,เสี่ยงปานกลาง,เสี่ยงน้อย,เสี่ยงน้อย,เสี่ยงปานกลาง,2,2,1,1,2,8,0,3,2,🟡 เฝ้าระวังปานกลาง (เสี่ยงกลาง 3+ ด้าน)
378,เชียงใหม่,ดอยสะเก็ด,ลวงเหนือ,ใหม่ริมคลอง,เสี่ยงน้อย,เสี่ยงน้อย,เสี่ยงปานกลาง,เสี่ยงน้อย,เสี่ยงปานกลาง,1,1,2,1,2,7,0,2,3,🟢 เสี่ยงต่ำ/ทั่วไป
379,เชียงใหม่,ดอยสะเก็ด,ลวงเหนือ,ทุ่งกอลาน,เสี่ยงน้อย,เสี่ยงปานกลาง,เสี่ยงน้อย,เสี่ยงปานกลาง,เสี่ยงปานกลาง,1,2,1,2,2,8,0,3,2,🟡 เฝ้าระวังปานกลาง (เสี่ยงกลาง 3+ ด้าน)
380,เชียงใหม่,ดอยสะเก็ด,สง่าบ้าน,ดอกแดง,เสี่ยงน้อย,เสี่ยงปานกลาง,เสี่ยงปานกลาง,เสี่ยงปานกลาง,เสี่ยงสูง,1,2,2,2,3,10,1,3,1,⚠️ เฝ้าระวังสูง (เสี่ยงสูง 1 ด้าน)
381,เชียงใหม่,ดอยสะเก็ด,สง่าบ้าน,ท่า,เสี่ยงน้อย,เสี่ยงปานกลาง,เสี่ยงปานกลาง,เสี่ยงปานกลาง,เสี่ยงสูง,1,2,2,2,3,10,1,3,1,⚠️ เฝ้าระวังสูง (เสี่ยงสูง 1 ด้าน)
382,เชียงใหม่,ดอยสะเก็ด,สง่าบ้าน,ป่างิ้ว,เสี่ยงน้อย,เสี่ยงปานกลาง,เสี่ยงปานกลาง,เสี่ยงปานกลาง,เสี่ยงสูง,1,2,2,2,3,10,1,3,1,⚠️ เฝ้าระวังสูง (เสี่ยงสูง 1 ด้าน)
383,เชียงใหม่,ดอยสะเก็ด,สง่าบ้าน,ป่าฝาง,เสี่ยงน้อย,เสี่ยงปานกลาง,เสี่ยงปานกลาง,เสี่ยงปานกลาง,เสี่ยงสูง,1,2,2,2,3,10,1,3,1,⚠️ เฝ้าระวังสูง (เสี่ยงสูง 1 ด้าน)
384,เชียงใหม่,ดอยสะเก็ด,สง่าบ้าน,แพะป่าคา,เสี่ยงน้อย,เสี่ยงปานกลาง,เสี่ยงปานกลาง,เสี่ยงปานกลาง,เสี่ยงสูง,1,2,2,2,3,10,1,3,1,⚠️ เฝ้าระวังสูง (เสี่ยงสูง 1 ด้าน)
385,เชียงใหม่,ดอยสะเก็ด,สันปูเลย,สันปูเลย,เสี่ยงน้อย,เสี่ยงน้อย,เสี่ยงปานกลาง,เสี่ยงปานกลาง,เสี่ยงสูง,1,1,2,2,3,9,1,2,2,⚠️ เฝ้าระวังสูง (เสี่ยงสูง 1 ด้าน)
386,เชียงใหม่,ดอยสะเก็ด,สันปูเลย,สันต้นดู่,เสี่ยงน้อย,เสี่ยงปานกลาง,เสี่ยงปานกลาง,เสี่ยงปานกลาง,เสี่ยงสูง,1,2,2,2,3,10,1,3,1,⚠️ เฝ้าระวังสูง (เสี่ยงสูง 1 ด้าน)
387,เชียงใหม่,ดอยสะเก็ด,สันปูเลย,ป่าขุย,เสี่ยงน้อย,เสี่ยงปานกลาง,เสี่ยงปานกลาง,เสี่ยงสูง,เสี่ยงสูง,1,2,2,3,3,11,2,2,1,🚨 วิกฤติเร่งด่วน (เสี่ยงสูง 2+ ด้าน)
388,เชียงใหม่,ดอยสะเก็ด,สันปูเลย,ยางทอง,เสี่ยงน้อย,เสี่ยงปานกลาง,เสี่ยงปานกลาง,เสี่ยงสูง,เสี่ยงสูง,1,2,2,3,3,11,2,2,1,🚨 วิกฤติเร่งด่วน (เสี่ยงสูง 2+ ด้าน)
389,เชียงใหม่,ดอยสะเก็ด,สันปูเลย,กอกหม่น,เสี่ยงปานกลาง,เสี่ยงปานกลาง,เสี่ยงปานกลาง,เสี่ยงปานกลาง,เสี่ยงสูง,2,2,2,2,3,11,1,4,0,⚠️ เฝ้าระวังสูง (เสี่ยงสูง 1 ด้าน)
390,เชียงใหม่,ดอยสะเก็ด,สันปูเลย,ป่าเสร้าหลวง,เสี่ยงน้อย,เสี่ยงปานกลาง,เสี่ยงปานกลาง,เสี่ยงปานกลาง,เสี่ยงสูง,1,2,2,2,3,10,1,3,1,⚠️ เฝ้าระวังสูง (เสี่ยงสูง 1 ด้าน)
391,เชียงใหม่,ดอยสะเก็ด,สันปูเลย,ท่ารั้ว,เสี่ยงน้อย,เสี่ยงปานกลาง,เสี่ยงปานกลาง,เสี่ยงปานกลาง,เสี่ยงสูง,1,2,2,2,3,10,1,3,1,⚠️ เฝ้าระวังสูง (เสี่ยงสูง 1 ด้าน)
392,เชียงใหม่,ดอยสะเก็ด,สันปูเลย,ป่าเสร้าน้อย,เสี่ยงปานกลาง,เสี่ยงปานกลาง,เสี่ยงปานกลาง,เสี่ยงปานกลาง,เสี่ยงสูง,2,2,2,2,3,11,1,4,0,⚠️ เฝ้าระวังสูง (เสี่ยงสูง 1 ด้าน)
393,เชียงใหม่,ดอยสะเก็ด,สันปูเลย,สันต้นม่วงใต้,เสี่ยงน้อย,เสี่ยงปานกลาง,เสี่ยงสูง,เสี่ยงสูง,เสี่ยงสูง,1,2,3,3,3,12,3,1,1,🚨 วิกฤติเร่งด่วน (เสี่ยงสูง 2+ ด้าน)
394,เชียงใหม่,ดอยสะเก็ด,สันปูเลย,ร้องขุ่น,เสี่ยงน้อย,เสี่ยงปานกลาง,เสี่ยงปานกลาง,เสี่ยงปานกลาง,เสี่ยงสูง,1,2,2,2,3,10,1,3,1,⚠️ เฝ้าระวังสูง (เสี่ยงสูง 1 ด้าน)
395,เชียงใหม่,ดอยสะเก็ด,สันปูเลย,ยางพระธาตุ,เสี่ยงน้อย,เสี่ยงปานกลาง,เสี่ยงปานกลาง,เสี่ยงปานกลาง,เสี่ยงสูง,1,2,2,2,3,10,1,3,1,⚠️ เฝ้าระวังสูง (เสี่ยงสูง 1 ด้าน)
396,เชียงใหม่,ดอยสะเก็ด,สันปูเลย,สันทราย,เสี่ยงปานกลาง,เสี่ยงปานกลาง,เสี่ยงปานกลาง,เสี่ยงปานกลาง,เสี่ยงสูง,2,2,2,2,3,11,1,4,0,⚠️ เฝ้าระวังสูง (เสี่ยงสูง 1 ด้าน)
397,เชียงใหม่,ดอยสะเก็ด,สันปูเลย,ฝ้ายทอง,เสี่ยงน้อย,เสี่ยงปานกลาง,เสี่ยงปานกลาง,เสี่ยงสูง,เสี่ยงสูง,1,2,2,3,3,11,2,2,1,🚨 วิกฤติเร่งด่วน (เสี่ยงสูง 2+ ด้าน)
398,เชียงใหม่,ดอยสะเก็ด,สันปูเลย,สันทุ่งใหม่,เสี่ยงน้อย,เสี่ยงน้อย,เสี่ยงปานกลาง,เสี่ยงปานกลาง,เสี่ยงสูง,1,1,2,2,3,9,1,2,2,⚠️ เฝ้าระวังสูง (เสี่ยงสูง 1 ด้าน)
399,เชียงใหม่,ดอยสะเก็ด,สันปูเลย,กอง,เสี่ยงน้อย,เสี่ยงปานกลาง,เสี่ยงปานกลาง,เสี่ยงสูง,เสี่ยงสูง,1,2,2,3,3,11,2,2,1,🚨 วิกฤติเร่งด่วน (เสี่ยงสูง 2+ ด้าน)
400,เชียงใหม่,ดอยสะเก็ด,สำราญราษฎร์,ร้องต้นขาม,เสี่ยงน้อย,เสี่ยงปานกลาง,เสี่ยงสูง,เสี่ยงสูง,เสี่ยงสูง,1,2,3,3,3,12,3,1,1,🚨 วิกฤติเร่งด่วน (เสี่ยงสูง 2+ ด้าน)
401,เชียงใหม่,ดอยสะเก็ด,สำราญราษฎร์,สันต้นม่วงเหนือ,เสี่ยงน้อย,เสี่ยงปานกลาง,เสี่ยงปานกลาง,เสี่ยงปานกลาง,เสี่ยงสูง,1,2,2,2,3,10,1,3,1,⚠️ เฝ้าระวังสูง (เสี่ยงสูง 1 ด้าน)
402,เชียงใหม่,ดอยสะเก็ด,สำราญราษฎร์,ป่าสักหลวง,เสี่ยงน้อย,เสี่ยงปานกลาง,เสี่ยงสูง,เสี่ยงสูง,เสี่ยงสูง,1,2,3,3,3,12,3,1,1,🚨 วิกฤติเร่งด่วน (เสี่ยงสูง 2+ ด้าน)
403,เชียงใหม่,ดอยสะเก็ด,สำราญราษฎร์,พันหลัง,เสี่ยงน้อย,เสี่ยงปานกลาง,เสี่ยงสูง,เสี่ยงสูง,เสี่ยงสูง,1,2,3,3,3,12,3,1,1,🚨 วิกฤติเร่งด่วน (เสี่ยงสูง 2+ ด้าน)
404,เชียงใหม่,ดอยสะเก็ด,สำราญราษฎร์,ป่าเหมือด,เสี่ยงน้อย,เสี่ยงปานกลาง,เสี่ยงสูง,เสี่ยงสูง,เสี่ยงสูง,1,2,3,3,3,12,3,1,1,🚨 วิกฤติเร่งด่วน (เสี่ยงสูง 2+ ด้าน)
405,เชียงใหม่,ดอยสะเก็ด,สำราญราษฎร์,สันมะเกี๋ยง,เสี่ยงน้อย,เสี่ยงปานกลาง,เสี่ยงสูง,เสี่ยงสูง,เสี่ยงสูง,1,2,3,3,3,12,3,1,1,🚨 วิกฤติเร่งด่วน (เสี่ยงสูง 2+ ด้าน)
406,เชียงใหม่,ดอยสะเก็ด,สำราญราษฎร์,ต้นผึ้ง,เสี่ยงปานกลาง,เสี่ยงปานกลาง,เสี่ยงปานกลาง,เสี่ยงสูง,เสี่ยงสูง,2,2,2,3,3,12,2,3,0,🚨 วิกฤติเร่งด่วน (เสี่ยงสูง 2+ ด้าน)
407,เชียงใหม่,ดอยสะเก็ด,สำราญราษฎร์,สันโป่ง,เสี่ยงน้อย,เสี่ยงปานกลาง,เสี่ยงสูง,เสี่ยงสูง,เสี่ยงสูง,1,2,3,3,3,12,3,1,1,🚨 วิกฤติเร่งด่วน (เสี่ยงสูง 2+ ด้าน)
408,เชียงใหม่,ดอยหล่อ,ดอยหล่อ,สันหิน,เสี่ยงปานกลาง,เสี่ยงปานกลาง,เสี่ยงปานกลาง,เสี่ยงน้อย,เสี่ยงน้อย,2,2,2,1,1,8,0,3,2,🟡 เฝ้าระวังปานกลาง (เสี่ยงกลาง 3+ ด้าน)
409,เชียงใหม่,ดอยหล่อ,ดอยหล่อ,เหล่าป๋วย,เสี่ยงปานกลาง,เสี่ยงสูง,เสี่ยงสูง,เสี่ยงน้อย,เสี่ยงน้อย,2,3,3,1,1,10,2,1,2,🚨 วิกฤติเร่งด่วน (เสี่ยงสูง 2+ ด้าน)
410,เชียงใหม่,ดอยหล่อ,ดอยหล่อ,เหล่าเป้า,เสี่ยงปานกลาง,เสี่ยงปานกลาง,เสี่ยงสูง,เสี่ยงน้อย,เสี่ยงน้อย,2,2,3,1,1,9,1,2,2,⚠️ เฝ้าระวังสูง (เสี่ยงสูง 1 ด้าน)
411,เชียงใหม่,ดอยหล่อ,ดอยหล่อ,ปากทางเจริญ,เสี่ยงน้อย,เสี่ยงสูง,เสี่ยงสูง,เสี่ยงน้อย,เสี่ยงน้อย,1,3,3,1,1,9,2,0,3,🚨 วิกฤติเร่งด่วน (เสี่ยงสูง 2+ ด้าน)
412,เชียงใหม่,ดอยหล่อ,ดอยหล่อ,ห้วยโจ้,เสี่ยงปานกลาง,เสี่ยงสูง,เสี่ยงปานกลาง,เสี่ยงน้อย,เสี่ยงน้อย,2,3,2,1,1,9,1,2,2,⚠️ เฝ้าระวังสูง (เสี่ยงสูง 1 ด้าน)
413,เชียงใหม่,ดอยหล่อ,ดอยหล่อ,ดอยหล่อ,เสี่ยงน้อย,เสี่ยงปานกลาง,เสี่ยงปานกลาง,เสี่ยงน้อย,เสี่ยงน้อย,1,2,2,1,1,7,0,2,3,🟢 เสี่ยงต่ำ/ทั่วไป
414,เชียงใหม่,ดอยหล่อ,ดอยหล่อ,วังขามป้อม,เสี่ยงน้อย,เสี่ยงสูง,เสี่ยงปานกลาง,เสี่ยงน้อย,เสี่ยงน้อย,1,3,2,1,1,8,1,1,3,⚠️ เฝ้าระวังสูง (เสี่ยงสูง 1 ด้าน)
415,เชียงใหม่,ดอยหล่อ,ดอยหล่อ,ดงป่าหวาย,เสี่ยงน้อย,เสี่ยงปานกลาง,เสี่ยงปานกลาง,เสี่ยงปานกลาง,เสี่ยงน้อย,1,2,2,2,1,8,0,3,2,🟡 เฝ้าระวังปานกลาง (เสี่ยงกลาง 3+ ด้าน)
416,เชียงใหม่,ดอยหล่อ,ดอยหล่อ,ปากทางสามัคคี,เสี่ยงน้อย,เสี่ยงปานกลาง,เสี่ยงปานกลาง,เสี่ยงน้อย,เสี่ยงน้อย,1,2,2,1,1,7,0,2,3,🟢 เสี่ยงต่ำ/ทั่วไป
417,เชียงใหม่,ดอยหล่อ,ดอยหล่อ,ท่าโจ๊ก,เสี่ยงน้อย,เสี่ยงปานกลาง,เสี่ยงปานกลาง,เสี่ยงน้อย,เสี่ยงน้อย,1,2,2,1,1,7,0,2,3,🟢 เสี่ยงต่ำ/ทั่วไป
418,เชียงใหม่,ดอยหล่อ,ดอยหล่อ,ดอยน้อย,เสี่ยงปานกลาง,เสี่ยงสูง,เสี่ยงปานกลาง,เสี่ยงปานกลาง,เสี่ยงน้อย,2,3,2,2,1,10,1,3,1,⚠️ เฝ้าระวังสูง (เสี่ยงสูง 1 ด้าน)
419,เชียงใหม่,ดอยหล่อ,ดอยหล่อ,ห้วยทัง,เสี่ยงปานกลาง,เสี่ยงสูง,เสี่ยงสูง,เสี่ยงน้อย,เสี่ยงน้อย,2,3,3,1,1,10,2,1,2,🚨 วิกฤติเร่งด่วน (เสี่ยงสูง 2+ ด้าน)
420,เชียงใหม่,ดอยหล่อ,ดอยหล่อ,ศิริมังคลาจารย์,เสี่ยงน้อย,เสี่ยงปานกลาง,เสี่ยงปานกลาง,เสี่ยงน้อย,เสี่ยงน้อย,1,2,2,1,1,7,0,2,3,🟢 เสี่ยงต่ำ/ทั่วไป
421,เชียงใหม่,ดอยหล่อ,ดอยหล่อ,หลั่งม่อน,เสี่ยงน้อย,เสี่ยงปานกลาง,เสี่ยงปานกลาง,เสี่ยงน้อย,เสี่ยงน้อย,1,2,2,1,1,7,0,2,3,🟢 เสี่ยงต่ำ/ทั่วไป
422,เชียงใหม่,ดอยหล่อ,ดอยหล่อ,ห้วยเปาโยง,เสี่ยงน้อย,เสี่ยงปานกลาง,เสี่ยงปานกลาง,เสี่ยงน้อย,เสี่ยงน้อย,1,2,2,1,1,7,0,2,3,🟢 เสี่ยงต่ำ/ทั่วไป
423,เชียงใหม่,ดอยหล่อ,ดอยหล่อ,ไร่พัฒนา,เสี่ยงปานกลาง,เสี่ยงสูง,เสี่ยงปานกลาง,เสี่ยงน้อย,เสี่ยงน้อย,2,3,2,1,1,9,1,2,2,⚠️ เฝ้าระวังสูง (เสี่ยงสูง 1 ด้าน)
424,เชียงใหม่,ดอยหล่อ,ดอยหล่อ,ใหม่พัฒนา,เสี่ยงปานกลาง,เสี่ยงปานกลาง,เสี่ยงสูง,เสี่ยงน้อย,เสี่ยงน้อย,2,2,3,1,1,9,1,2,2,⚠️ เฝ้าระวังสูง (เสี่ยงสูง 1 ด้าน)
425,เชียงใหม่,ดอยหล่อ,ดอยหล่อ,โทกเสือ,เสี่ยงปานกลาง,เสี่ยงปานกลาง,เสี่ยงปานกลาง,เสี่ยงน้อย,เสี่ยงน้อย,2,2,2,1,1,8,0,3,2,🟡 เฝ้าระวังปานกลาง (เสี่ยงกลาง 3+ ด้าน)
426,เชียงใหม่,ดอยหล่อ,ดอยหล่อ,ท่าล้อ,เสี่ยงน้อย,เสี่ยงสูง,เสี่ยงปานกลาง,เสี่ยงน้อย,เสี่ยงน้อย,1,3,2,1,1,8,1,1,3,⚠️ เฝ้าระวังสูง (เสี่ยงสูง 1 ด้าน)
427,เชียงใหม่,ดอยหล่อ,ดอยหล่อ,ห้วยทราย,เสี่ยงน้อย,เสี่ยงสูง,เสี่ยงปานกลาง,เสี่ยงน้อย,เสี่ยงน้อย,1,3,2,1,1,8,1,1,3,⚠️ เฝ้าระวังสูง (เสี่ยงสูง 1 ด้าน)
428,เชียงใหม่,ดอยหล่อ,ดอยหล่อ,ไร่สว่างอารมณ์,เสี่ยงน้อย,เสี่ยงปานกลาง,เสี่ยงปานกลาง,เสี่ยงน้อย,เสี่ยงน้อย,1,2,2,1,1,7,0,2,3,🟢 เสี่ยงต่ำ/ทั่วไป
429,เชียงใหม่,ดอยหล่อ,ดอยหล่อ,วังธารทอง,เสี่ยงน้อย,เสี่ยงปานกลาง,เสี่ยงปานกลาง,เสี่ยงน้อย,เสี่ยงน้อย,1,2,2,1,1,7,0,2,3,🟢 เสี่ยงต่ำ/ทั่วไป
430,เชียงใหม่,ดอยหล่อ,ดอยหล่อ,ไร่บน,เสี่ยงน้อย,เสี่ยงปานกลาง,เสี่ยงปานกลาง,เสี่ยงน้อย,เสี่ยงน้อย,1,2,2,1,1,7,0,2,3,🟢 เสี่ยงต่ำ/ทั่วไป
431,เชียงใหม่,ดอยหล่อ,ดอยหล่อ,ดอนชื่น,เสี่ยงปานกลาง,เสี่ยงปานกลาง,เสี่ยงน้อย,เสี่ยงน้อย,เสี่ยงน้อย,2,2,1,1,1,7,0,2,3,🟢 เสี่ยงต่ำ/ทั่วไป
432,เชียงใหม่,ดอยหล่อ,ดอยหล่อ,เวียงทอง,เสี่ยงปานกลาง,เสี่ยงสูง,เสี่ยงปานกลาง,เสี่ยงน้อย,เสี่ยงน้อย,2,3,2,1,1,9,1,2,2,⚠️ เฝ้าระวังสูง (เสี่ยงสูง 1 ด้าน)
433,เชียงใหม่,ดอยหล่อ,ดอยหล่อ,ไร่บวกบง,เสี่ยงปานกลาง,เสี่ยงปานกลาง,เสี่ยงปานกลาง,เสี่ยงน้อย,เสี่ยงน้อย,2,2,2,1,1,8,0,3,2,🟡 เฝ้าระวังปานกลาง (เสี่ยงกลาง 3+ ด้าน)
434,เชียงใหม่,ดอยหล่อ,ยางคราม,ห้วยน้ำขาว,เสี่ยงปานกลาง,เสี่ยงสูง,เสี่ยงน้อย,เสี่ยงปานกลาง,เสี่ยงสูง,2,3,1,2,3,11,2,2,1,🚨 วิกฤติเร่งด่วน (เสี่ยงสูง 2+ ด้าน)
435,เชียงใหม่,ดอยหล่อ,ยางคราม,ใหม่พัฒนา,เสี่ยงปานกลาง,เสี่ยงสูง,เสี่ยงน้อย,เสี่ยงปานกลาง,เสี่ยงสูง,2,3,1,2,3,11,2,2,1,🚨 วิกฤติเร่งด่วน (เสี่ยงสูง 2+ ด้าน)
436,เชียงใหม่,ดอยหล่อ,ยางคราม,ยางคราม,เสี่ยงน้อย,เสี่ยงสูง,เสี่ยงน้อย,เสี่ยงปานกลาง,เสี่ยงสูง,1,3,1,2,3,10,2,1,2,🚨 วิกฤติเร่งด่วน (เสี่ยงสูง 2+ ด้าน)
437,เชียงใหม่,ดอยหล่อ,ยางคราม,ห้วยรากไม้,เสี่ยงปานกลาง,เสี่ยงสูง,เสี่ยงน้อย,เสี่ยงปานกลาง,เสี่ยงสูง,2,3,1,2,3,11,2,2,1,🚨 วิกฤติเร่งด่วน (เสี่ยงสูง 2+ ด้าน)
438,เชียงใหม่,ดอยหล่อ,ยางคราม,ศรีดอนชัย,เสี่ยงน้อย,เสี่ยงสูง,เสี่ยงน้อย,เสี่ยงปานกลาง,เสี่ยงสูง,1,3,1,2,3,10,2,1,2,🚨 วิกฤติเร่งด่วน (เสี่ยงสูง 2+ ด้าน)
439,เชียงใหม่,ดอยหล่อ,ยางคราม,ศรีแดนเมือง,เสี่ยงปานกลาง,เสี่ยงสูง,เสี่ยงน้อย,เสี่ยงปานกลาง,เสี่ยงสูง,2,3,1,2,3,11,2,2,1,🚨 วิกฤติเร่งด่วน (เสี่ยงสูง 2+ ด้าน)
440,เชียงใหม่,ดอยหล่อ,ยางคราม,แม่อาว,เสี่ยงปานกลาง,เสี่ยงสูง,เสี่ยงน้อย,เสี่ยงปานกลาง,เสี่ยงสูง,2,3,1,2,3,11,2,2,1,🚨 วิกฤติเร่งด่วน (เสี่ยงสูง 2+ ด้าน)
441,เชียงใหม่,ดอยหล่อ,ยางคราม,ใหม่ดอนชัย,เสี่ยงปานกลาง,เสี่ยงสูง,เสี่ยงน้อย,เสี่ยงปานกลาง,เสี่ยงสูง,2,3,1,2,3,11,2,2,1,🚨 วิกฤติเร่งด่วน (เสี่ยงสูง 2+ ด้าน)
442,เชียงใหม่,ดอยหล่อ,ยางคราม,ห้วยรากไม้บน,เสี่ยงปานกลาง,เสี่ยงสูง,เสี่ยงน้อย,เสี่ยงปานกลาง,เสี่ยงสูง,2,3,1,2,3,11,2,2,1,🚨 วิกฤติเร่งด่วน (เสี่ยงสูง 2+ ด้าน)
443,เชียงใหม่,ดอยหล่อ,ยางคราม,พนัง,เสี่ยงน้อย,เสี่ยงสูง,เสี่ยงน้อย,เสี่ยงปานกลาง,เสี่ยงสูง,1,3,1,2,3,10,2,1,2,🚨 วิกฤติเร่งด่วน (เสี่ยงสูง 2+ ด้าน)
444,เชียงใหม่,ดอยหล่อ,ยางคราม,หนองม่วง,เสี่ยงปานกลาง,เสี่ยงสูง,เสี่ยงน้อย,เสี่ยงปานกลาง,เสี่ยงสูง,2,3,1,2,3,11,2,2,1,🚨 วิกฤติเร่งด่วน (เสี่ยงสูง 2+ ด้าน)
445,เชียงใหม่,ดอยหล่อ,สองแคว,แม่ขาน,เสี่ยงน้อย,เสี่ยงสูง,เสี่ยงปานกลาง,เสี่ยงปานกลาง,เสี่ยงน้อย,1,3,2,2,1,9,1,2,2,⚠️ เฝ้าระวังสูง (เสี่ยงสูง 1 ด้าน)
446,เชียงใหม่,ดอยหล่อ,สองแคว,ทุ่งท้อ,เสี่ยงน้อย,เสี่ยงสูง,เสี่ยงปานกลาง,เสี่ยงปานกลาง,เสี่ยงน้อย,1,3,2,2,1,9,1,2,2,⚠️ เฝ้าระวังสูง (เสี่ยงสูง 1 ด้าน)
447,เชียงใหม่,ดอยหล่อ,สองแคว,ท่ามะโอ,เสี่ยงน้อย,เสี่ยงปานกลาง,เสี่ยงปานกลาง,เสี่ยงปานกลาง,เสี่ยงน้อย,1,2,2,2,1,8,0,3,2,🟡 เฝ้าระวังปานกลาง (เสี่ยงกลาง 3+ ด้าน)
448,เชียงใหม่,ดอยหล่อ,สองแคว,กลาง,เสี่ยงน้อย,เสี่ยงปานกลาง,เสี่ยงปานกลาง,เสี่ยงปานกลาง,เสี่ยงน้อย,1,2,2,2,1,8,0,3,2,🟡 เฝ้าระวังปานกลาง (เสี่ยงกลาง 3+ ด้าน)
449,เชียงใหม่,ดอยหล่อ,สองแคว,สองแคว,เสี่ยงน้อย,เสี่ยงปานกลาง,เสี่ยงปานกลาง,เสี่ยงปานกลาง,เสี่ยงน้อย,1,2,2,2,1,8,0,3,2,🟡 เฝ้าระวังปานกลาง (เสี่ยงกลาง 3+ ด้าน)
450,เชียงใหม่,ดอยหล่อ,สองแคว,หัวข่วง,เสี่ยงน้อย,เสี่ยงปานกลาง,เสี่ยงปานกลาง,เสี่ยงปานกลาง,เสี่ยงน้อย,1,2,2,2,1,8,0,3,2,🟡 เฝ้าระวังปานกลาง (เสี่ยงกลาง 3+ ด้าน)
451,เชียงใหม่,ดอยหล่อ,สองแคว,ป่าลาน,เสี่ยงน้อย,เสี่ยงสูง,เสี่ยงปานกลาง,เสี่ยงปานกลาง,เสี่ยงน้อย,1,3,2,2,1,9,1,2,2,⚠️ เฝ้าระวังสูง (เสี่ยงสูง 1 ด้าน)
452,เชียงใหม่,ดอยหล่อ,สองแคว,สามหลัง,เสี่ยงน้อย,เสี่ยงปานกลาง,เสี่ยงปานกลาง,เสี่ยงปานกลาง,เสี่ยงน้อย,1,2,2,2,1,8,0,3,2,🟡 เฝ้าระวังปานกลาง (เสี่ยงกลาง 3+ ด้าน)
453,เชียงใหม่,ดอยหล่อ,สันติสุข,สันมะค่า,เสี่ยงปานกลาง,เสี่ยงปานกลาง,เสี่ยงปานกลาง,เสี่ยงน้อย,เสี่ยงน้อย,2,2,2,1,1,8,0,3,2,🟡 เฝ้าระวังปานกลาง (เสี่ยงกลาง 3+ ด้าน)
454,เชียงใหม่,ดอยหล่อ,สันติสุข,หนองเหียง,เสี่ยงปานกลาง,เสี่ยงปานกลาง,เสี่ยงน้อย,เสี่ยงน้อย,เสี่ยงน้อย,2,2,1,1,1,7,0,2,3,🟢 เสี่ยงต่ำ/ทั่วไป
455,เชียงใหม่,ดอยหล่อ,สันติสุข,ทุ่งปุย,เสี่ยงปานกลาง,เสี่ยงปานกลาง,เสี่ยงน้อย,เสี่ยงน้อย,เสี่ยงน้อย,2,2,1,1,1,7,0,2,3,🟢 เสี่ยงต่ำ/ทั่วไป
456,เชียงใหม่,ดอยหล่อ,สันติสุข,สบอาว,เสี่ยงปานกลาง,เสี่ยงปานกลาง,เสี่ยงปานกลาง,เสี่ยงน้อย,เสี่ยงน้อย,2,2,2,1,1,8,0,3,2,🟡 เฝ้าระวังปานกลาง (เสี่ยงกลาง 3+ ด้าน)
457,เชียงใหม่,ดอยหล่อ,สันติสุข,สันนกแก้ว,เสี่ยงปานกลาง,เสี่ยงปานกลาง,เสี่ยงน้อย,เสี่ยงน้อย,เสี่ยงน้อย,2,2,1,1,1,7,0,2,3,🟢 เสี่ยงต่ำ/ทั่วไป
458,เชียงใหม่,ดอยหล่อ,สันติสุข,ใหม่หนองหอย,เสี่ยงปานกลาง,เสี่ยงปานกลาง,เสี่ยงปานกลาง,เสี่ยงน้อย,เสี่ยงน้อย,2,2,2,1,1,8,0,3,2,🟡 เฝ้าระวังปานกลาง (เสี่ยงกลาง 3+ ด้าน)
459,เชียงใหม่,ดอยหล่อ,สันติสุข,หนองหอย,เสี่ยงน้อย,เสี่ยงปานกลาง,เสี่ยงน้อย,เสี่ยงน้อย,เสี่ยงน้อย,1,2,1,1,1,6,0,1,4,🟢 เสี่ยงต่ำ/ทั่วไป
460,เชียงใหม่,ดอยหล่อ,สันติสุข,แม่แตง,เสี่ยงปานกลาง,เสี่ยงปานกลาง,เสี่ยงน้อย,เสี่ยงน้อย,เสี่ยงน้อย,2,2,1,1,1,7,0,2,3,🟢 เสี่ยงต่ำ/ทั่วไป
461,เชียงใหม่,ดอยหล่อ,สันติสุข,สันติสุข,เสี่ยงน้อย,เสี่ยงน้อย,เสี่ยงน้อย,เสี่ยงน้อย,เสี่ยงน้อย,1,1,1,1,1,5,0,0,5,🟢 เสี่ยงต่ำ/ทั่วไป
462,เชียงใหม่,ฝาง,โป่งน้ำร้อน,หนองพนัง,เสี่ยงน้อย,เสี่ยงน้อย,เสี่ยงสูง,เสี่ยงน้อย,เสี่ยงน้อย,1,1,3,1,1,7,1,0,4,⚠️ เฝ้าระวังสูง (เสี่ยงสูง 1 ด้าน)
463,เชียงใหม่,ฝาง,โป่งน้ำร้อน,ดอน,เสี่ยงน้อย,เสี่ยงน้อย,เสี่ยงปานกลาง,เสี่ยงน้อย,เสี่ยงน้อย,1,1,2,1,1,6,0,1,4,🟢 เสี่ยงต่ำ/ทั่วไป
464,เชียงใหม่,ฝาง,โป่งน้ำร้อน,ใหม่หัวฝาย,เสี่ยงน้อย,เสี่ยงน้อย,เสี่ยงปานกลาง,เสี่ยงน้อย,เสี่ยงน้อย,1,1,2,1,1,6,0,1,4,🟢 เสี่ยงต่ำ/ทั่วไป
465,เชียงใหม่,ฝาง,โป่งน้ำร้อน,ท่าหัด,เสี่ยงน้อย,เสี่ยงน้อย,เสี่ยงน้อย,เสี่ยงน้อย,เสี่ยงน้อย,1,1,1,1,1,5,0,0,5,🟢 เสี่ยงต่ำ/ทั่วไป
466,เชียงใหม่,ฝาง,โป่งน้ำร้อน,ต้นผึ้ง,เสี่ยงปานกลาง,เสี่ยงน้อย,เสี่ยงน้อย,เสี่ยงปานกลาง,เสี่ยงน้อย,2,1,1,2,1,7,0,2,3,🟢 เสี่ยงต่ำ/ทั่วไป
467,เชียงใหม่,ฝาง,โป่งน้ำร้อน,เปียงกอก,เสี่ยงน้อย,เสี่ยงน้อย,เสี่ยงสูง,เสี่ยงน้อย,เสี่ยงน้อย,1,1,3,1,1,7,1,0,4,⚠️ เฝ้าระวังสูง (เสี่ยงสูง 1 ด้าน)
468,เชียงใหม่,ฝาง,โป่งน้ำร้อน,ต้นผึ้งใต้,เสี่ยงปานกลาง,เสี่ยงน้อย,เสี่ยงน้อย,เสี่ยงน้อย,เสี่ยงน้อย,2,1,1,1,1,6,0,1,4,🟢 เสี่ยงต่ำ/ทั่วไป
469,เชียงใหม่,ฝาง,ม่อนปิ่น,แม่.มาวขี้เหล็ก,เสี่ยงน้อย,เสี่ยงน้อย,เสี่ยงปานกลาง,เสี่ยงน้อย,เสี่ยงปานกลาง,1,1,2,1,2,7,0,2,3,🟢 เสี่ยงต่ำ/ทั่วไป
470,เชียงใหม่,ฝาง,ม่อนปิ่น,แม่มาวต้นตุ้ม,เสี่ยงน้อย,เสี่ยงน้อย,เสี่ยงน้อย,เสี่ยงน้อย,เสี่ยงปานกลาง,1,1,1,1,2,6,0,1,4,🟢 เสี่ยงต่ำ/ทั่วไป
471,เชียงใหม่,ฝาง,ม่อนปิ่น,ม่อนปิ่นเหนือ,เสี่ยงน้อย,เสี่ยงน้อย,เสี่ยงน้อย,เสี่ยงน้อย,เสี่ยงปานกลาง,1,1,1,1,2,6,0,1,4,🟢 เสี่ยงต่ำ/ทั่วไป
472,เชียงใหม่,ฝาง,ม่อนปิ่น,ป่าฮิ้น,เสี่ยงปานกลาง,เสี่ยงน้อย,เสี่ยงน้อย,เสี่ยงน้อย,เสี่ยงปานกลาง,2,1,1,1,2,7,0,2,3,🟢 เสี่ยงต่ำ/ทั่วไป
473,เชียงใหม่,ฝาง,ม่อนปิ่น,ลาน,เสี่ยงปานกลาง,เสี่ยงปานกลาง,เสี่ยงปานกลาง,เสี่ยงน้อย,เสี่ยงปานกลาง,2,2,2,1,2,9,0,4,1,🟡 เฝ้าระวังปานกลาง (เสี่ยงกลาง 3+ ด้าน)
474,เชียงใหม่,ฝาง,ม่อนปิ่น,หัวนา,เสี่ยงปานกลาง,เสี่ยงน้อย,เสี่ยงปานกลาง,เสี่ยงน้อย,เสี่ยงปานกลาง,2,1,2,1,2,8,0,3,2,🟡 เฝ้าระวังปานกลาง (เสี่ยงกลาง 3+ ด้าน)
475,เชียงใหม่,ฝาง,ม่อนปิ่น,สวนชา,เสี่ยงปานกลาง,เสี่ยงน้อย,เสี่ยงปานกลาง,เสี่ยงน้อย,เสี่ยงปานกลาง,2,1,2,1,2,8,0,3,2,🟡 เฝ้าระวังปานกลาง (เสี่ยงกลาง 3+ ด้าน)
476,เชียงใหม่,ฝาง,ม่อนปิ่น,หนองบัว,เสี่ยงปานกลาง,เสี่ยงน้อย,เสี่ยงปานกลาง,เสี่ยงน้อย,เสี่ยงปานกลาง,2,1,2,1,2,8,0,3,2,🟡 เฝ้าระวังปานกลาง (เสี่ยงกลาง 3+ ด้าน)
477,เชียงใหม่,ฝาง,ม่อนปิ่น,เวียงหวาย,เสี่ยงปานกลาง,เสี่ยงน้อย,เสี่ยงปานกลาง,เสี่ยงน้อย,เสี่ยงปานกลาง,2,1,2,1,2,8,0,3,2,🟡 เฝ้าระวังปานกลาง (เสี่ยงกลาง 3+ ด้าน)
478,เชียงใหม่,ฝาง,ม่อนปิ่น,ม่วงชุม,เสี่ยงปานกลาง,เสี่ยงน้อย,เสี่ยงปานกลาง,เสี่ยงน้อย,เสี่ยงปานกลาง,2,1,2,1,2,8,0,3,2,🟡 เฝ้าระวังปานกลาง (เสี่ยงกลาง 3+ ด้าน)
479,เชียงใหม่,ฝาง,ม่อนปิ่น,ดอยป่าคา,เสี่ยงปานกลาง,เสี่ยงน้อย,เสี่ยงน้อย,เสี่ยงน้อย,เสี่ยงปานกลาง,2,1,1,1,2,7,0,2,3,🟢 เสี่ยงต่ำ/ทั่วไป
480,เชียงใหม่,ฝาง,ม่อนปิ่น,ม่อนปิ่นใต้,เสี่ยงปานกลาง,เสี่ยงน้อย,เสี่ยงน้อย,เสี่ยงน้อย,เสี่ยงปานกลาง,2,1,1,1,2,7,0,2,3,🟢 เสี่ยงต่ำ/ทั่วไป
481,เชียงใหม่,ฝาง,ม่อนปิ่น,เด่นชัย,เสี่ยงปานกลาง,เสี่ยงน้อย,เสี่ยงน้อย,เสี่ยงน้อย,เสี่ยงปานกลาง,2,1,1,1,2,7,0,2,3,🟢 เสี่ยงต่ำ/ทั่วไป
482,เชียงใหม่,ฝาง,ม่อนปิ่น,ขอบด้ง,เสี่ยงปานกลาง,เสี่ยงน้อย,เสี่ยงน้อย,เสี่ยงน้อย,เสี่ยงปานกลาง,2,1,1,1,2,7,0,2,3,🟢 เสี่ยงต่ำ/ทั่วไป
483,เชียงใหม่,ฝาง,ม่อนปิ่น,หนองไผ่,เสี่ยงปานกลาง,เสี่ยงน้อย,เสี่ยงปานกลาง,เสี่ยงน้อย,เสี่ยงปานกลาง,2,1,2,1,2,8,0,3,2,🟡 เฝ้าระวังปานกลาง (เสี่ยงกลาง 3+ ด้าน)
484,เชียงใหม่,ฝาง,แม่ข่า,สบข่า,เสี่ยงน้อย,เสี่ยงปานกลาง,เสี่ยงปานกลาง,เสี่ยงน้อย,เสี่ยงสูง,1,2,2,1,3,9,1,2,2,⚠️ เฝ้าระวังสูง (เสี่ยงสูง 1 ด้าน)
485,เชียงใหม่,ฝาง,แม่ข่า,ดงป่าลัน,เสี่ยงน้อย,เสี่ยงปานกลาง,เสี่ยงน้อย,เสี่ยงปานกลาง,เสี่ยงสูง,1,2,1,2,3,9,1,2,2,⚠️ เฝ้าระวังสูง (เสี่ยงสูง 1 ด้าน)
486,เชียงใหม่,ฝาง,แม่ข่า,สันม่วง,เสี่ยงน้อย,เสี่ยงปานกลาง,เสี่ยงน้อย,เสี่ยงปานกลาง,เสี่ยงสูง,1,2,1,2,3,9,1,2,2,⚠️ เฝ้าระวังสูง (เสี่ยงสูง 1 ด้าน)
487,เชียงใหม่,ฝาง,แม่ข่า,ห้วยโจ้,เสี่ยงน้อย,เสี่ยงปานกลาง,เสี่ยงปานกลาง,เสี่ยงน้อย,เสี่ยงสูง,1,2,2,1,3,9,1,2,2,⚠️ เฝ้าระวังสูง (เสี่ยงสูง 1 ด้าน)
488,เชียงใหม่,ฝาง,แม่ข่า,แม่ข่า,เสี่ยงน้อย,เสี่ยงน้อย,เสี่ยงน้อย,เสี่ยงน้อย,เสี่ยงสูง,1,1,1,1,3,7,1,0,4,⚠️ เฝ้าระวังสูง (เสี่ยงสูง 1 ด้าน)
489,เชียงใหม่,ฝาง,แม่ข่า,หล่ายฝาง,เสี่ยงน้อย,เสี่ยงปานกลาง,เสี่ยงปานกลาง,เสี่ยงปานกลาง,เสี่ยงสูง,1,2,2,2,3,10,1,3,1,⚠️ เฝ้าระวังสูง (เสี่ยงสูง 1 ด้าน)
490,เชียงใหม่,ฝาง,แม่ข่า,สันต้นเปา,เสี่ยงปานกลาง,เสี่ยงปานกลาง,เสี่ยงปานกลาง,เสี่ยงน้อย,เสี่ยงสูง,2,2,2,1,3,10,1,3,1,⚠️ เฝ้าระวังสูง (เสี่ยงสูง 1 ด้าน)
491,เชียงใหม่,ฝาง,แม่ข่า,เด่นเวียงไชย,เสี่ยงปานกลาง,เสี่ยงปานกลาง,เสี่ยงปานกลาง,เสี่ยงปานกลาง,เสี่ยงสูง,2,2,2,2,3,11,1,4,0,⚠️ เฝ้าระวังสูง (เสี่ยงสูง 1 ด้าน)
492,เชียงใหม่,ฝาง,แม่ข่า,สันป่าไหน่,เสี่ยงน้อย,เสี่ยงปานกลาง,เสี่ยงปานกลาง,เสี่ยงน้อย,เสี่ยงสูง,1,2,2,1,3,9,1,2,2,⚠️ เฝ้าระวังสูง (เสี่ยงสูง 1 ด้าน)
493,เชียงใหม่,ฝาง,แม่ข่า,ใหม่หล่ายฝาง,เสี่ยงน้อย,เสี่ยงปานกลาง,เสี่ยงปานกลาง,เสี่ยงน้อย,เสี่ยงสูง,1,2,2,1,3,9,1,2,2,⚠️ เฝ้าระวังสูง (เสี่ยงสูง 1 ด้าน)
494,เชียงใหม่,ฝาง,แม่ข่า,หนองอ้อม,เสี่ยงน้อย,เสี่ยงปานกลาง,เสี่ยงสูง,เสี่ยงปานกลาง,เสี่ยงสูง,1,2,3,2,3,11,2,2,1,🚨 วิกฤติเร่งด่วน (เสี่ยงสูง 2+ ด้าน)
495,เชียงใหม่,ฝาง,แม่ข่า,ดงมิตรภาพ,เสี่ยงน้อย,เสี่ยงปานกลาง,เสี่ยงน้อย,เสี่ยงปานกลาง,เสี่ยงสูง,1,2,1,2,3,9,1,2,2,⚠️ เฝ้าระวังสูง (เสี่ยงสูง 1 ด้าน)
496,เชียงใหม่,ฝาง,แม่ข่า,ห้วยโจ้ใต้,เสี่ยงน้อย,เสี่ยงปานกลาง,เสี่ยงน้อย,เสี่ยงน้อย,เสี่ยงสูง,1,2,1,1,3,8,1,1,3,⚠️ เฝ้าระวังสูง (เสี่ยงสูง 1 ด้าน)
497,เชียงใหม่,ฝาง,แม่คะ,แม่คะ,เสี่ยงน้อย,เสี่ยงน้อย,เสี่ยงน้อย,เสี่ยงน้อย,เสี่ยงน้อย,1,1,1,1,1,5,0,0,5,🟢 เสี่ยงต่ำ/ทั่วไป
498,เชียงใหม่,ฝาง,แม่คะ,สันป่าก่อ,เสี่ยงปานกลาง,เสี่ยงปานกลาง,เสี่ยงน้อย,เสี่ยงน้อย,เสี่ยงน้อย,2,2,1,1,1,7,0,2,3,🟢 เสี่ยงต่ำ/ทั่วไป
499,เชียงใหม่,ฝาง,แม่คะ,ป่าแงะ,เสี่ยงปานกลาง,เสี่ยงปานกลาง,เสี่ยงปานกลาง,เสี่ยงน้อย,เสี่ยงน้อย,2,2,2,1,1,8,0,3,2,🟡 เฝ้าระวังปานกลาง (เสี่ยงกลาง 3+ ด้าน)
500,เชียงใหม่,ฝาง,แม่คะ,หนองบัวคำ,เสี่ยงปานกลาง,เสี่ยงปานกลาง,เสี่ยงน้อย,เสี่ยงปานกลาง,เสี่ยงน้อย,2,2,1,2,1,8,0,3,2,🟡 เฝ้าระวังปานกลาง (เสี่ยงกลาง 3+ ด้าน)
501,เชียงใหม่,ฝาง,แม่คะ,ห้วยไคร้,เสี่ยงปานกลาง,เสี่ยงปานกลาง,เสี่ยงสูง,เสี่ยงน้อย,เสี่ยงน้อย,2,2,3,1,1,9,1,2,2,⚠️ เฝ้าระวังสูง (เสี่ยงสูง 1 ด้าน)
502,เชียงใหม่,ฝาง,แม่คะ,เหมืองแร่,เสี่ยงปานกลาง,เสี่ยงปานกลาง,เสี่ยงปานกลาง,เสี่ยงน้อย,เสี่ยงน้อย,2,2,2,1,1,8,0,3,2,🟡 เฝ้าระวังปานกลาง (เสี่ยงกลาง 3+ ด้าน)
503,เชียงใหม่,ฝาง,แม่คะ,โป่งนก,เสี่ยงปานกลาง,เสี่ยงปานกลาง,เสี่ยงปานกลาง,เสี่ยงปานกลาง,เสี่ยงน้อย,2,2,2,2,1,9,0,4,1,🟡 เฝ้าระวังปานกลาง (เสี่ยงกลาง 3+ ด้าน)
504,เชียงใหม่,ฝาง,แม่คะ,ธิ,เสี่ยงปานกลาง,เสี่ยงปานกลาง,เสี่ยงปานกลาง,เสี่ยงปานกลาง,เสี่ยงน้อย,2,2,2,2,1,9,0,4,1,🟡 เฝ้าระวังปานกลาง (เสี่ยงกลาง 3+ ด้าน)
505,เชียงใหม่,ฝาง,แม่คะ,ปางปอย,เสี่ยงปานกลาง,เสี่ยงปานกลาง,เสี่ยงปานกลาง,เสี่ยงปานกลาง,เสี่ยงน้อย,2,2,2,2,1,9,0,4,1,🟡 เฝ้าระวังปานกลาง (เสี่ยงกลาง 3+ ด้าน)
506,เชียงใหม่,ฝาง,แม่คะ,หนองฮ่าง,เสี่ยงปานกลาง,เสี่ยงปานกลาง,เสี่ยงน้อย,เสี่ยงน้อย,เสี่ยงน้อย,2,2,1,1,1,7,0,2,3,🟢 เสี่ยงต่ำ/ทั่วไป
507,เชียงใหม่,ฝาง,แม่คะ,แม่ป่าไผ่,เสี่ยงปานกลาง,เสี่ยงปานกลาง,เสี่ยงปานกลาง,เสี่ยงน้อย,เสี่ยงน้อย,2,2,2,1,1,8,0,3,2,🟡 เฝ้าระวังปานกลาง (เสี่ยงกลาง 3+ ด้าน)
508,เชียงใหม่,ฝาง,แม่คะ,ไร่,เสี่ยงปานกลาง,เสี่ยงปานกลาง,เสี่ยงปานกลาง,เสี่ยงน้อย,เสี่ยงน้อย,2,2,2,1,1,8,0,3,2,🟡 เฝ้าระวังปานกลาง (เสี่ยงกลาง 3+ ด้าน)
509,เชียงใหม่,ฝาง,แม่คะ,หนองบวกช้าง,เสี่ยงปานกลาง,เสี่ยงปานกลาง,เสี่ยงน้อย,เสี่ยงน้อย,เสี่ยงน้อย,2,2,1,1,1,7,0,2,3,🟢 เสี่ยงต่ำ/ทั่วไป
510,เชียงใหม่,ฝาง,แม่คะ,สันดอยนาค,เสี่ยงปานกลาง,เสี่ยงปานกลาง,เสี่ยงปานกลาง,เสี่ยงน้อย,เสี่ยงน้อย,2,2,2,1,1,8,0,3,2,🟡 เฝ้าระวังปานกลาง (เสี่ยงกลาง 3+ ด้าน)
511,เชียงใหม่,ฝาง,แม่คะ,ดอยป่าไผ่,เสี่ยงปานกลาง,เสี่ยงปานกลาง,เสี่ยงปานกลาง,เสี่ยงน้อย,เสี่ยงน้อย,2,2,2,1,1,8,0,3,2,🟡 เฝ้าระวังปานกลาง (เสี่ยงกลาง 3+ ด้าน)
512,เชียงใหม่,ฝาง,แม่งอน,ห้วยห้อม,เสี่ยงปานกลาง,เสี่ยงปานกลาง,เสี่ยงน้อย,เสี่ยงน้อย,เสี่ยงน้อย,2,2,1,1,1,7,0,2,3,🟢 เสี่ยงต่ำ/ทั่วไป
513,เชียงใหม่,ฝาง,แม่งอน,แม่งอนกลาง,เสี่ยงน้อย,เสี่ยงน้อย,เสี่ยงน้อย,เสี่ยงน้อย,เสี่ยงน้อย,1,1,1,1,1,5,0,0,5,🟢 เสี่ยงต่ำ/ทั่วไป
514,เชียงใหม่,ฝาง,แม่งอน,ห้วยลึก,เสี่ยงปานกลาง,เสี่ยงน้อย,เสี่ยงน้อย,เสี่ยงน้อย,เสี่ยงน้อย,2,1,1,1,1,6,0,1,4,🟢 เสี่ยงต่ำ/ทั่วไป
515,เชียงใหม่,ฝาง,แม่งอน,แม่งอนขี้เหล็ก,เสี่ยงปานกลาง,เสี่ยงปานกลาง,เสี่ยงน้อย,เสี่ยงน้อย,เสี่ยงน้อย,2,2,1,1,1,7,0,2,3,🟢 เสี่ยงต่ำ/ทั่วไป
516,เชียงใหม่,ฝาง,แม่งอน,หลวง,เสี่ยงปานกลาง,เสี่ยงน้อย,เสี่ยงน้อย,เสี่ยงน้อย,เสี่ยงน้อย,2,1,1,1,1,6,0,1,4,🟢 เสี่ยงต่ำ/ทั่วไป
517,เชียงใหม่,ฝาง,แม่งอน,ปางควาย,เสี่ยงปานกลาง,เสี่ยงปานกลาง,เสี่ยงน้อย,เสี่ยงน้อย,เสี่ยงน้อย,2,2,1,1,1,7,0,2,3,🟢 เสี่ยงต่ำ/ทั่วไป
518,เชียงใหม่,ฝาง,แม่งอน,ทุ่งหลุก,เสี่ยงปานกลาง,เสี่ยงน้อย,เสี่ยงน้อย,เสี่ยงน้อย,เสี่ยงน้อย,2,1,1,1,1,6,0,1,4,🟢 เสี่ยงต่ำ/ทั่วไป
519,เชียงใหม่,ฝาง,แม่งอน,หนองขวาง,เสี่ยงปานกลาง,เสี่ยงปานกลาง,เสี่ยงน้อย,เสี่ยงน้อย,เสี่ยงน้อย,2,2,1,1,1,7,0,2,3,🟢 เสี่ยงต่ำ/ทั่วไป
520,เชียงใหม่,ฝาง,แม่งอน,สันมะกอกหวาน,เสี่ยงปานกลาง,เสี่ยงน้อย,เสี่ยงน้อย,เสี่ยงน้อย,เสี่ยงน้อย,2,1,1,1,1,6,0,1,4,🟢 เสี่ยงต่ำ/ทั่วไป
521,เชียงใหม่,ฝาง,แม่งอน,ทุ่งทอง,เสี่ยงน้อย,เสี่ยงปานกลาง,เสี่ยงน้อย,เสี่ยงน้อย,เสี่ยงน้อย,1,2,1,1,1,6,0,1,4,🟢 เสี่ยงต่ำ/ทั่วไป
522,เชียงใหม่,ฝาง,แม่งอน,ป่าจี้,เสี่ยงน้อย,เสี่ยงน้อย,เสี่ยงน้อย,เสี่ยงน้อย,เสี่ยงน้อย,1,1,1,1,1,5,0,0,5,🟢 เสี่ยงต่ำ/ทั่วไป
523,เชียงใหม่,ฝาง,แม่งอน,ยาง,เสี่ยงปานกลาง,เสี่ยงน้อย,เสี่ยงน้อย,เสี่ยงน้อย,เสี่ยงน้อย,2,1,1,1,1,6,0,1,4,🟢 เสี่ยงต่ำ/ทั่วไป
524,เชียงใหม่,ฝาง,แม่งอน,ใหม่หลวง,เสี่ยงปานกลาง,เสี่ยงน้อย,เสี่ยงน้อย,เสี่ยงน้อย,เสี่ยงน้อย,2,1,1,1,1,6,0,1,4,🟢 เสี่ยงต่ำ/ทั่วไป
525,เชียงใหม่,ฝาง,แม่งอน,แม่งอนสันติสุข,เสี่ยงน้อย,เสี่ยงน้อย,เสี่ยงน้อย,เสี่ยงปานกลาง,เสี่ยงน้อย,1,1,1,2,1,6,0,1,4,🟢 เสี่ยงต่ำ/ทั่วไป
526,เชียงใหม่,ฝาง,แม่งอน,ใหม่ทุ่งเจริญ,เสี่ยงปานกลาง,เสี่ยงน้อย,เสี่ยงน้อย,เสี่ยงน้อย,เสี่ยงน้อย,2,1,1,1,1,6,0,1,4,🟢 เสี่ยงต่ำ/ทั่วไป
527,เชียงใหม่,ฝาง,แม่สูน,แม่สูนหลวง,เสี่ยงน้อย,เสี่ยงปานกลาง,เสี่ยงปานกลาง,เสี่ยงปานกลาง,เสี่ยงน้อย,1,2,2,2,1,8,0,3,2,🟡 เฝ้าระวังปานกลาง (เสี่ยงกลาง 3+ ด้าน)
528,เชียงใหม่,ฝาง,แม่สูน,ปางสัก,เสี่ยงน้อย,เสี่ยงปานกลาง,เสี่ยงน้อย,เสี่ยงน้อย,เสี่ยงน้อย,1,2,1,1,1,6,0,1,4,🟢 เสี่ยงต่ำ/ทั่วไป
529,เชียงใหม่,ฝาง,แม่สูน,แม่สูนน้อย,เสี่ยงน้อย,เสี่ยงปานกลาง,เสี่ยงน้อย,เสี่ยงน้อย,เสี่ยงน้อย,1,2,1,1,1,6,0,1,4,🟢 เสี่ยงต่ำ/ทั่วไป
530,เชียงใหม่,ฝาง,แม่สูน,สันป่าแดง,เสี่ยงน้อย,เสี่ยงปานกลาง,เสี่ยงน้อย,เสี่ยงน้อย,เสี่ยงน้อย,1,2,1,1,1,6,0,1,4,🟢 เสี่ยงต่ำ/ทั่วไป
531,เชียงใหม่,ฝาง,แม่สูน,ล้องอ้อ,เสี่ยงน้อย,เสี่ยงปานกลาง,เสี่ยงน้อย,เสี่ยงน้อย,เสี่ยงน้อย,1,2,1,1,1,6,0,1,4,🟢 เสี่ยงต่ำ/ทั่วไป
532,เชียงใหม่,ฝาง,แม่สูน,ต้นส้าน,เสี่ยงน้อย,เสี่ยงปานกลาง,เสี่ยงน้อย,เสี่ยงน้อย,เสี่ยงน้อย,1,2,1,1,1,6,0,1,4,🟢 เสี่ยงต่ำ/ทั่วไป
533,เชียงใหม่,ฝาง,แม่สูน,หนองยาว,เสี่ยงน้อย,เสี่ยงปานกลาง,เสี่ยงน้อย,เสี่ยงน้อย,เสี่ยงน้อย,1,2,1,1,1,6,0,1,4,🟢 เสี่ยงต่ำ/ทั่วไป
534,เชียงใหม่,ฝาง,แม่สูน,นิคม,เสี่ยงน้อย,เสี่ยงปานกลาง,เสี่ยงน้อย,เสี่ยงปานกลาง,เสี่ยงน้อย,1,2,1,2,1,7,0,2,3,🟢 เสี่ยงต่ำ/ทั่วไป
535,เชียงใหม่,ฝาง,แม่สูน,สันดินแดง,เสี่ยงน้อย,เสี่ยงปานกลาง,เสี่ยงน้อย,เสี่ยงปานกลาง,เสี่ยงน้อย,1,2,1,2,1,7,0,2,3,🟢 เสี่ยงต่ำ/ทั่วไป
536,เชียงใหม่,ฝาง,แม่สูน,สันมะเฟือง,เสี่ยงน้อย,เสี่ยงปานกลาง,เสี่ยงน้อย,เสี่ยงน้อย,เสี่ยงน้อย,1,2,1,1,1,6,0,1,4,🟢 เสี่ยงต่ำ/ทั่วไป
537,เชียงใหม่,ฝาง,แม่สูน,สันป่าเกี๊ยะ,เสี่ยงน้อย,เสี่ยงปานกลาง,เสี่ยงน้อย,เสี่ยงน้อย,เสี่ยงน้อย,1,2,1,1,1,6,0,1,4,🟢 เสี่ยงต่ำ/ทั่วไป
538,เชียงใหม่,ฝาง,แม่สูน,สันมะม่วง,เสี่ยงน้อย,เสี่ยงปานกลาง,เสี่ยงน้อย,เสี่ยงน้อย,เสี่ยงน้อย,1,2,1,1,1,6,0,1,4,🟢 เสี่ยงต่ำ/ทั่วไป
539,เชียงใหม่,ฝาง,แม่สูน,ใหม่โป่งผา,เสี่ยงน้อย,เสี่ยงปานกลาง,เสี่ยงน้อย,เสี่ยงปานกลาง,เสี่ยงน้อย,1,2,1,2,1,7,0,2,3,🟢 เสี่ยงต่ำ/ทั่วไป
540,เชียงใหม่,ฝาง,แม่สูน,สันติพัฒนา,เสี่ยงน้อย,เสี่ยงปานกลาง,เสี่ยงน้อย,เสี่ยงปานกลาง,เสี่ยงน้อย,1,2,1,2,1,7,0,2,3,🟢 เสี่ยงต่ำ/ทั่วไป
541,เชียงใหม่,ฝาง,แม่สูน,ใหม่ชัยเกษม,เสี่ยงน้อย,เสี่ยงปานกลาง,เสี่ยงน้อย,เสี่ยงน้อย,เสี่ยงน้อย,1,2,1,1,1,6,0,1,4,🟢 เสี่ยงต่ำ/ทั่วไป
542,เชียงใหม่,ฝาง,แม่สูน,หนองยาวใต้,เสี่ยงน้อย,เสี่ยงน้อย,เสี่ยงน้อย,เสี่ยงปานกลาง,เสี่ยงน้อย,1,1,1,2,1,6,0,1,4,🟢 เสี่ยงต่ำ/ทั่วไป
543,เชียงใหม่,ฝาง,แม่สูน,หนองยาวเหนือ,เสี่ยงน้อย,เสี่ยงปานกลาง,เสี่ยงน้อย,เสี่ยงน้อย,เสี่ยงน้อย,1,2,1,1,1,6,0,1,4,🟢 เสี่ยงต่ำ/ทั่วไป
544,เชียงใหม่,ฝาง,เวียง,หนองตุ้ม,เสี่ยงปานกลาง,เสี่ยงปานกลาง,เสี่ยงปานกลาง,เสี่ยงปานกลาง,เสี่ยงน้อย,2,2,2,2,1,9,0,4,1,🟡 เฝ้าระวังปานกลาง (เสี่ยงกลาง 3+ ด้าน)
545,เชียงใหม่,ฝาง,เวียง,ป่าบง,เสี่ยงปานกลาง,เสี่ยงปานกลาง,เสี่ยงปานกลาง,เสี่ยงปานกลาง,เสี่ยงน้อย,2,2,2,2,1,9,0,4,1,🟡 เฝ้าระวังปานกลาง (เสี่ยงกลาง 3+ ด้าน)
546,เชียงใหม่,ฝาง,เวียง,หนองอึ่ง,เสี่ยงปานกลาง,เสี่ยงปานกลาง,เสี่ยงปานกลาง,เสี่ยงปานกลาง,เสี่ยงน้อย,2,2,2,2,1,9,0,4,1,🟡 เฝ้าระวังปานกลาง (เสี่ยงกลาง 3+ ด้าน)
547,เชียงใหม่,ฝาง,เวียง,สวนดอก,เสี่ยงน้อย,เสี่ยงปานกลาง,เสี่ยงปานกลาง,เสี่ยงปานกลาง,เสี่ยงน้อย,1,2,2,2,1,8,0,3,2,🟡 เฝ้าระวังปานกลาง (เสี่ยงกลาง 3+ ด้าน)
548,เชียงใหม่,ฝาง,เวียง,ต้นหนุน,เสี่ยงปานกลาง,เสี่ยงปานกลาง,เสี่ยงปานกลาง,เสี่ยงปานกลาง,เสี่ยงน้อย,2,2,2,2,1,9,0,4,1,🟡 เฝ้าระวังปานกลาง (เสี่ยงกลาง 3+ ด้าน)
549,เชียงใหม่,ฝาง,เวียง,สันทรายคองน้อย,เสี่ยงน้อย,เสี่ยงปานกลาง,เสี่ยงน้อย,เสี่ยงปานกลาง,เสี่ยงน้อย,1,2,1,2,1,7,0,2,3,🟢 เสี่ยงต่ำ/ทั่วไป
550,เชียงใหม่,ฝาง,เวียง,แม่ใจใต้,เสี่ยงน้อย,เสี่ยงปานกลาง,เสี่ยงน้อย,เสี่ยงปานกลาง,เสี่ยงน้อย,1,2,1,2,1,7,0,2,3,🟢 เสี่ยงต่ำ/ทั่วไป
551,เชียงใหม่,ฝาง,เวียง,แม่ใจเหนือ,เสี่ยงปานกลาง,เสี่ยงปานกลาง,เสี่ยงปานกลาง,เสี่ยงปานกลาง,เสี่ยงน้อย,2,2,2,2,1,9,0,4,1,🟡 เฝ้าระวังปานกลาง (เสี่ยงกลาง 3+ ด้าน)
552,เชียงใหม่,ฝาง,เวียง,สันป่าไหน่,เสี่ยงน้อย,เสี่ยงปานกลาง,เสี่ยงสูง,เสี่ยงปานกลาง,เสี่ยงน้อย,1,2,3,2,1,9,1,2,2,⚠️ เฝ้าระวังสูง (เสี่ยงสูง 1 ด้าน)
553,เชียงใหม่,ฝาง,เวียง,สันป่ายาง,เสี่ยงปานกลาง,เสี่ยงปานกลาง,เสี่ยงปานกลาง,เสี่ยงสูง,เสี่ยงน้อย,2,2,2,3,1,10,1,3,1,⚠️ เฝ้าระวังสูง (เสี่ยงสูง 1 ด้าน)
554,เชียงใหม่,ฝาง,เวียง,ท่าสะแล,เสี่ยงปานกลาง,เสี่ยงสูง,เสี่ยงปานกลาง,เสี่ยงปานกลาง,เสี่ยงน้อย,2,3,2,2,1,10,1,3,1,⚠️ เฝ้าระวังสูง (เสี่ยงสูง 1 ด้าน)
555,เชียงใหม่,ฝาง,เวียง,โป่งถืบ,เสี่ยงปานกลาง,เสี่ยงสูง,เสี่ยงปานกลาง,เสี่ยงปานกลาง,เสี่ยงน้อย,2,3,2,2,1,10,1,3,1,⚠️ เฝ้าระวังสูง (เสี่ยงสูง 1 ด้าน)
556,เชียงใหม่,ฝาง,เวียง,ห้วยบอน,เสี่ยงน้อย,เสี่ยงปานกลาง,เสี่ยงน้อย,เสี่ยงปานกลาง,เสี่ยงน้อย,1,2,1,2,1,7,0,2,3,🟢 เสี่ยงต่ำ/ทั่วไป
557,เชียงใหม่,ฝาง,เวียง,เสาหิน,เสี่ยงปานกลาง,เสี่ยงปานกลาง,เสี่ยงปานกลาง,เสี่ยงปานกลาง,เสี่ยงน้อย,2,2,2,2,1,9,0,4,1,🟡 เฝ้าระวังปานกลาง (เสี่ยงกลาง 3+ ด้าน)
558,เชียงใหม่,ฝาง,เวียง,โป่งถืบใน,เสี่ยงน้อย,เสี่ยงปานกลาง,เสี่ยงปานกลาง,เสี่ยงปานกลาง,เสี่ยงน้อย,1,2,2,2,1,8,0,3,2,🟡 เฝ้าระวังปานกลาง (เสี่ยงกลาง 3+ ด้าน)
559,เชียงใหม่,ฝาง,เวียง,ปางผึ้ง,เสี่ยงน้อย,เสี่ยงปานกลาง,เสี่ยงปานกลาง,เสี่ยงปานกลาง,เสี่ยงน้อย,1,2,2,2,1,8,0,3,2,🟡 เฝ้าระวังปานกลาง (เสี่ยงกลาง 3+ ด้าน)
560,เชียงใหม่,ฝาง,เวียง,ใหม่คลองน้อย,เสี่ยงปานกลาง,เสี่ยงปานกลาง,เสี่ยงปานกลาง,เสี่ยงสูง,เสี่ยงน้อย,2,2,2,3,1,10,1,3,1,⚠️ เฝ้าระวังสูง (เสี่ยงสูง 1 ด้าน)
561,เชียงใหม่,ฝาง,เวียง,ศรีดอนชัย,เสี่ยงน้อย,เสี่ยงปานกลาง,เสี่ยงน้อย,เสี่ยงปานกลาง,เสี่ยงน้อย,1,2,1,2,1,7,0,2,3,🟢 เสี่ยงต่ำ/ทั่วไป
562,เชียงใหม่,ฝาง,เวียง,ใหม่ชยาราม,เสี่ยงปานกลาง,เสี่ยงปานกลาง,เสี่ยงน้อย,เสี่ยงปานกลาง,เสี่ยงน้อย,2,2,1,2,1,8,0,3,2,🟡 เฝ้าระวังปานกลาง (เสี่ยงกลาง 3+ ด้าน)
563,เชียงใหม่,ฝาง,เวียง,สระนิคม,เสี่ยงน้อย,เสี่ยงสูง,เสี่ยงปานกลาง,เสี่ยงปานกลาง,เสี่ยงน้อย,1,3,2,2,1,9,1,2,2,⚠️ เฝ้าระวังสูง (เสี่ยงสูง 1 ด้าน)
564,เชียงใหม่,ฝาง,สันทราย,แม่มาว,เสี่ยงปานกลาง,เสี่ยงปานกลาง,เสี่ยงปานกลาง,เสี่ยงปานกลาง,เสี่ยงน้อย,2,2,2,2,1,9,0,4,1,🟡 เฝ้าระวังปานกลาง (เสี่ยงกลาง 3+ ด้าน)
565,เชียงใหม่,ฝาง,สันทราย,นันทาราม,เสี่ยงปานกลาง,เสี่ยงปานกลาง,เสี่ยงสูง,เสี่ยงปานกลาง,เสี่ยงน้อย,2,2,3,2,1,10,1,3,1,⚠️ เฝ้าระวังสูง (เสี่ยงสูง 1 ด้าน)
566,เชียงใหม่,ฝาง,สันทราย,สันทราย,เสี่ยงน้อย,เสี่ยงปานกลาง,เสี่ยงสูง,เสี่ยงปานกลาง,เสี่ยงน้อย,1,2,3,2,1,9,1,2,2,⚠️ เฝ้าระวังสูง (เสี่ยงสูง 1 ด้าน)
567,เชียงใหม่,ฝาง,สันทราย,ห้วยงูนอก,เสี่ยงปานกลาง,เสี่ยงปานกลาง,เสี่ยงปานกลาง,เสี่ยงปานกลาง,เสี่ยงน้อย,2,2,2,2,1,9,0,4,1,🟡 เฝ้าระวังปานกลาง (เสี่ยงกลาง 3+ ด้าน)
568,เชียงใหม่,ฝาง,สันทราย,ห้วยงูใน,เสี่ยงน้อย,เสี่ยงปานกลาง,เสี่ยงสูง,เสี่ยงสูง,เสี่ยงน้อย,1,2,3,3,1,10,2,1,2,🚨 วิกฤติเร่งด่วน (เสี่ยงสูง 2+ ด้าน)
569,เชียงใหม่,ฝาง,สันทราย,ต้นส้าน,เสี่ยงน้อย,เสี่ยงปานกลาง,เสี่ยงปานกลาง,เสี่ยงปานกลาง,เสี่ยงน้อย,1,2,2,2,1,8,0,3,2,🟡 เฝ้าระวังปานกลาง (เสี่ยงกลาง 3+ ด้าน)
570,เชียงใหม่,ฝาง,สันทราย,สองแคว,เสี่ยงปานกลาง,เสี่ยงปานกลาง,เสี่ยงปานกลาง,เสี่ยงปานกลาง,เสี่ยงน้อย,2,2,2,2,1,9,0,4,1,🟡 เฝ้าระวังปานกลาง (เสี่ยงกลาง 3+ ด้าน)
571,เชียงใหม่,ฝาง,สันทราย,สันต้นดู่,เสี่ยงน้อย,เสี่ยงปานกลาง,เสี่ยงปานกลาง,เสี่ยงปานกลาง,เสี่ยงน้อย,1,2,2,2,1,8,0,3,2,🟡 เฝ้าระวังปานกลาง (เสี่ยงกลาง 3+ ด้าน)
572,เชียงใหม่,ฝาง,สันทราย,ห้วยงูกลาง,เสี่ยงน้อย,เสี่ยงปานกลาง,เสี่ยงปานกลาง,เสี่ยงปานกลาง,เสี่ยงน้อย,1,2,2,2,1,8,0,3,2,🟡 เฝ้าระวังปานกลาง (เสี่ยงกลาง 3+ ด้าน)
573,เชียงใหม่,ฝาง,สันทราย,สบมาว,เสี่ยงปานกลาง,เสี่ยงปานกลาง,เสี่ยงสูง,เสี่ยงปานกลาง,เสี่ยงน้อย,2,2,3,2,1,10,1,3,1,⚠️ เฝ้าระวังสูง (เสี่ยงสูง 1 ด้าน)
574,เชียงใหม่,ฝาง,สันทราย,ใหม่สันต้นดู่,เสี่ยงปานกลาง,เสี่ยงปานกลาง,เสี่ยงปานกลาง,เสี่ยงสูง,เสี่ยงน้อย,2,2,2,3,1,10,1,3,1,⚠️ เฝ้าระวังสูง (เสี่ยงสูง 1 ด้าน)
575,เชียงใหม่,ฝาง,สันทราย,สันป่าข่า,เสี่ยงน้อย,เสี่ยงปานกลาง,เสี่ยงปานกลาง,เสี่ยงปานกลาง,เสี่ยงน้อย,1,2,2,2,1,8,0,3,2,🟡 เฝ้าระวังปานกลาง (เสี่ยงกลาง 3+ ด้าน)
576,เชียงใหม่,ฝาง,สันทราย,สันหนองเขียว,เสี่ยงน้อย,เสี่ยงปานกลาง,เสี่ยงปานกลาง,เสี่ยงปานกลาง,เสี่ยงน้อย,1,2,2,2,1,8,0,3,2,🟡 เฝ้าระวังปานกลาง (เสี่ยงกลาง 3+ ด้าน)
577,เชียงใหม่,ฝาง,สันทราย,ใหม่เหนือ,เสี่ยงน้อย,เสี่ยงปานกลาง,เสี่ยงปานกลาง,เสี่ยงปานกลาง,เสี่ยงน้อย,1,2,2,2,1,8,0,3,2,🟡 เฝ้าระวังปานกลาง (เสี่ยงกลาง 3+ ด้าน)
578,เชียงใหม่,ฝาง,สันทราย,ท่ากว้าง,เสี่ยงน้อย,เสี่ยงปานกลาง,เสี่ยงสูง,เสี่ยงปานกลาง,เสี่ยงน้อย,1,2,3,2,1,9,1,2,2,⚠️ เฝ้าระวังสูง (เสี่ยงสูง 1 ด้าน)
579,เชียงใหม่,ฝาง,สันทราย,สันทรายเหนือ,เสี่ยงปานกลาง,เสี่ยงปานกลาง,เสี่ยงสูง,เสี่ยงปานกลาง,เสี่ยงน้อย,2,2,3,2,1,10,1,3,1,⚠️ เฝ้าระวังสูง (เสี่ยงสูง 1 ด้าน)
580,เชียงใหม่,ฝาง,สันทราย,ต้นส้านใน,เสี่ยงน้อย,เสี่ยงปานกลาง,เสี่ยงปานกลาง,เสี่ยงปานกลาง,เสี่ยงน้อย,1,2,2,2,1,8,0,3,2,🟡 เฝ้าระวังปานกลาง (เสี่ยงกลาง 3+ ด้าน)
581,เชียงใหม่,พร้าว,เขื่อนผาก,แพะพัฒนา,เสี่ยงปานกลาง,เสี่ยงปานกลาง,เสี่ยงปานกลาง,เสี่ยงปานกลาง,เสี่ยงปานกลาง,2,2,2,2,2,10,0,5,0,🟡 เฝ้าระวังปานกลาง (เสี่ยงกลาง 3+ ด้าน)
582,เชียงใหม่,พร้าว,เขื่อนผาก,เขื่อนผาก,เสี่ยงน้อย,เสี่ยงปานกลาง,เสี่ยงน้อย,เสี่ยงปานกลาง,เสี่ยงปานกลาง,1,2,1,2,2,8,0,3,2,🟡 เฝ้าระวังปานกลาง (เสี่ยงกลาง 3+ ด้าน)
583,เชียงใหม่,พร้าว,เขื่อนผาก,ห้วยบงเหนือ,เสี่ยงปานกลาง,เสี่ยงปานกลาง,เสี่ยงน้อย,เสี่ยงปานกลาง,เสี่ยงปานกลาง,2,2,1,2,2,9,0,4,1,🟡 เฝ้าระวังปานกลาง (เสี่ยงกลาง 3+ ด้าน)
584,เชียงใหม่,พร้าว,เขื่อนผาก,ห้วยบงใต้,เสี่ยงปานกลาง,เสี่ยงปานกลาง,เสี่ยงน้อย,เสี่ยงปานกลาง,เสี่ยงปานกลาง,2,2,1,2,2,9,0,4,1,🟡 เฝ้าระวังปานกลาง (เสี่ยงกลาง 3+ ด้าน)
585,เชียงใหม่,พร้าว,เขื่อนผาก,ทรายมูล,เสี่ยงปานกลาง,เสี่ยงปานกลาง,เสี่ยงน้อย,เสี่ยงสูง,เสี่ยงปานกลาง,2,2,1,3,2,10,1,3,1,⚠️ เฝ้าระวังสูง (เสี่ยงสูง 1 ด้าน)
586,เชียงใหม่,พร้าว,เขื่อนผาก,สหกรณ์แปลง2,เสี่ยงปานกลาง,เสี่ยงปานกลาง,เสี่ยงปานกลาง,เสี่ยงปานกลาง,เสี่ยงปานกลาง,2,2,2,2,2,10,0,5,0,🟡 เฝ้าระวังปานกลาง (เสี่ยงกลาง 3+ ด้าน)
587,เชียงใหม่,พร้าว,เขื่อนผาก,ทรายทอง,เสี่ยงปานกลาง,เสี่ยงปานกลาง,เสี่ยงน้อย,เสี่ยงปานกลาง,เสี่ยงปานกลาง,2,2,1,2,2,9,0,4,1,🟡 เฝ้าระวังปานกลาง (เสี่ยงกลาง 3+ ด้าน)
588,เชียงใหม่,พร้าว,เขื่อนผาก,ขวัญประชา,เสี่ยงปานกลาง,เสี่ยงปานกลาง,เสี่ยงน้อย,เสี่ยงปานกลาง,เสี่ยงปานกลาง,2,2,1,2,2,9,0,4,1,🟡 เฝ้าระวังปานกลาง (เสี่ยงกลาง 3+ ด้าน)
589,เชียงใหม่,พร้าว,เขื่อนผาก,ไชยมงคล,เสี่ยงปานกลาง,เสี่ยงปานกลาง,เสี่ยงน้อย,เสี่ยงสูง,เสี่ยงปานกลาง,2,2,1,3,2,10,1,3,1,⚠️ เฝ้าระวังสูง (เสี่ยงสูง 1 ด้าน)
590,เชียงใหม่,พร้าว,เขื่อนผาก,ม่วงหลวง,เสี่ยงปานกลาง,เสี่ยงปานกลาง,เสี่ยงน้อย,เสี่ยงปานกลาง,เสี่ยงปานกลาง,2,2,1,2,2,9,0,4,1,🟡 เฝ้าระวังปานกลาง (เสี่ยงกลาง 3+ ด้าน)
591,เชียงใหม่,พร้าว,ทุ่งหลวง,ทุ่งหลวง,เสี่ยงน้อย,เสี่ยงน้อย,เสี่ยงน้อย,เสี่ยงปานกลาง,เสี่ยงน้อย,1,1,1,2,1,6,0,1,4,🟢 เสี่ยงต่ำ/ทั่วไป
592,เชียงใหม่,พร้าว,ทุ่งหลวง,ป่าจี้,เสี่ยงน้อย,เสี่ยงน้อย,เสี่ยงน้อย,เสี่ยงปานกลาง,เสี่ยงน้อย,1,1,1,2,1,6,0,1,4,🟢 เสี่ยงต่ำ/ทั่วไป
593,เชียงใหม่,พร้าว,ทุ่งหลวง,สันมะนะ,เสี่ยงน้อย,เสี่ยงน้อย,เสี่ยงน้อย,เสี่ยงปานกลาง,เสี่ยงน้อย,1,1,1,2,1,6,0,1,4,🟢 เสี่ยงต่ำ/ทั่วไป
594,เชียงใหม่,พร้าว,ทุ่งหลวง,แม่งัด,เสี่ยงน้อย,เสี่ยงน้อย,เสี่ยงน้อย,เสี่ยงปานกลาง,เสี่ยงน้อย,1,1,1,2,1,6,0,1,4,🟢 เสี่ยงต่ำ/ทั่วไป
595,เชียงใหม่,พร้าว,ทุ่งหลวง,หม้อบน,เสี่ยงน้อย,เสี่ยงน้อย,เสี่ยงน้อย,เสี่ยงปานกลาง,เสี่ยงน้อย,1,1,1,2,1,6,0,1,4,🟢 เสี่ยงต่ำ/ทั่วไป
596,เชียงใหม่,พร้าว,ทุ่งหลวง,หม้อล่าง,เสี่ยงน้อย,เสี่ยงน้อย,เสี่ยงน้อย,เสี่ยงปานกลาง,เสี่ยงน้อย,1,1,1,2,1,6,0,1,4,🟢 เสี่ยงต่ำ/ทั่วไป
597,เชียงใหม่,พร้าว,น้ำแพร่,หนองปลามัน,เสี่ยงน้อย,เสี่ยงน้อย,เสี่ยงน้อย,เสี่ยงน้อย,เสี่ยงน้อย,1,1,1,1,1,5,0,0,5,🟢 เสี่ยงต่ำ/ทั่วไป
598,เชียงใหม่,พร้าว,น้ำแพร่,ป่างิ้ว,เสี่ยงน้อย,เสี่ยงปานกลาง,เสี่ยงน้อย,เสี่ยงน้อย,เสี่ยงน้อย,1,2,1,1,1,6,0,1,4,🟢 เสี่ยงต่ำ/ทั่วไป
599,เชียงใหม่,พร้าว,น้ำแพร่,สันขวาง,เสี่ยงน้อย,เสี่ยงน้อย,เสี่ยงน้อย,เสี่ยงน้อย,เสี่ยงน้อย,1,1,1,1,1,5,0,0,5,🟢 เสี่ยงต่ำ/ทั่วไป
600,เชียงใหม่,พร้าว,น้ำแพร่,น้ำแพร่,เสี่ยงน้อย,เสี่ยงน้อย,เสี่ยงน้อย,เสี่ยงน้อย,เสี่ยงน้อย,1,1,1,1,1,5,0,0,5,🟢 เสี่ยงต่ำ/ทั่วไป
601,เชียงใหม่,พร้าว,น้ำแพร่,โล๊ะป่าตอง,เสี่ยงน้อย,เสี่ยงน้อย,เสี่ยงน้อย,เสี่ยงน้อย,เสี่ยงน้อย,1,1,1,1,1,5,0,0,5,🟢 เสี่ยงต่ำ/ทั่วไป
602,เชียงใหม่,พร้าว,น้ำแพร่,แม่ละงอง,เสี่ยงน้อย,เสี่ยงน้อย,เสี่ยงน้อย,เสี่ยงปานกลาง,เสี่ยงน้อย,1,1,1,2,1,6,0,1,4,🟢 เสี่ยงต่ำ/ทั่วไป
603,เชียงใหม่,พร้าว,น้ำแพร่,สหกรณ์ดำริ,เสี่ยงน้อย,เสี่ยงน้อย,เสี่ยงน้อย,เสี่ยงน้อย,เสี่ยงน้อย,1,1,1,1,1,5,0,0,5,🟢 เสี่ยงต่ำ/ทั่วไป
604,เชียงใหม่,พร้าว,น้ำแพร่,ป่าอ้อ,เสี่ยงน้อย,เสี่ยงน้อย,เสี่ยงน้อย,เสี่ยงน้อย,เสี่ยงน้อย,1,1,1,1,1,5,0,0,5,🟢 เสี่ยงต่ำ/ทั่วไป
605,เชียงใหม่,พร้าว,บ้านโป่ง,โป่ง,เสี่ยงน้อย,เสี่ยงน้อย,เสี่ยงน้อย,เสี่ยงน้อย,เสี่ยงน้อย,1,1,1,1,1,5,0,0,5,🟢 เสี่ยงต่ำ/ทั่วไป
606,เชียงใหม่,พร้าว,บ้านโป่ง,สันต้นม่วง,เสี่ยงน้อย,เสี่ยงน้อย,เสี่ยงน้อย,เสี่ยงน้อย,เสี่ยงน้อย,1,1,1,1,1,5,0,0,5,🟢 เสี่ยงต่ำ/ทั่วไป
607,เชียงใหม่,พร้าว,บ้านโป่ง,ดงหลวง,เสี่ยงน้อย,เสี่ยงน้อย,เสี่ยงน้อย,เสี่ยงน้อย,เสี่ยงน้อย,1,1,1,1,1,5,0,0,5,🟢 เสี่ยงต่ำ/ทั่วไป
608,เชียงใหม่,พร้าว,บ้านโป่ง,ป่าฮิ้น,เสี่ยงน้อย,เสี่ยงน้อย,เสี่ยงน้อย,เสี่ยงน้อย,เสี่ยงน้อย,1,1,1,1,1,5,0,0,5,🟢 เสี่ยงต่ำ/ทั่วไป
609,เชียงใหม่,พร้าว,บ้านโป่ง,ป่าลัน,เสี่ยงน้อย,เสี่ยงน้อย,เสี่ยงน้อย,เสี่ยงน้อย,เสี่ยงน้อย,1,1,1,1,1,5,0,0,5,🟢 เสี่ยงต่ำ/ทั่วไป
610,เชียงใหม่,พร้าว,บ้านโป่ง,ทุ่งน้อย,เสี่ยงน้อย,เสี่ยงน้อย,เสี่ยงน้อย,เสี่ยงน้อย,เสี่ยงน้อย,1,1,1,1,1,5,0,0,5,🟢 เสี่ยงต่ำ/ทั่วไป
611,เชียงใหม่,พร้าว,บ้านโป่ง,ป่าหวาย,เสี่ยงน้อย,เสี่ยงน้อย,เสี่ยงน้อย,เสี่ยงน้อย,เสี่ยงน้อย,1,1,1,1,1,5,0,0,5,🟢 เสี่ยงต่ำ/ทั่วไป
612,เชียงใหม่,พร้าว,บ้านโป่ง,ดงป่าแดง,เสี่ยงน้อย,เสี่ยงน้อย,เสี่ยงน้อย,เสี่ยงน้อย,เสี่ยงน้อย,1,1,1,1,1,5,0,0,5,🟢 เสี่ยงต่ำ/ทั่วไป
613,เชียงใหม่,พร้าว,ป่าตุ้ม,สันคะมอก,เสี่ยงปานกลาง,เสี่ยงปานกลาง,เสี่ยงน้อย,เสี่ยงน้อย,เสี่ยงน้อย,2,2,1,1,1,7,0,2,3,🟢 เสี่ยงต่ำ/ทั่วไป
614,เชียงใหม่,พร้าว,ป่าตุ้ม,ทุ่งกู่,เสี่ยงน้อย,เสี่ยงน้อย,เสี่ยงน้อย,เสี่ยงปานกลาง,เสี่ยงน้อย,1,1,1,2,1,6,0,1,4,🟢 เสี่ยงต่ำ/ทั่วไป
615,เชียงใหม่,พร้าว,ป่าตุ้ม,ต้นรุง,เสี่ยงน้อย,เสี่ยงน้อย,เสี่ยงน้อย,เสี่ยงน้อย,เสี่ยงน้อย,1,1,1,1,1,5,0,0,5,🟢 เสี่ยงต่ำ/ทั่วไป
616,เชียงใหม่,พร้าว,ป่าตุ้ม,ต้นกอก,เสี่ยงน้อย,เสี่ยงน้อย,เสี่ยงน้อย,เสี่ยงน้อย,เสี่ยงน้อย,1,1,1,1,1,5,0,0,5,🟢 เสี่ยงต่ำ/ทั่วไป
617,เชียงใหม่,พร้าว,ป่าตุ้ม,ทุ่งห้า,เสี่ยงน้อย,เสี่ยงน้อย,เสี่ยงน้อย,เสี่ยงปานกลาง,เสี่ยงน้อย,1,1,1,2,1,6,0,1,4,🟢 เสี่ยงต่ำ/ทั่วไป
618,เชียงใหม่,พร้าว,ป่าตุ้ม,สันถนน,เสี่ยงปานกลาง,เสี่ยงน้อย,เสี่ยงน้อย,เสี่ยงน้อย,เสี่ยงน้อย,2,1,1,1,1,6,0,1,4,🟢 เสี่ยงต่ำ/ทั่วไป
619,เชียงใหม่,พร้าว,ป่าตุ้ม,ห้วยกุ,เสี่ยงน้อย,เสี่ยงน้อย,เสี่ยงน้อย,เสี่ยงน้อย,เสี่ยงน้อย,1,1,1,1,1,5,0,0,5,🟢 เสี่ยงต่ำ/ทั่วไป
620,เชียงใหม่,พร้าว,ป่าตุ้ม,ป่าตุ้มโห้ง,เสี่ยงน้อย,เสี่ยงน้อย,เสี่ยงปานกลาง,เสี่ยงน้อย,เสี่ยงน้อย,1,1,2,1,1,6,0,1,4,🟢 เสี่ยงต่ำ/ทั่วไป
621,เชียงใหม่,พร้าว,ป่าตุ้ม,ป่าตุ้มดอน,เสี่ยงน้อย,เสี่ยงน้อย,เสี่ยงน้อย,เสี่ยงน้อย,เสี่ยงน้อย,1,1,1,1,1,5,0,0,5,🟢 เสี่ยงต่ำ/ทั่วไป
622,เชียงใหม่,พร้าว,ป่าตุ้ม,ปางฟาน,เสี่ยงปานกลาง,เสี่ยงน้อย,เสี่ยงน้อย,เสี่ยงน้อย,เสี่ยงน้อย,2,1,1,1,1,6,0,1,4,🟢 เสี่ยงต่ำ/ทั่วไป
623,เชียงใหม่,พร้าว,ป่าตุ้ม,สหกรณ์แปลง5,เสี่ยงน้อย,เสี่ยงน้อย,เสี่ยงน้อย,เสี่ยงปานกลาง,เสี่ยงน้อย,1,1,1,2,1,6,0,1,4,🟢 เสี่ยงต่ำ/ทั่วไป
624,เชียงใหม่,พร้าว,ป่าตุ้ม,ดอยใต้,เสี่ยงน้อย,เสี่ยงน้อย,เสี่ยงน้อย,เสี่ยงน้อย,เสี่ยงน้อย,1,1,1,1,1,5,0,0,5,🟢 เสี่ยงต่ำ/ทั่วไป
625,เชียงใหม่,พร้าว,ป่าไหน่,ป่าไหน่,เสี่ยงน้อย,เสี่ยงน้อย,เสี่ยงน้อย,เสี่ยงน้อย,เสี่ยงน้อย,1,1,1,1,1,5,0,0,5,🟢 เสี่ยงต่ำ/ทั่วไป
626,เชียงใหม่,พร้าว,ป่าไหน่,สันยาว,เสี่ยงน้อย,เสี่ยงน้อย,เสี่ยงน้อย,เสี่ยงน้อย,เสี่ยงน้อย,1,1,1,1,1,5,0,0,5,🟢 เสี่ยงต่ำ/ทั่วไป
627,เชียงใหม่,พร้าว,ป่าไหน่,เหล่า,เสี่ยงปานกลาง,เสี่ยงน้อย,เสี่ยงปานกลาง,เสี่ยงน้อย,เสี่ยงน้อย,2,1,2,1,1,7,0,2,3,🟢 เสี่ยงต่ำ/ทั่วไป
628,เชียงใหม่,พร้าว,ป่าไหน่,ตีนธาตุ,เสี่ยงน้อย,เสี่ยงน้อย,เสี่ยงปานกลาง,เสี่ยงน้อย,เสี่ยงน้อย,1,1,2,1,1,6,0,1,4,🟢 เสี่ยงต่ำ/ทั่วไป
629,เชียงใหม่,พร้าว,ป่าไหน่,สันกลาง,เสี่ยงน้อย,เสี่ยงน้อย,เสี่ยงน้อย,เสี่ยงน้อย,เสี่ยงน้อย,1,1,1,1,1,5,0,0,5,🟢 เสี่ยงต่ำ/ทั่วไป
630,เชียงใหม่,พร้าว,ป่าไหน่,สันปอธง,เสี่ยงน้อย,เสี่ยงน้อย,เสี่ยงน้อย,เสี่ยงน้อย,เสี่ยงน้อย,1,1,1,1,1,5,0,0,5,🟢 เสี่ยงต่ำ/ทั่วไป
631,เชียงใหม่,พร้าว,ป่าไหน่,ม่วงถ้อย,เสี่ยงน้อย,เสี่ยงน้อย,เสี่ยงน้อย,เสี่ยงน้อย,เสี่ยงน้อย,1,1,1,1,1,5,0,0,5,🟢 เสี่ยงต่ำ/ทั่วไป
632,เชียงใหม่,พร้าว,ป่าไหน่,โละปูเลย,เสี่ยงน้อย,เสี่ยงน้อย,เสี่ยงน้อย,เสี่ยงน้อย,เสี่ยงน้อย,1,1,1,1,1,5,0,0,5,🟢 เสี่ยงต่ำ/ทั่วไป
633,เชียงใหม่,พร้าว,ป่าไหน่,ม่วงคำ,เสี่ยงน้อย,เสี่ยงน้อย,เสี่ยงน้อย,เสี่ยงน้อย,เสี่ยงน้อย,1,1,1,1,1,5,0,0,5,🟢 เสี่ยงต่ำ/ทั่วไป
634,เชียงใหม่,พร้าว,ป่าไหน่,สันตะผาบ,เสี่ยงน้อย,เสี่ยงน้อย,เสี่ยงน้อย,เสี่ยงน้อย,เสี่ยงน้อย,1,1,1,1,1,5,0,0,5,🟢 เสี่ยงต่ำ/ทั่วไป
635,เชียงใหม่,พร้าว,แม่ปั๋ง,ห้วยงู,เสี่ยงน้อย,เสี่ยงปานกลาง,เสี่ยงน้อย,เสี่ยงน้อย,เสี่ยงปานกลาง,1,2,1,1,2,7,0,2,3,🟢 เสี่ยงต่ำ/ทั่วไป
636,เชียงใหม่,พร้าว,แม่ปั๋ง,ประดู่,เสี่ยงน้อย,เสี่ยงปานกลาง,เสี่ยงน้อย,เสี่ยงน้อย,เสี่ยงปานกลาง,1,2,1,1,2,7,0,2,3,🟢 เสี่ยงต่ำ/ทั่วไป
637,เชียงใหม่,พร้าว,แม่ปั๋ง,แม่แพง,เสี่ยงน้อย,เสี่ยงปานกลาง,เสี่ยงน้อย,เสี่ยงน้อย,เสี่ยงปานกลาง,1,2,1,1,2,7,0,2,3,🟢 เสี่ยงต่ำ/ทั่วไป
638,เชียงใหม่,พร้าว,แม่ปั๋ง,สบปั๋ง,เสี่ยงน้อย,เสี่ยงปานกลาง,เสี่ยงน้อย,เสี่ยงน้อย,เสี่ยงปานกลาง,1,2,1,1,2,7,0,2,3,🟢 เสี่ยงต่ำ/ทั่วไป
639,เชียงใหม่,พร้าว,แม่ปั๋ง,แม่ปั๋ง,เสี่ยงน้อย,เสี่ยงน้อย,เสี่ยงน้อย,เสี่ยงน้อย,เสี่ยงปานกลาง,1,1,1,1,2,6,0,1,4,🟢 เสี่ยงต่ำ/ทั่วไป
640,เชียงใหม่,พร้าว,แม่ปั๋ง,ทุ่งบวกข้าว,เสี่ยงน้อย,เสี่ยงปานกลาง,เสี่ยงน้อย,เสี่ยงน้อย,เสี่ยงปานกลาง,1,2,1,1,2,7,0,2,3,🟢 เสี่ยงต่ำ/ทั่วไป
641,เชียงใหม่,พร้าว,แม่ปั๋ง,ขุนปั๋ง,เสี่ยงปานกลาง,เสี่ยงปานกลาง,เสี่ยงปานกลาง,เสี่ยงน้อย,เสี่ยงปานกลาง,2,2,2,1,2,9,0,4,1,🟡 เฝ้าระวังปานกลาง (เสี่ยงกลาง 3+ ด้าน)
642,เชียงใหม่,พร้าว,แม่ปั๋ง,ห้วยทราย,เสี่ยงน้อย,เสี่ยงปานกลาง,เสี่ยงน้อย,เสี่ยงน้อย,เสี่ยงปานกลาง,1,2,1,1,2,7,0,2,3,🟢 เสี่ยงต่ำ/ทั่วไป
643,เชียงใหม่,พร้าว,แม่ปั๋ง,ม่อนหินไหล,เสี่ยงปานกลาง,เสี่ยงปานกลาง,เสี่ยงน้อย,เสี่ยงน้อย,เสี่ยงปานกลาง,2,2,1,1,2,8,0,3,2,🟡 เฝ้าระวังปานกลาง (เสี่ยงกลาง 3+ ด้าน)
644,เชียงใหม่,พร้าว,แม่ปั๋ง,ศรีประดู่,เสี่ยงน้อย,เสี่ยงปานกลาง,เสี่ยงน้อย,เสี่ยงน้อย,เสี่ยงปานกลาง,1,2,1,1,2,7,0,2,3,🟢 เสี่ยงต่ำ/ทั่วไป
645,เชียงใหม่,พร้าว,แม่ปั๋ง,โป่ง,เสี่ยงน้อย,เสี่ยงน้อย,เสี่ยงน้อย,เสี่ยงน้อย,เสี่ยงปานกลาง,1,1,1,1,2,6,0,1,4,🟢 เสี่ยงต่ำ/ทั่วไป
646,เชียงใหม่,พร้าว,แม่ปั๋ง,ผาแดง,เสี่ยงน้อย,เสี่ยงปานกลาง,เสี่ยงน้อย,เสี่ยงน้อย,เสี่ยงปานกลาง,1,2,1,1,2,7,0,2,3,🟢 เสี่ยงต่ำ/ทั่วไป
647,เชียงใหม่,พร้าว,แม่ปั๋ง,เฉลิมราช,เสี่ยงน้อย,เสี่ยงปานกลาง,เสี่ยงน้อย,เสี่ยงน้อย,เสี่ยงปานกลาง,1,2,1,1,2,7,0,2,3,🟢 เสี่ยงต่ำ/ทั่วไป
648,เชียงใหม่,พร้าว,แม่ปั๋ง,สันติสุข,เสี่ยงน้อย,เสี่ยงปานกลาง,เสี่ยงน้อย,เสี่ยงน้อย,เสี่ยงปานกลาง,1,2,1,1,2,7,0,2,3,🟢 เสี่ยงต่ำ/ทั่วไป
649,เชียงใหม่,พร้าว,แม่แวน,ล้อง,เสี่ยงน้อย,เสี่ยงปานกลาง,เสี่ยงปานกลาง,เสี่ยงปานกลาง,เสี่ยงน้อย,1,2,2,2,1,8,0,3,2,🟡 เฝ้าระวังปานกลาง (เสี่ยงกลาง 3+ ด้าน)
650,เชียงใหม่,พร้าว,แม่แวน,แม่เหียะ,เสี่ยงน้อย,เสี่ยงปานกลาง,เสี่ยงน้อย,เสี่ยงปานกลาง,เสี่ยงน้อย,1,2,1,2,1,7,0,2,3,🟢 เสี่ยงต่ำ/ทั่วไป
651,เชียงใหม่,พร้าว,แม่แวน,เหล่า,เสี่ยงน้อย,เสี่ยงปานกลาง,เสี่ยงน้อย,เสี่ยงน้อย,เสี่ยงน้อย,1,2,1,1,1,6,0,1,4,🟢 เสี่ยงต่ำ/ทั่วไป
652,เชียงใหม่,พร้าว,แม่แวน,ป่าแขม,เสี่ยงน้อย,เสี่ยงปานกลาง,เสี่ยงปานกลาง,เสี่ยงน้อย,เสี่ยงน้อย,1,2,2,1,1,7,0,2,3,🟢 เสี่ยงต่ำ/ทั่วไป
653,เชียงใหม่,พร้าว,แม่แวน,แม่แวน,เสี่ยงน้อย,เสี่ยงน้อย,เสี่ยงปานกลาง,เสี่ยงน้อย,เสี่ยงน้อย,1,1,2,1,1,6,0,1,4,🟢 เสี่ยงต่ำ/ทั่วไป
654,เชียงใหม่,พร้าว,แม่แวน,หนองบัว,เสี่ยงน้อย,เสี่ยงปานกลาง,เสี่ยงน้อย,เสี่ยงน้อย,เสี่ยงน้อย,1,2,1,1,1,6,0,1,4,🟢 เสี่ยงต่ำ/ทั่วไป
655,เชียงใหม่,พร้าว,แม่แวน,แม่พวก,เสี่ยงน้อย,เสี่ยงปานกลาง,เสี่ยงน้อย,เสี่ยงน้อย,เสี่ยงน้อย,1,2,1,1,1,6,0,1,4,🟢 เสี่ยงต่ำ/ทั่วไป
656,เชียงใหม่,พร้าว,แม่แวน,ขุนแจ๋,เสี่ยงปานกลาง,เสี่ยงปานกลาง,เสี่ยงน้อย,เสี่ยงน้อย,เสี่ยงน้อย,2,2,1,1,1,7,0,2,3,🟢 เสี่ยงต่ำ/ทั่วไป
657,เชียงใหม่,พร้าว,แม่แวน,ไชยงาม,เสี่ยงน้อย,เสี่ยงปานกลาง,เสี่ยงน้อย,เสี่ยงปานกลาง,เสี่ยงน้อย,1,2,1,2,1,7,0,2,3,🟢 เสี่ยงต่ำ/ทั่วไป
658,เชียงใหม่,พร้าว,แม่แวน,สหกรณ์ร่มเกล้า,เสี่ยงน้อย,เสี่ยงปานกลาง,เสี่ยงน้อย,เสี่ยงน้อย,เสี่ยงน้อย,1,2,1,1,1,6,0,1,4,🟢 เสี่ยงต่ำ/ทั่วไป
659,เชียงใหม่,พร้าว,แม่แวน,สามลี่,เสี่ยงปานกลาง,เสี่ยงปานกลาง,เสี่ยงน้อย,เสี่ยงปานกลาง,เสี่ยงน้อย,2,2,1,2,1,8,0,3,2,🟡 เฝ้าระวังปานกลาง (เสี่ยงกลาง 3+ ด้าน)
660,เชียงใหม่,พร้าว,เวียง,ช่างคำ,เสี่ยงน้อย,เสี่ยงน้อย,เสี่ยงน้อย,เสี่ยงปานกลาง,เสี่ยงสูง,1,1,1,2,3,8,1,1,3,⚠️ เฝ้าระวังสูง (เสี่ยงสูง 1 ด้าน)
661,เชียงใหม่,พร้าว,เวียง,ขามสุ่ม,เสี่ยงน้อย,เสี่ยงน้อย,เสี่ยงน้อย,เสี่ยงปานกลาง,เสี่ยงสูง,1,1,1,2,3,8,1,1,3,⚠️ เฝ้าระวังสูง (เสี่ยงสูง 1 ด้าน)
662,เชียงใหม่,พร้าว,เวียง,ป่าเสี้ยว,เสี่ยงน้อย,เสี่ยงน้อย,เสี่ยงน้อย,เสี่ยงปานกลาง,เสี่ยงสูง,1,1,1,2,3,8,1,1,3,⚠️ เฝ้าระวังสูง (เสี่ยงสูง 1 ด้าน)
663,เชียงใหม่,พร้าว,เวียง,แจ่งกู่เรือง,เสี่ยงน้อย,เสี่ยงน้อย,เสี่ยงน้อย,เสี่ยงปานกลาง,เสี่ยงสูง,1,1,1,2,3,8,1,1,3,⚠️ เฝ้าระวังสูง (เสี่ยงสูง 1 ด้าน)
664,เชียงใหม่,พร้าว,เวียง,หนองอ้อ,เสี่ยงน้อย,เสี่ยงน้อย,เสี่ยงน้อย,เสี่ยงปานกลาง,เสี่ยงสูง,1,1,1,2,3,8,1,1,3,⚠️ เฝ้าระวังสูง (เสี่ยงสูง 1 ด้าน)
665,เชียงใหม่,พร้าว,เวียง,แม่กอย,เสี่ยงน้อย,เสี่ยงน้อย,เสี่ยงปานกลาง,เสี่ยงปานกลาง,เสี่ยงสูง,1,1,2,2,3,9,1,2,2,⚠️ เฝ้าระวังสูง (เสี่ยงสูง 1 ด้าน)
666,เชียงใหม่,พร้าว,สันทราย,ห้วยส้าน,เสี่ยงน้อย,เสี่ยงปานกลาง,เสี่ยงน้อย,เสี่ยงน้อย,เสี่ยงปานกลาง,1,2,1,1,2,7,0,2,3,🟢 เสี่ยงต่ำ/ทั่วไป
667,เชียงใหม่,พร้าว,สันทราย,หนองปิด,เสี่ยงน้อย,เสี่ยงปานกลาง,เสี่ยงน้อย,เสี่ยงน้อย,เสี่ยงปานกลาง,1,2,1,1,2,7,0,2,3,🟢 เสี่ยงต่ำ/ทั่วไป
668,เชียงใหม่,พร้าว,สันทราย,สันผักฮี้,เสี่ยงน้อย,เสี่ยงปานกลาง,เสี่ยงน้อย,เสี่ยงน้อย,เสี่ยงปานกลาง,1,2,1,1,2,7,0,2,3,🟢 เสี่ยงต่ำ/ทั่วไป
669,เชียงใหม่,พร้าว,สันทราย,ท่ามะเกี๋ยง,เสี่ยงน้อย,เสี่ยงปานกลาง,เสี่ยงน้อย,เสี่ยงน้อย,เสี่ยงปานกลาง,1,2,1,1,2,7,0,2,3,🟢 เสี่ยงต่ำ/ทั่วไป
670,เชียงใหม่,พร้าว,สันทราย,สันปง,เสี่ยงน้อย,เสี่ยงปานกลาง,เสี่ยงน้อย,เสี่ยงน้อย,เสี่ยงปานกลาง,1,2,1,1,2,7,0,2,3,🟢 เสี่ยงต่ำ/ทั่วไป
671,เชียงใหม่,พร้าว,สันทราย,ขามสุ่มป่า,เสี่ยงน้อย,เสี่ยงน้อย,เสี่ยงน้อย,เสี่ยงน้อย,เสี่ยงปานกลาง,1,1,1,1,2,6,0,1,4,🟢 เสี่ยงต่ำ/ทั่วไป
672,เชียงใหม่,พร้าว,สันทราย,สันทราย,เสี่ยงน้อย,เสี่ยงน้อย,เสี่ยงน้อย,เสี่ยงน้อย,เสี่ยงปานกลาง,1,1,1,1,2,6,0,1,4,🟢 เสี่ยงต่ำ/ทั่วไป
673,เชียงใหม่,พร้าว,สันทราย,ศรีค้ำ,เสี่ยงน้อย,เสี่ยงปานกลาง,เสี่ยงน้อย,เสี่ยงน้อย,เสี่ยงปานกลาง,1,2,1,1,2,7,0,2,3,🟢 เสี่ยงต่ำ/ทั่วไป
674,เชียงใหม่,พร้าว,สันทราย,ต้นโชค,เสี่ยงน้อย,เสี่ยงปานกลาง,เสี่ยงน้อย,เสี่ยงน้อย,เสี่ยงปานกลาง,1,2,1,1,2,7,0,2,3,🟢 เสี่ยงต่ำ/ทั่วไป
675,เชียงใหม่,พร้าว,สันทราย,หนองครก,เสี่ยงน้อย,เสี่ยงปานกลาง,เสี่ยงปานกลาง,เสี่ยงน้อย,เสี่ยงปานกลาง,1,2,2,1,2,8,0,3,2,🟡 เฝ้าระวังปานกลาง (เสี่ยงกลาง 3+ ด้าน)
676,เชียงใหม่,พร้าว,สันทราย,สันฮกฟ้า,เสี่ยงน้อย,เสี่ยงปานกลาง,เสี่ยงปานกลาง,เสี่ยงน้อย,เสี่ยงปานกลาง,1,2,2,1,2,8,0,3,2,🟡 เฝ้าระวังปานกลาง (เสี่ยงกลาง 3+ ด้าน)
677,เชียงใหม่,พร้าว,สันทราย,แม่ปาคี,เสี่ยงน้อย,เสี่ยงปานกลาง,เสี่ยงน้อย,เสี่ยงน้อย,เสี่ยงปานกลาง,1,2,1,1,2,7,0,2,3,🟢 เสี่ยงต่ำ/ทั่วไป
678,เชียงใหม่,พร้าว,สันทราย,โป่งเย็น,เสี่ยงน้อย,เสี่ยงปานกลาง,เสี่ยงน้อย,เสี่ยงน้อย,เสี่ยงปานกลาง,1,2,1,1,2,7,0,2,3,🟢 เสี่ยงต่ำ/ทั่วไป
679,เชียงใหม่,พร้าว,สันทราย,ผาแดง,เสี่ยงน้อย,เสี่ยงปานกลาง,เสี่ยงน้อย,เสี่ยงน้อย,เสี่ยงปานกลาง,1,2,1,1,2,7,0,2,3,🟢 เสี่ยงต่ำ/ทั่วไป
680,เชียงใหม่,พร้าว,สันทราย,ท่ามะเกี๋ยงเหนือ,เสี่ยงน้อย,เสี่ยงปานกลาง,เสี่ยงน้อย,เสี่ยงน้อย,เสี่ยงปานกลาง,1,2,1,1,2,7,0,2,3,🟢 เสี่ยงต่ำ/ทั่วไป
681,เชียงใหม่,พร้าว,โหล่งขอด,ทุ่งแดง,เสี่ยงปานกลาง,เสี่ยงน้อย,เสี่ยงปานกลาง,เสี่ยงน้อย,เสี่ยงน้อย,2,1,2,1,1,7,0,2,3,🟢 เสี่ยงต่ำ/ทั่วไป
682,เชียงใหม่,พร้าว,โหล่งขอด,ป่าแต้ง,เสี่ยงปานกลาง,เสี่ยงน้อย,เสี่ยงปานกลาง,เสี่ยงน้อย,เสี่ยงน้อย,2,1,2,1,1,7,0,2,3,🟢 เสี่ยงต่ำ/ทั่วไป
683,เชียงใหม่,พร้าว,โหล่งขอด,นาเม็ง,เสี่ยงปานกลาง,เสี่ยงน้อย,เสี่ยงปานกลาง,เสี่ยงน้อย,เสี่ยงน้อย,2,1,2,1,1,7,0,2,3,🟢 เสี่ยงต่ำ/ทั่วไป
684,เชียงใหม่,พร้าว,โหล่งขอด,แม่บอน,เสี่ยงปานกลาง,เสี่ยงน้อย,เสี่ยงปานกลาง,เสี่ยงน้อย,เสี่ยงน้อย,2,1,2,1,1,7,0,2,3,🟢 เสี่ยงต่ำ/ทั่วไป
685,เชียงใหม่,พร้าว,โหล่งขอด,ป่าห้า,เสี่ยงปานกลาง,เสี่ยงน้อย,เสี่ยงปานกลาง,เสี่ยงน้อย,เสี่ยงน้อย,2,1,2,1,1,7,0,2,3,🟢 เสี่ยงต่ำ/ทั่วไป
686,เชียงใหม่,พร้าว,โหล่งขอด,หลวง,เสี่ยงปานกลาง,เสี่ยงน้อย,เสี่ยงปานกลาง,เสี่ยงน้อย,เสี่ยงน้อย,2,1,2,1,1,7,0,2,3,🟢 เสี่ยงต่ำ/ทั่วไป
687,เชียงใหม่,พร้าว,โหล่งขอด,แม่สาย,เสี่ยงปานกลาง,เสี่ยงน้อย,เสี่ยงน้อย,เสี่ยงน้อย,เสี่ยงน้อย,2,1,1,1,1,6,0,1,4,🟢 เสี่ยงต่ำ/ทั่วไป
688,เชียงใหม่,พร้าว,โหล่งขอด,ฮ่างต่ำ,เสี่ยงปานกลาง,เสี่ยงน้อย,เสี่ยงน้อย,เสี่ยงน้อย,เสี่ยงน้อย,2,1,1,1,1,6,0,1,4,🟢 เสี่ยงต่ำ/ทั่วไป
689,เชียงใหม่,พร้าว,โหล่งขอด,แม่สายนาเลา,เสี่ยงปานกลาง,เสี่ยงน้อย,เสี่ยงน้อย,เสี่ยงปานกลาง,เสี่ยงน้อย,2,1,1,2,1,7,0,2,3,🟢 เสี่ยงต่ำ/ทั่วไป
690,เชียงใหม่,เมืองเชียงใหม่,ช้างคลาน,แม่ขิง,เสี่ยงน้อย,เสี่ยงน้อย,เสี่ยงน้อย,เสี่ยงปานกลาง,เสี่ยงน้อย,1,1,1,2,1,6,0,1,4,🟢 เสี่ยงต่ำ/ทั่วไป
691,เชียงใหม่,เมืองเชียงใหม่,ช้างคลาน,ช้างคลาน,เสี่ยงน้อย,เสี่ยงน้อย,เสี่ยงน้อย,เสี่ยงปานกลาง,เสี่ยงน้อย,1,1,1,2,1,6,0,1,4,🟢 เสี่ยงต่ำ/ทั่วไป
692,เชียงใหม่,เมืองเชียงใหม่,ช้างคลาน,วัดศรีปิงเมือง,เสี่ยงน้อย,เสี่ยงน้อย,เสี่ยงน้อย,เสี่ยงปานกลาง,เสี่ยงน้อย,1,1,1,2,1,6,0,1,4,🟢 เสี่ยงต่ำ/ทั่วไป
693,เชียงใหม่,เมืองเชียงใหม่,ช้างคลาน,ลอยเคราะห์,เสี่ยงน้อย,เสี่ยงน้อย,เสี่ยงน้อย,เสี่ยงปานกลาง,เสี่ยงน้อย,1,1,1,2,1,6,0,1,4,🟢 เสี่ยงต่ำ/ทั่วไป
694,เชียงใหม่,เมืองเชียงใหม่,ช้างคลาน,ชัยมงคลเม็ง,เสี่ยงน้อย,เสี่ยงน้อย,เสี่ยงน้อย,เสี่ยงปานกลาง,เสี่ยงน้อย,1,1,1,2,1,6,0,1,4,🟢 เสี่ยงต่ำ/ทั่วไป
695,เชียงใหม่,เมืองเชียงใหม่,ช้างคลาน,ศรัทธาวัดหัวฝาย,เสี่ยงน้อย,เสี่ยงน้อย,เสี่ยงน้อย,เสี่ยงปานกลาง,เสี่ยงน้อย,1,1,1,2,1,6,0,1,4,🟢 เสี่ยงต่ำ/ทั่วไป
696,เชียงใหม่,เมืองเชียงใหม่,ช้างคลาน,ช่างฆ้อง,เสี่ยงน้อย,เสี่ยงน้อย,เสี่ยงน้อย,เสี่ยงปานกลาง,เสี่ยงน้อย,1,1,1,2,1,6,0,1,4,🟢 เสี่ยงต่ำ/ทั่วไป
697,เชียงใหม่,เมืองเชียงใหม่,ช้างคลาน,ทิพย์รัตน์วิลล่า,เสี่ยงน้อย,เสี่ยงน้อย,เสี่ยงน้อย,เสี่ยงปานกลาง,เสี่ยงน้อย,1,1,1,2,1,6,0,1,4,🟢 เสี่ยงต่ำ/ทั่วไป
698,เชียงใหม่,เมืองเชียงใหม่,ช้างคลาน,เชียงใหม่แลนด์,เสี่ยงน้อย,เสี่ยงน้อย,เสี่ยงน้อย,เสี่ยงปานกลาง,เสี่ยงน้อย,1,1,1,2,1,6,0,1,4,🟢 เสี่ยงต่ำ/ทั่วไป
699,เชียงใหม่,เมืองเชียงใหม่,ช้างคลาน,ศรีดอนไชย-เจริญประเทศ,เสี่ยงน้อย,เสี่ยงน้อย,เสี่ยงน้อย,เสี่ยงปานกลาง,เสี่ยงน้อย,1,1,1,2,1,6,0,1,4,🟢 เสี่ยงต่ำ/ทั่วไป
700,เชียงใหม่,เมืองเชียงใหม่,ช้างคลาน,ฮ่อม,เสี่ยงน้อย,เสี่ยงน้อย,เสี่ยงน้อย,เสี่ยงปานกลาง,เสี่ยงน้อย,1,1,1,2,1,6,0,1,4,🟢 เสี่ยงต่ำ/ทั่วไป
701,เชียงใหม่,เมืองเชียงใหม่,ช้างคลาน,อินทรนุรักษ์,เสี่ยงน้อย,เสี่ยงน้อย,เสี่ยงน้อย,เสี่ยงปานกลาง,เสี่ยงน้อย,1,1,1,2,1,6,0,1,4,🟢 เสี่ยงต่ำ/ทั่วไป
702,เชียงใหม่,เมืองเชียงใหม่,ช้างเผือก,ช่างเคี่ยน,เสี่ยงปานกลาง,เสี่ยงน้อย,เสี่ยงน้อย,เสี่ยงน้อย,เสี่ยงน้อย,2,1,1,1,1,6,0,1,4,🟢 เสี่ยงต่ำ/ทั่วไป
703,เชียงใหม่,เมืองเชียงใหม่,ช้างเผือก,เจ็ดยอด,เสี่ยงปานกลาง,เสี่ยงน้อย,เสี่ยงน้อย,เสี่ยงน้อย,เสี่ยงน้อย,2,1,1,1,1,6,0,1,4,🟢 เสี่ยงต่ำ/ทั่วไป
704,เชียงใหม่,เมืองเชียงใหม่,ช้างเผือก,ข่วงสิงห์,เสี่ยงน้อย,เสี่ยงน้อย,เสี่ยงน้อย,เสี่ยงน้อย,เสี่ยงน้อย,1,1,1,1,1,5,0,0,5,🟢 เสี่ยงต่ำ/ทั่วไป
705,เชียงใหม่,เมืองเชียงใหม่,ช้างเผือก,ขุนช่างเคี่ยน,เสี่ยงปานกลาง,เสี่ยงปานกลาง,เสี่ยงน้อย,เสี่ยงปานกลาง,เสี่ยงน้อย,2,2,1,2,1,8,0,3,2,🟡 เฝ้าระวังปานกลาง (เสี่ยงกลาง 3+ ด้าน)
706,เชียงใหม่,เมืองเชียงใหม่,ช้างเผือก,สันติธรรม,เสี่ยงน้อย,เสี่ยงน้อย,เสี่ยงน้อย,เสี่ยงน้อย,เสี่ยงน้อย,1,1,1,1,1,5,0,0,5,🟢 เสี่ยงต่ำ/ทั่วไป
707,เชียงใหม่,เมืองเชียงใหม่,ช้างเผือก,คูปู่ลูน,เสี่ยงน้อย,เสี่ยงน้อย,เสี่ยงน้อย,เสี่ยงน้อย,เสี่ยงน้อย,1,1,1,1,1,5,0,0,5,🟢 เสี่ยงต่ำ/ทั่วไป
708,เชียงใหม่,เมืองเชียงใหม่,ช้างเผือก,เจดีย์ปล่อง,เสี่ยงน้อย,เสี่ยงน้อย,เสี่ยงน้อย,เสี่ยงน้อย,เสี่ยงน้อย,1,1,1,1,1,5,0,0,5,🟢 เสี่ยงต่ำ/ทั่วไป
709,เชียงใหม่,เมืองเชียงใหม่,ช้างเผือก,ข่วงสิงห์พัฒนา,เสี่ยงน้อย,เสี่ยงน้อย,เสี่ยงน้อย,เสี่ยงน้อย,เสี่ยงน้อย,1,1,1,1,1,5,0,0,5,🟢 เสี่ยงต่ำ/ทั่วไป
710,เชียงใหม่,เมืองเชียงใหม่,ช้างเผือก,ทานตะวัน,เสี่ยงน้อย,เสี่ยงน้อย,เสี่ยงน้อย,เสี่ยงน้อย,เสี่ยงน้อย,1,1,1,1,1,5,0,0,5,🟢 เสี่ยงต่ำ/ทั่วไป
711,เชียงใหม่,เมืองเชียงใหม่,ช้างเผือก,แม่หยวก,เสี่ยงน้อย,เสี่ยงน้อย,เสี่ยงปานกลาง,เสี่ยงน้อย,เสี่ยงน้อย,1,1,2,1,1,6,0,1,4,🟢 เสี่ยงต่ำ/ทั่วไป
712,เชียงใหม่,เมืองเชียงใหม่,ช้างเผือก,หลิ่งกอก,เสี่ยงน้อย,เสี่ยงน้อย,เสี่ยงน้อย,เสี่ยงน้อย,เสี่ยงน้อย,1,1,1,1,1,5,0,0,5,🟢 เสี่ยงต่ำ/ทั่วไป
713,เชียงใหม่,เมืองเชียงใหม่,ช้างเผือก,โชตนา,เสี่ยงน้อย,เสี่ยงน้อย,เสี่ยงน้อย,เสี่ยงน้อย,เสี่ยงน้อย,1,1,1,1,1,5,0,0,5,🟢 เสี่ยงต่ำ/ทั่วไป
714,เชียงใหม่,เมืองเชียงใหม่,ช้างม่อย,วัดเชตวัน,เสี่ยงน้อย,เสี่ยงน้อย,เสี่ยงน้อย,เสี่ยงปานกลาง,เสี่ยงปานกลาง,1,1,1,2,2,7,0,2,3,🟢 เสี่ยงต่ำ/ทั่วไป
715,เชียงใหม่,เมืองเชียงใหม่,ช้างม่อย,วัดชมพูช้างม่อย,เสี่ยงน้อย,เสี่ยงน้อย,เสี่ยงน้อย,เสี่ยงปานกลาง,เสี่ยงปานกลาง,1,1,1,2,2,7,0,2,3,🟢 เสี่ยงต่ำ/ทั่วไป
716,เชียงใหม่,เมืองเชียงใหม่,ช้างม่อย,ป่าแพ่ง-วังสิงห์คำ,เสี่ยงน้อย,เสี่ยงน้อย,เสี่ยงน้อย,เสี่ยงปานกลาง,เสี่ยงปานกลาง,1,1,1,2,2,7,0,2,3,🟢 เสี่ยงต่ำ/ทั่วไป
717,เชียงใหม่,เมืองเชียงใหม่,ท่าศาลา,บวกครกหลวง,เสี่ยงน้อย,เสี่ยงปานกลาง,เสี่ยงปานกลาง,เสี่ยงปานกลาง,เสี่ยงสูง,1,2,2,2,3,10,1,3,1,⚠️ เฝ้าระวังสูง (เสี่ยงสูง 1 ด้าน)
718,เชียงใหม่,เมืองเชียงใหม่,ท่าศาลา,ศรีบัวเงิน,เสี่ยงน้อย,เสี่ยงปานกลาง,เสี่ยงปานกลาง,เสี่ยงปานกลาง,เสี่ยงสูง,1,2,2,2,3,10,1,3,1,⚠️ เฝ้าระวังสูง (เสี่ยงสูง 1 ด้าน)
719,เชียงใหม่,เมืองเชียงใหม่,ท่าศาลา,ดอนจั่น,เสี่ยงน้อย,เสี่ยงน้อย,เสี่ยงน้อย,เสี่ยงปานกลาง,เสี่ยงสูง,1,1,1,2,3,8,1,1,3,⚠️ เฝ้าระวังสูง (เสี่ยงสูง 1 ด้าน)
720,เชียงใหม่,เมืองเชียงใหม่,ท่าศาลา,ดอนจั่นพัฒนา,เสี่ยงน้อย,เสี่ยงปานกลาง,เสี่ยงปานกลาง,เสี่ยงปานกลาง,เสี่ยงสูง,1,2,2,2,3,10,1,3,1,⚠️ เฝ้าระวังสูง (เสี่ยงสูง 1 ด้าน)
721,เชียงใหม่,เมืองเชียงใหม่,ท่าศาลา,บวกครกหลวงพัฒนา,เสี่ยงน้อย,เสี่ยงปานกลาง,เสี่ยงปานกลาง,เสี่ยงปานกลาง,เสี่ยงสูง,1,2,2,2,3,10,1,3,1,⚠️ เฝ้าระวังสูง (เสี่ยงสูง 1 ด้าน)
722,เชียงใหม่,เมืองเชียงใหม่,ท่าศาลา,ใหม่พัฒนา,เสี่ยงน้อย,เสี่ยงน้อย,เสี่ยงน้อย,เสี่ยงปานกลาง,เสี่ยงสูง,1,1,1,2,3,8,1,1,3,⚠️ เฝ้าระวังสูง (เสี่ยงสูง 1 ด้าน)
723,เชียงใหม่,เมืองเชียงใหม่,ท่าศาลา,ต้นขาม,เสี่ยงน้อย,เสี่ยงน้อย,เสี่ยงน้อย,เสี่ยงปานกลาง,เสี่ยงสูง,1,1,1,2,3,8,1,1,3,⚠️ เฝ้าระวังสูง (เสี่ยงสูง 1 ด้าน)
724,เชียงใหม่,เมืองเชียงใหม่,ท่าศาลา,แพะ,เสี่ยงน้อย,เสี่ยงน้อย,เสี่ยงน้อย,เสี่ยงปานกลาง,เสี่ยงสูง,1,1,1,2,3,8,1,1,3,⚠️ เฝ้าระวังสูง (เสี่ยงสูง 1 ด้าน)
725,เชียงใหม่,เมืองเชียงใหม่,ท่าศาลา,ศรีปันครัว,เสี่ยงน้อย,เสี่ยงน้อย,เสี่ยงน้อย,เสี่ยงปานกลาง,เสี่ยงสูง,1,1,1,2,3,8,1,1,3,⚠️ เฝ้าระวังสูง (เสี่ยงสูง 1 ด้าน)
726,เชียงใหม่,เมืองเชียงใหม่,ท่าศาลา,หนองประทีป,เสี่ยงน้อย,เสี่ยงน้อย,เสี่ยงน้อย,เสี่ยงปานกลาง,เสี่ยงสูง,1,1,1,2,3,8,1,1,3,⚠️ เฝ้าระวังสูง (เสี่ยงสูง 1 ด้าน)
727,เชียงใหม่,เมืองเชียงใหม่,ท่าศาลา,มงฟอร์ตวิลล่า,เสี่ยงน้อย,เสี่ยงน้อย,เสี่ยงน้อย,เสี่ยงปานกลาง,เสี่ยงสูง,1,1,1,2,3,8,1,1,3,⚠️ เฝ้าระวังสูง (เสี่ยงสูง 1 ด้าน)
728,เชียงใหม่,เมืองเชียงใหม่,ป่าแดด,แม่ข่าน้อย,เสี่ยงน้อย,เสี่ยงปานกลาง,เสี่ยงน้อย,เสี่ยงปานกลาง,เสี่ยงปานกลาง,1,2,1,2,2,8,0,3,2,🟡 เฝ้าระวังปานกลาง (เสี่ยงกลาง 3+ ด้าน)
729,เชียงใหม่,เมืองเชียงใหม่,ป่าแดด,ป่าพร้าวนอก,เสี่ยงน้อย,เสี่ยงปานกลาง,เสี่ยงน้อย,เสี่ยงปานกลาง,เสี่ยงปานกลาง,1,2,1,2,2,8,0,3,2,🟡 เฝ้าระวังปานกลาง (เสี่ยงกลาง 3+ ด้าน)
730,เชียงใหม่,เมืองเชียงใหม่,ป่าแดด,ป่าแดด,เสี่ยงน้อย,เสี่ยงปานกลาง,เสี่ยงน้อย,เสี่ยงปานกลาง,เสี่ยงปานกลาง,1,2,1,2,2,8,0,3,2,🟡 เฝ้าระวังปานกลาง (เสี่ยงกลาง 3+ ด้าน)
731,เชียงใหม่,เมืองเชียงใหม่,ป่าแดด,ดอนชัย,เสี่ยงน้อย,เสี่ยงปานกลาง,เสี่ยงน้อย,เสี่ยงสูง,เสี่ยงปานกลาง,1,2,1,3,2,9,1,2,2,⚠️ เฝ้าระวังสูง (เสี่ยงสูง 1 ด้าน)
732,เชียงใหม่,เมืองเชียงใหม่,ป่าแดด,ท่าใหม่อิ,เสี่ยงน้อย,เสี่ยงปานกลาง,เสี่ยงปานกลาง,เสี่ยงสูง,เสี่ยงปานกลาง,1,2,2,3,2,10,1,3,1,⚠️ เฝ้าระวังสูง (เสี่ยงสูง 1 ด้าน)
733,เชียงใหม่,เมืองเชียงใหม่,ป่าแดด,วังสิงห์คำ,เสี่ยงน้อย,เสี่ยงปานกลาง,เสี่ยงน้อย,เสี่ยงสูง,เสี่ยงปานกลาง,1,2,1,3,2,9,1,2,2,⚠️ เฝ้าระวังสูง (เสี่ยงสูง 1 ด้าน)
734,เชียงใหม่,เมืองเชียงใหม่,ป่าแดด,ป่าแดดใต้,เสี่ยงน้อย,เสี่ยงปานกลาง,เสี่ยงน้อย,เสี่ยงสูง,เสี่ยงปานกลาง,1,2,1,3,2,9,1,2,2,⚠️ เฝ้าระวังสูง (เสี่ยงสูง 1 ด้าน)
735,เชียงใหม่,เมืองเชียงใหม่,ป่าแดด,เกาะกลาง,เสี่ยงน้อย,เสี่ยงปานกลาง,เสี่ยงน้อย,เสี่ยงสูง,เสี่ยงปานกลาง,1,2,1,3,2,9,1,2,2,⚠️ เฝ้าระวังสูง (เสี่ยงสูง 1 ด้าน)
736,เชียงใหม่,เมืองเชียงใหม่,ป่าแดด,แม่ข่าใต้,เสี่ยงน้อย,เสี่ยงปานกลาง,เสี่ยงน้อย,เสี่ยงสูง,เสี่ยงปานกลาง,1,2,1,3,2,9,1,2,2,⚠️ เฝ้าระวังสูง (เสี่ยงสูง 1 ด้าน)
737,เชียงใหม่,เมืองเชียงใหม่,ป่าแดด,อมรนิเวศน์,เสี่ยงน้อย,เสี่ยงปานกลาง,เสี่ยงน้อย,เสี่ยงสูง,เสี่ยงปานกลาง,1,2,1,3,2,9,1,2,2,⚠️ เฝ้าระวังสูง (เสี่ยงสูง 1 ด้าน)
738,เชียงใหม่,เมืองเชียงใหม่,ป่าแดด,บ่อน้ำเย็น,เสี่ยงน้อย,เสี่ยงปานกลาง,เสี่ยงน้อย,เสี่ยงปานกลาง,เสี่ยงปานกลาง,1,2,1,2,2,8,0,3,2,🟡 เฝ้าระวังปานกลาง (เสี่ยงกลาง 3+ ด้าน)
739,เชียงใหม่,เมืองเชียงใหม่,ป่าแดด,ร้องเรือคำ,เสี่ยงน้อย,เสี่ยงปานกลาง,เสี่ยงน้อย,เสี่ยงสูง,เสี่ยงปานกลาง,1,2,1,3,2,9,1,2,2,⚠️ เฝ้าระวังสูง (เสี่ยงสูง 1 ด้าน)
740,เชียงใหม่,เมืองเชียงใหม่,ป่าแดด,ป่าแดดกลาง,เสี่ยงน้อย,เสี่ยงปานกลาง,เสี่ยงน้อย,เสี่ยงสูง,เสี่ยงปานกลาง,1,2,1,3,2,9,1,2,2,⚠️ เฝ้าระวังสูง (เสี่ยงสูง 1 ด้าน)
741,เชียงใหม่,เมืองเชียงใหม่,ป่าแดด,ป่าพร้าวนอก,เสี่ยงน้อย,เสี่ยงปานกลาง,เสี่ยงน้อย,เสี่ยงปานกลาง,เสี่ยงปานกลาง,1,2,1,2,2,8,0,3,2,🟡 เฝ้าระวังปานกลาง (เสี่ยงกลาง 3+ ด้าน)
742,เชียงใหม่,เมืองเชียงใหม่,ป่าแดด,เวียงทอง,เสี่ยงน้อย,เสี่ยงปานกลาง,เสี่ยงน้อย,เสี่ยงปานกลาง,เสี่ยงปานกลาง,1,2,1,2,2,8,0,3,2,🟡 เฝ้าระวังปานกลาง (เสี่ยงกลาง 3+ ด้าน)
743,เชียงใหม่,เมืองเชียงใหม่,ป่าตัน,ศรีลานนา,เสี่ยงน้อย,เสี่ยงปานกลาง,เสี่ยงปานกลาง,เสี่ยงปานกลาง,เสี่ยงปานกลาง,1,2,2,2,2,9,0,4,1,🟡 เฝ้าระวังปานกลาง (เสี่ยงกลาง 3+ ด้าน)
744,เชียงใหม่,เมืองเชียงใหม่,ป่าตัน,ศรีมงคล,เสี่ยงน้อย,เสี่ยงปานกลาง,เสี่ยงน้อย,เสี่ยงปานกลาง,เสี่ยงปานกลาง,1,2,1,2,2,8,0,3,2,🟡 เฝ้าระวังปานกลาง (เสี่ยงกลาง 3+ ด้าน)
745,เชียงใหม่,เมืองเชียงใหม่,ป่าตัน,เมืองลัง,เสี่ยงน้อย,เสี่ยงปานกลาง,เสี่ยงน้อย,เสี่ยงปานกลาง,เสี่ยงปานกลาง,1,2,1,2,2,8,0,3,2,🟡 เฝ้าระวังปานกลาง (เสี่ยงกลาง 3+ ด้าน)
746,เชียงใหม่,เมืองเชียงใหม่,ป่าตัน,หมู่เทียมพร,เสี่ยงน้อย,เสี่ยงปานกลาง,เสี่ยงปานกลาง,เสี่ยงปานกลาง,เสี่ยงปานกลาง,1,2,2,2,2,9,0,4,1,🟡 เฝ้าระวังปานกลาง (เสี่ยงกลาง 3+ ด้าน)
747,เชียงใหม่,เมืองเชียงใหม่,ป่าตัน,ป่าตัน,เสี่ยงน้อย,เสี่ยงปานกลาง,เสี่ยงปานกลาง,เสี่ยงปานกลาง,เสี่ยงปานกลาง,1,2,2,2,2,9,0,4,1,🟡 เฝ้าระวังปานกลาง (เสี่ยงกลาง 3+ ด้าน)
748,เชียงใหม่,เมืองเชียงใหม่,ป่าตัน,ท่อ,เสี่ยงน้อย,เสี่ยงปานกลาง,เสี่ยงน้อย,เสี่ยงปานกลาง,เสี่ยงปานกลาง,1,2,1,2,2,8,0,3,2,🟡 เฝ้าระวังปานกลาง (เสี่ยงกลาง 3+ ด้าน)
749,เชียงใหม่,เมืองเชียงใหม่,ป่าตัน,เอื้ออาทรป่าตัน,เสี่ยงน้อย,เสี่ยงปานกลาง,เสี่ยงปานกลาง,เสี่ยงปานกลาง,เสี่ยงปานกลาง,1,2,2,2,2,9,0,4,1,🟡 เฝ้าระวังปานกลาง (เสี่ยงกลาง 3+ ด้าน)
750,เชียงใหม่,เมืองเชียงใหม่,พระสิงห์,วัดหมื่นเงินกอง,เสี่ยงน้อย,เสี่ยงน้อย,เสี่ยงน้อย,เสี่ยงปานกลาง,เสี่ยงสูง,1,1,1,2,3,8,1,1,3,⚠️ เฝ้าระวังสูง (เสี่ยงสูง 1 ด้าน)
751,เชียงใหม่,เมืองเชียงใหม่,พระสิงห์,บวกหาด,เสี่ยงน้อย,เสี่ยงน้อย,เสี่ยงน้อย,เสี่ยงปานกลาง,เสี่ยงสูง,1,1,1,2,3,8,1,1,3,⚠️ เฝ้าระวังสูง (เสี่ยงสูง 1 ด้าน)
752,เชียงใหม่,เมืองเชียงใหม่,พระสิงห์,ช่างแต้ม,เสี่ยงน้อย,เสี่ยงน้อย,เสี่ยงน้อย,เสี่ยงปานกลาง,เสี่ยงสูง,1,1,1,2,3,8,1,1,3,⚠️ เฝ้าระวังสูง (เสี่ยงสูง 1 ด้าน)
753,เชียงใหม่,เมืองเชียงใหม่,พระสิงห์,พวกแต้ม,เสี่ยงน้อย,เสี่ยงน้อย,เสี่ยงน้อย,เสี่ยงปานกลาง,เสี่ยงสูง,1,1,1,2,3,8,1,1,3,⚠️ เฝ้าระวังสูง (เสี่ยงสูง 1 ด้าน)
754,เชียงใหม่,เมืองเชียงใหม่,พระสิงห์,วัดพันอ้น,เสี่ยงน้อย,เสี่ยงน้อย,เสี่ยงน้อย,เสี่ยงปานกลาง,เสี่ยงสูง,1,1,1,2,3,8,1,1,3,⚠️ เฝ้าระวังสูง (เสี่ยงสูง 1 ด้าน)
755,เชียงใหม่,เมืองเชียงใหม่,พระสิงห์,หมื่นตูม,เสี่ยงน้อย,เสี่ยงน้อย,เสี่ยงน้อย,เสี่ยงปานกลาง,เสี่ยงสูง,1,1,1,2,3,8,1,1,3,⚠️ เฝ้าระวังสูง (เสี่ยงสูง 1 ด้าน)
756,เชียงใหม่,เมืองเชียงใหม่,พระสิงห์,วัดผ้าขาว,เสี่ยงน้อย,เสี่ยงน้อย,เสี่ยงน้อย,เสี่ยงปานกลาง,เสี่ยงสูง,1,1,1,2,3,8,1,1,3,⚠️ เฝ้าระวังสูง (เสี่ยงสูง 1 ด้าน)
757,เชียงใหม่,เมืองเชียงใหม่,พระสิงห์,วัดทรายมูลเมือง,เสี่ยงน้อย,เสี่ยงน้อย,เสี่ยงน้อย,เสี่ยงปานกลาง,เสี่ยงสูง,1,1,1,2,3,8,1,1,3,⚠️ เฝ้าระวังสูง (เสี่ยงสูง 1 ด้าน)
758,เชียงใหม่,เมืองเชียงใหม่,ฟ้าฮ่าม,ท่ากระดาษ,เสี่ยงน้อย,เสี่ยงปานกลาง,เสี่ยงน้อย,เสี่ยงปานกลาง,เสี่ยงน้อย,1,2,1,2,1,7,0,2,3,🟢 เสี่ยงต่ำ/ทั่วไป
759,เชียงใหม่,เมืองเชียงใหม่,ฟ้าฮ่าม,ฟ้าฮ่าม,เสี่ยงน้อย,เสี่ยงปานกลาง,เสี่ยงน้อย,เสี่ยงปานกลาง,เสี่ยงน้อย,1,2,1,2,1,7,0,2,3,🟢 เสี่ยงต่ำ/ทั่วไป
760,เชียงใหม่,เมืองเชียงใหม่,ฟ้าฮ่าม,ไร่,เสี่ยงน้อย,เสี่ยงปานกลาง,เสี่ยงน้อย,เสี่ยงปานกลาง,เสี่ยงน้อย,1,2,1,2,1,7,0,2,3,🟢 เสี่ยงต่ำ/ทั่วไป
761,เชียงใหม่,เมืองเชียงใหม่,ฟ้าฮ่าม,แม่คาว,เสี่ยงน้อย,เสี่ยงปานกลาง,เสี่ยงปานกลาง,เสี่ยงปานกลาง,เสี่ยงน้อย,1,2,2,2,1,8,0,3,2,🟡 เฝ้าระวังปานกลาง (เสี่ยงกลาง 3+ ด้าน)
762,เชียงใหม่,เมืองเชียงใหม่,ฟ้าฮ่าม,ป่าแก,เสี่ยงน้อย,เสี่ยงปานกลาง,เสี่ยงปานกลาง,เสี่ยงปานกลาง,เสี่ยงน้อย,1,2,2,2,1,8,0,3,2,🟡 เฝ้าระวังปานกลาง (เสี่ยงกลาง 3+ ด้าน)
763,เชียงใหม่,เมืองเชียงใหม่,ฟ้าฮ่าม,ท่ากระดาษริมเหมือง,เสี่ยงน้อย,เสี่ยงปานกลาง,เสี่ยงน้อย,เสี่ยงปานกลาง,เสี่ยงน้อย,1,2,1,2,1,7,0,2,3,🟢 เสี่ยงต่ำ/ทั่วไป
764,เชียงใหม่,เมืองเชียงใหม่,ฟ้าฮ่าม,สันทรายต้นกอก,เสี่ยงน้อย,เสี่ยงปานกลาง,เสี่ยงน้อย,เสี่ยงปานกลาง,เสี่ยงน้อย,1,2,1,2,1,7,0,2,3,🟢 เสี่ยงต่ำ/ทั่วไป
765,เชียงใหม่,เมืองเชียงใหม่,ฟ้าฮ่าม,ฟ้าฮ่าม,เสี่ยงน้อย,เสี่ยงน้อย,เสี่ยงน้อย,เสี่ยงปานกลาง,เสี่ยงน้อย,1,1,1,2,1,6,0,1,4,🟢 เสี่ยงต่ำ/ทั่วไป
766,เชียงใหม่,เมืองเชียงใหม่,แม่เหียะ,ตำหนัก,เสี่ยงน้อย,เสี่ยงน้อย,เสี่ยงน้อย,เสี่ยงปานกลาง,เสี่ยงสูง,1,1,1,2,3,8,1,1,3,⚠️ เฝ้าระวังสูง (เสี่ยงสูง 1 ด้าน)
767,เชียงใหม่,เมืองเชียงใหม่,แม่เหียะ,อุโบสถ,เสี่ยงน้อย,เสี่ยงน้อย,เสี่ยงน้อย,เสี่ยงปานกลาง,เสี่ยงสูง,1,1,1,2,3,8,1,1,3,⚠️ เฝ้าระวังสูง (เสี่ยงสูง 1 ด้าน)
768,เชียงใหม่,เมืองเชียงใหม่,แม่เหียะ,ป่าจี้,เสี่ยงน้อย,เสี่ยงน้อย,เสี่ยงน้อย,เสี่ยงปานกลาง,เสี่ยงสูง,1,1,1,2,3,8,1,1,3,⚠️ เฝ้าระวังสูง (เสี่ยงสูง 1 ด้าน)
769,เชียงใหม่,เมืองเชียงใหม่,แม่เหียะ,ท่าข้าม,เสี่ยงน้อย,เสี่ยงน้อย,เสี่ยงน้อย,เสี่ยงปานกลาง,เสี่ยงสูง,1,1,1,2,3,8,1,1,3,⚠️ เฝ้าระวังสูง (เสี่ยงสูง 1 ด้าน)
770,เชียงใหม่,เมืองเชียงใหม่,แม่เหียะ,ดอนปิน,เสี่ยงน้อย,เสี่ยงน้อย,เสี่ยงน้อย,เสี่ยงปานกลาง,เสี่ยงสูง,1,1,1,2,3,8,1,1,3,⚠️ เฝ้าระวังสูง (เสี่ยงสูง 1 ด้าน)
771,เชียงใหม่,เมืองเชียงใหม่,แม่เหียะ,ใหม่สามัคคี,เสี่ยงน้อย,เสี่ยงน้อย,เสี่ยงน้อย,เสี่ยงปานกลาง,เสี่ยงสูง,1,1,1,2,3,8,1,1,3,⚠️ เฝ้าระวังสูง (เสี่ยงสูง 1 ด้าน)
772,เชียงใหม่,เมืองเชียงใหม่,แม่เหียะ,ตำหนักใหม่,เสี่ยงน้อย,เสี่ยงน้อย,เสี่ยงน้อย,เสี่ยงปานกลาง,เสี่ยงสูง,1,1,1,2,3,8,1,1,3,⚠️ เฝ้าระวังสูง (เสี่ยงสูง 1 ด้าน)
773,เชียงใหม่,เมืองเชียงใหม่,แม่เหียะ,วรุณนิเวศน์,เสี่ยงน้อย,เสี่ยงน้อย,เสี่ยงน้อย,เสี่ยงปานกลาง,เสี่ยงสูง,1,1,1,2,3,8,1,1,3,⚠️ เฝ้าระวังสูง (เสี่ยงสูง 1 ด้าน)
774,เชียงใหม่,เมืองเชียงใหม่,แม่เหียะ,ไทยสมุทร,เสี่ยงน้อย,เสี่ยงน้อย,เสี่ยงน้อย,เสี่ยงปานกลาง,เสี่ยงสูง,1,1,1,2,3,8,1,1,3,⚠️ เฝ้าระวังสูง (เสี่ยงสูง 1 ด้าน)
775,เชียงใหม่,เมืองเชียงใหม่,แม่เหียะ,ป่าเป้า,เสี่ยงน้อย,เสี่ยงน้อย,เสี่ยงน้อย,เสี่ยงปานกลาง,เสี่ยงสูง,1,1,1,2,3,8,1,1,3,⚠️ เฝ้าระวังสูง (เสี่ยงสูง 1 ด้าน)
776,เชียงใหม่,เมืองเชียงใหม่,วัดเกต,สันนาลุง,เสี่ยงน้อย,เสี่ยงน้อย,เสี่ยงน้อย,เสี่ยงปานกลาง,เสี่ยงน้อย,1,1,1,2,1,6,0,1,4,🟢 เสี่ยงต่ำ/ทั่วไป
777,เชียงใหม่,เมืองเชียงใหม่,วัดเกต,๑๒สิงหา,เสี่ยงน้อย,เสี่ยงน้อย,เสี่ยงน้อย,เสี่ยงปานกลาง,เสี่ยงน้อย,1,1,1,2,1,6,0,1,4,🟢 เสี่ยงต่ำ/ทั่วไป
778,เชียงใหม่,เมืองเชียงใหม่,วัดเกต,รถไฟสามัคคี,เสี่ยงน้อย,เสี่ยงน้อย,เสี่ยงน้อย,เสี่ยงปานกลาง,เสี่ยงน้อย,1,1,1,2,1,6,0,1,4,🟢 เสี่ยงต่ำ/ทั่วไป
779,เชียงใหม่,เมืองเชียงใหม่,วัดเกต,ขนส่งซอย๙,เสี่ยงน้อย,เสี่ยงน้อย,เสี่ยงน้อย,เสี่ยงปานกลาง,เสี่ยงน้อย,1,1,1,2,1,6,0,1,4,🟢 เสี่ยงต่ำ/ทั่วไป
780,เชียงใหม่,เมืองเชียงใหม่,วัดเกต,ท่าสะต๋อย,เสี่ยงน้อย,เสี่ยงน้อย,เสี่ยงน้อย,เสี่ยงปานกลาง,เสี่ยงน้อย,1,1,1,2,1,6,0,1,4,🟢 เสี่ยงต่ำ/ทั่วไป
781,เชียงใหม่,เมืองเชียงใหม่,วัดเกต,ร.7พัน.1,เสี่ยงน้อย,เสี่ยงน้อย,เสี่ยงน้อย,เสี่ยงปานกลาง,เสี่ยงน้อย,1,1,1,2,1,6,0,1,4,🟢 เสี่ยงต่ำ/ทั่วไป
782,เชียงใหม่,เมืองเชียงใหม่,วัดเกต,ศรีสร้อยทรายมูล,เสี่ยงน้อย,เสี่ยงน้อย,เสี่ยงน้อย,เสี่ยงปานกลาง,เสี่ยงน้อย,1,1,1,2,1,6,0,1,4,🟢 เสี่ยงต่ำ/ทั่วไป
783,เชียงใหม่,เมืองเชียงใหม่,วัดเกต,สันป่าข่อย,เสี่ยงน้อย,เสี่ยงน้อย,เสี่ยงน้อย,เสี่ยงปานกลาง,เสี่ยงน้อย,1,1,1,2,1,6,0,1,4,🟢 เสี่ยงต่ำ/ทั่วไป
784,เชียงใหม่,เมืองเชียงใหม่,วัดเกต,กู่คำ,เสี่ยงน้อย,เสี่ยงน้อย,เสี่ยงน้อย,เสี่ยงปานกลาง,เสี่ยงน้อย,1,1,1,2,1,6,0,1,4,🟢 เสี่ยงต่ำ/ทั่วไป
785,เชียงใหม่,เมืองเชียงใหม่,วัดเกต,วัดเกต,เสี่ยงน้อย,เสี่ยงน้อย,เสี่ยงน้อย,เสี่ยงปานกลาง,เสี่ยงน้อย,1,1,1,2,1,6,0,1,4,🟢 เสี่ยงต่ำ/ทั่วไป
786,เชียงใหม่,เมืองเชียงใหม่,วัดเกต,เด่นสามัคคี,เสี่ยงน้อย,เสี่ยงน้อย,เสี่ยงน้อย,เสี่ยงปานกลาง,เสี่ยงน้อย,1,1,1,2,1,6,0,1,4,🟢 เสี่ยงต่ำ/ทั่วไป
787,เชียงใหม่,เมืองเชียงใหม่,วัดเกต,หนองเส้ง-ฟ้าฮ่าม,เสี่ยงน้อย,เสี่ยงน้อย,เสี่ยงน้อย,เสี่ยงปานกลาง,เสี่ยงน้อย,1,1,1,2,1,6,0,1,4,🟢 เสี่ยงต่ำ/ทั่วไป
788,เชียงใหม่,เมืองเชียงใหม่,วัดเกต,ศรัทธาวัดเมืองกาย,เสี่ยงน้อย,เสี่ยงน้อย,เสี่ยงน้อย,เสี่ยงปานกลาง,เสี่ยงน้อย,1,1,1,2,1,6,0,1,4,🟢 เสี่ยงต่ำ/ทั่วไป
789,เชียงใหม่,เมืองเชียงใหม่,วัดเกต,เด่นพัฒนา,เสี่ยงน้อย,เสี่ยงน้อย,เสี่ยงน้อย,เสี่ยงปานกลาง,เสี่ยงน้อย,1,1,1,2,1,6,0,1,4,🟢 เสี่ยงต่ำ/ทั่วไป
790,เชียงใหม่,เมืองเชียงใหม่,ศรีภูมิ,วัดโลกโมฬี,เสี่ยงน้อย,เสี่ยงปานกลาง,เสี่ยงน้อย,เสี่ยงปานกลาง,เสี่ยงสูง,1,2,1,2,3,9,1,2,2,⚠️ เฝ้าระวังสูง (เสี่ยงสูง 1 ด้าน)
791,เชียงใหม่,เมืองเชียงใหม่,ศรีภูมิ,สามัคคีพัฒนา,เสี่ยงน้อย,เสี่ยงปานกลาง,เสี่ยงน้อย,เสี่ยงปานกลาง,เสี่ยงสูง,1,2,1,2,3,9,1,2,2,⚠️ เฝ้าระวังสูง (เสี่ยงสูง 1 ด้าน)
792,เชียงใหม่,เมืองเชียงใหม่,ศรีภูมิ,เอราวัณซอย๔,เสี่ยงน้อย,เสี่ยงปานกลาง,เสี่ยงน้อย,เสี่ยงปานกลาง,เสี่ยงสูง,1,2,1,2,3,9,1,2,2,⚠️ เฝ้าระวังสูง (เสี่ยงสูง 1 ด้าน)
793,เชียงใหม่,เมืองเชียงใหม่,ศรีภูมิ,ป่าเป้า,เสี่ยงน้อย,เสี่ยงปานกลาง,เสี่ยงน้อย,เสี่ยงปานกลาง,เสี่ยงสูง,1,2,1,2,3,9,1,2,2,⚠️ เฝ้าระวังสูง (เสี่ยงสูง 1 ด้าน)
794,เชียงใหม่,เมืองเชียงใหม่,ศรีภูมิ,ศรีวิชัย,เสี่ยงน้อย,เสี่ยงปานกลาง,เสี่ยงน้อย,เสี่ยงปานกลาง,เสี่ยงสูง,1,2,1,2,3,9,1,2,2,⚠️ เฝ้าระวังสูง (เสี่ยงสูง 1 ด้าน)
795,เชียงใหม่,เมืองเชียงใหม่,ศรีภูมิ,หมู่อุ่นอารี,เสี่ยงน้อย,เสี่ยงปานกลาง,เสี่ยงน้อย,เสี่ยงปานกลาง,เสี่ยงสูง,1,2,1,2,3,9,1,2,2,⚠️ เฝ้าระวังสูง (เสี่ยงสูง 1 ด้าน)
796,เชียงใหม่,เมืองเชียงใหม่,ศรีภูมิ,วัดพระเจ้าเม็งรายสามัคคี,เสี่ยงน้อย,เสี่ยงปานกลาง,เสี่ยงน้อย,เสี่ยงปานกลาง,เสี่ยงสูง,1,2,1,2,3,9,1,2,2,⚠️ เฝ้าระวังสูง (เสี่ยงสูง 1 ด้าน)
797,เชียงใหม่,เมืองเชียงใหม่,ศรีภูมิ,เชียงยืน,เสี่ยงน้อย,เสี่ยงปานกลาง,เสี่ยงน้อย,เสี่ยงปานกลาง,เสี่ยงสูง,1,2,1,2,3,9,1,2,2,⚠️ เฝ้าระวังสูง (เสี่ยงสูง 1 ด้าน)
798,เชียงใหม่,เมืองเชียงใหม่,ศรีภูมิ,ควรค่าม้าสามัคคีพัฒนา,เสี่ยงน้อย,เสี่ยงปานกลาง,เสี่ยงน้อย,เสี่ยงปานกลาง,เสี่ยงสูง,1,2,1,2,3,9,1,2,2,⚠️ เฝ้าระวังสูง (เสี่ยงสูง 1 ด้าน)
799,เชียงใหม่,เมืองเชียงใหม่,ศรีภูมิ,ปิง,เสี่ยงน้อย,เสี่ยงปานกลาง,เสี่ยงน้อย,เสี่ยงปานกลาง,เสี่ยงสูง,1,2,1,2,3,9,1,2,2,⚠️ เฝ้าระวังสูง (เสี่ยงสูง 1 ด้าน)
800,เชียงใหม่,เมืองเชียงใหม่,ศรีภูมิ,เชียงมั่น,เสี่ยงน้อย,เสี่ยงปานกลาง,เสี่ยงน้อย,เสี่ยงปานกลาง,เสี่ยงสูง,1,2,1,2,3,9,1,2,2,⚠️ เฝ้าระวังสูง (เสี่ยงสูง 1 ด้าน)
801,เชียงใหม่,เมืองเชียงใหม่,ศรีภูมิ,พัฒนากู่เต้า,เสี่ยงน้อย,เสี่ยงปานกลาง,เสี่ยงน้อย,เสี่ยงปานกลาง,เสี่ยงสูง,1,2,1,2,3,9,1,2,2,⚠️ เฝ้าระวังสูง (เสี่ยงสูง 1 ด้าน)
802,เชียงใหม่,เมืองเชียงใหม่,ศรีภูมิ,ล่ามช้าง,เสี่ยงน้อย,เสี่ยงปานกลาง,เสี่ยงน้อย,เสี่ยงปานกลาง,เสี่ยงสูง,1,2,1,2,3,9,1,2,2,⚠️ เฝ้าระวังสูง (เสี่ยงสูง 1 ด้าน)
803,เชียงใหม่,เมืองเชียงใหม่,สันผีเสื้อ,ป่าข่อยเหนือ,เสี่ยงน้อย,เสี่ยงปานกลาง,เสี่ยงปานกลาง,เสี่ยงสูง,เสี่ยงสูง,1,2,2,3,3,11,2,2,1,🚨 วิกฤติเร่งด่วน (เสี่ยงสูง 2+ ด้าน)
804,เชียงใหม่,เมืองเชียงใหม่,สันผีเสื้อ,ป่าข่อยใต้,เสี่ยงน้อย,เสี่ยงปานกลาง,เสี่ยงปานกลาง,เสี่ยงสูง,เสี่ยงสูง,1,2,2,3,3,11,2,2,1,🚨 วิกฤติเร่งด่วน (เสี่ยงสูง 2+ ด้าน)
805,เชียงใหม่,เมืองเชียงใหม่,สันผีเสื้อ,ร้องขี้ควาย,เสี่ยงน้อย,เสี่ยงน้อย,เสี่ยงปานกลาง,เสี่ยงปานกลาง,เสี่ยงสูง,1,1,2,2,3,9,1,2,2,⚠️ เฝ้าระวังสูง (เสี่ยงสูง 1 ด้าน)
806,เชียงใหม่,เมืองเชียงใหม่,สันผีเสื้อ,ร้องอ้อ,เสี่ยงน้อย,เสี่ยงปานกลาง,เสี่ยงปานกลาง,เสี่ยงปานกลาง,เสี่ยงสูง,1,2,2,2,3,10,1,3,1,⚠️ เฝ้าระวังสูง (เสี่ยงสูง 1 ด้าน)
807,เชียงใหม่,เมืองเชียงใหม่,สันผีเสื้อ,ขัวโก,เสี่ยงน้อย,เสี่ยงปานกลาง,เสี่ยงปานกลาง,เสี่ยงสูง,เสี่ยงสูง,1,2,2,3,3,11,2,2,1,🚨 วิกฤติเร่งด่วน (เสี่ยงสูง 2+ ด้าน)
808,เชียงใหม่,เมืองเชียงใหม่,สันผีเสื้อ,ท่าเดื่อ,เสี่ยงน้อย,เสี่ยงน้อย,เสี่ยงปานกลาง,เสี่ยงสูง,เสี่ยงสูง,1,1,2,3,3,10,2,1,2,🚨 วิกฤติเร่งด่วน (เสี่ยงสูง 2+ ด้าน)
809,เชียงใหม่,เมืองเชียงใหม่,สันผีเสื้อ,ท่าหลุก,เสี่ยงน้อย,เสี่ยงน้อย,เสี่ยงปานกลาง,เสี่ยงปานกลาง,เสี่ยงสูง,1,1,2,2,3,9,1,2,2,⚠️ เฝ้าระวังสูง (เสี่ยงสูง 1 ด้าน)
810,เชียงใหม่,เมืองเชียงใหม่,สันผีเสื้อ,สันทราย,เสี่ยงน้อย,เสี่ยงน้อย,เสี่ยงปานกลาง,เสี่ยงสูง,เสี่ยงสูง,1,1,2,3,3,10,2,1,2,🚨 วิกฤติเร่งด่วน (เสี่ยงสูง 2+ ด้าน)
811,เชียงใหม่,เมืองเชียงใหม่,สันผีเสื้อ,สันผีเสื้อสามัคคี,เสี่ยงปานกลาง,เสี่ยงน้อย,เสี่ยงปานกลาง,เสี่ยงสูง,เสี่ยงสูง,2,1,2,3,3,11,2,2,1,🚨 วิกฤติเร่งด่วน (เสี่ยงสูง 2+ ด้าน)
812,เชียงใหม่,เมืองเชียงใหม่,สุเทพ,เชิงดอย,เสี่ยงน้อย,เสี่ยงปานกลาง,เสี่ยงน้อย,เสี่ยงน้อย,เสี่ยงน้อย,1,2,1,1,1,6,0,1,4,🟢 เสี่ยงต่ำ/ทั่วไป
813,เชียงใหม่,เมืองเชียงใหม่,สุเทพ,ห้วยแก้ว,เสี่ยงปานกลาง,เสี่ยงปานกลาง,เสี่ยงน้อย,เสี่ยงน้อย,เสี่ยงน้อย,2,2,1,1,1,7,0,2,3,🟢 เสี่ยงต่ำ/ทั่วไป
814,เชียงใหม่,เมืองเชียงใหม่,สุเทพ,กองบิน41,เสี่ยงน้อย,เสี่ยงน้อย,เสี่ยงน้อย,เสี่ยงน้อย,เสี่ยงน้อย,1,1,1,1,1,5,0,0,5,🟢 เสี่ยงต่ำ/ทั่วไป
815,เชียงใหม่,เมืองเชียงใหม่,สุเทพ,ห้วยทราย,เสี่ยงน้อย,เสี่ยงปานกลาง,เสี่ยงน้อย,เสี่ยงน้อย,เสี่ยงน้อย,1,2,1,1,1,6,0,1,4,🟢 เสี่ยงต่ำ/ทั่วไป
816,เชียงใหม่,เมืองเชียงใหม่,สุเทพ,ร่ำเปิง,เสี่ยงน้อย,เสี่ยงปานกลาง,เสี่ยงน้อย,เสี่ยงน้อย,เสี่ยงน้อย,1,2,1,1,1,6,0,1,4,🟢 เสี่ยงต่ำ/ทั่วไป
817,เชียงใหม่,เมืองเชียงใหม่,สุเทพ,โป่งน้อย,เสี่ยงน้อย,เสี่ยงปานกลาง,เสี่ยงน้อย,เสี่ยงน้อย,เสี่ยงน้อย,1,2,1,1,1,6,0,1,4,🟢 เสี่ยงต่ำ/ทั่วไป
818,เชียงใหม่,เมืองเชียงใหม่,สุเทพ,ต้นกุก,เสี่ยงน้อย,เสี่ยงน้อย,เสี่ยงน้อย,เสี่ยงน้อย,เสี่ยงน้อย,1,1,1,1,1,5,0,0,5,🟢 เสี่ยงต่ำ/ทั่วไป
819,เชียงใหม่,เมืองเชียงใหม่,สุเทพ,หลิ่งห้า,เสี่ยงน้อย,เสี่ยงน้อย,เสี่ยงน้อย,เสี่ยงน้อย,เสี่ยงน้อย,1,1,1,1,1,5,0,0,5,🟢 เสี่ยงต่ำ/ทั่วไป
820,เชียงใหม่,เมืองเชียงใหม่,สุเทพ,ดอยสุเทพ,เสี่ยงน้อย,เสี่ยงน้อย,เสี่ยงน้อย,เสี่ยงน้อย,เสี่ยงน้อย,1,1,1,1,1,5,0,0,5,🟢 เสี่ยงต่ำ/ทั่วไป
821,เชียงใหม่,เมืองเชียงใหม่,สุเทพ,อุโมงค์,เสี่ยงน้อย,เสี่ยงน้อย,เสี่ยงน้อย,เสี่ยงน้อย,เสี่ยงน้อย,1,1,1,1,1,5,0,0,5,🟢 เสี่ยงต่ำ/ทั่วไป
822,เชียงใหม่,เมืองเชียงใหม่,สุเทพ,ดอยปุย,เสี่ยงปานกลาง,เสี่ยงปานกลาง,เสี่ยงน้อย,เสี่ยงน้อย,เสี่ยงน้อย,2,2,1,1,1,7,0,2,3,🟢 เสี่ยงต่ำ/ทั่วไป
823,เชียงใหม่,เมืองเชียงใหม่,สุเทพ,ภูพิงค์,เสี่ยงน้อย,เสี่ยงน้อย,เสี่ยงน้อย,เสี่ยงน้อย,เสี่ยงน้อย,1,1,1,1,1,5,0,0,5,🟢 เสี่ยงต่ำ/ทั่วไป
824,เชียงใหม่,เมืองเชียงใหม่,สุเทพ,สันลมจอย,เสี่ยงน้อย,เสี่ยงน้อย,เสี่ยงน้อย,เสี่ยงน้อย,เสี่ยงน้อย,1,1,1,1,1,5,0,0,5,🟢 เสี่ยงต่ำ/ทั่วไป
825,เชียงใหม่,เมืองเชียงใหม่,สุเทพ,ใหม่หลังมอ,เสี่ยงน้อย,เสี่ยงน้อย,เสี่ยงน้อย,เสี่ยงน้อย,เสี่ยงน้อย,1,1,1,1,1,5,0,0,5,🟢 เสี่ยงต่ำ/ทั่วไป
826,เชียงใหม่,เมืองเชียงใหม่,สุเทพ,ทรายคำ,เสี่ยงน้อย,เสี่ยงน้อย,เสี่ยงน้อย,เสี่ยงน้อย,เสี่ยงน้อย,1,1,1,1,1,5,0,0,5,🟢 เสี่ยงต่ำ/ทั่วไป
827,เชียงใหม่,เมืองเชียงใหม่,สุเทพ,อินทนิล,เสี่ยงน้อย,เสี่ยงน้อย,เสี่ยงน้อย,เสี่ยงน้อย,เสี่ยงน้อย,1,1,1,1,1,5,0,0,5,🟢 เสี่ยงต่ำ/ทั่วไป
828,เชียงใหม่,เมืองเชียงใหม่,สุเทพ,แจ่งหัวลิน,เสี่ยงน้อย,เสี่ยงน้อย,เสี่ยงน้อย,เสี่ยงน้อย,เสี่ยงน้อย,1,1,1,1,1,5,0,0,5,🟢 เสี่ยงต่ำ/ทั่วไป
829,เชียงใหม่,เมืองเชียงใหม่,สุเทพ,ป่าห้า,เสี่ยงน้อย,เสี่ยงน้อย,เสี่ยงน้อย,เสี่ยงน้อย,เสี่ยงน้อย,1,1,1,1,1,5,0,0,5,🟢 เสี่ยงต่ำ/ทั่วไป
830,เชียงใหม่,เมืองเชียงใหม่,สุเทพ,สวนดอก,เสี่ยงน้อย,เสี่ยงน้อย,เสี่ยงน้อย,เสี่ยงน้อย,เสี่ยงน้อย,1,1,1,1,1,5,0,0,5,🟢 เสี่ยงต่ำ/ทั่วไป
831,เชียงใหม่,เมืองเชียงใหม่,หนองป่าครั่ง,หนองอิน,เสี่ยงน้อย,เสี่ยงปานกลาง,เสี่ยงปานกลาง,เสี่ยงปานกลาง,เสี่ยงสูง,1,2,2,2,3,10,1,3,1,⚠️ เฝ้าระวังสูง (เสี่ยงสูง 1 ด้าน)
832,เชียงใหม่,เมืองเชียงใหม่,หนองป่าครั่ง,บวกครกน้อย,เสี่ยงน้อย,เสี่ยงปานกลาง,เสี่ยงน้อย,เสี่ยงปานกลาง,เสี่ยงสูง,1,2,1,2,3,9,1,2,2,⚠️ เฝ้าระวังสูง (เสี่ยงสูง 1 ด้าน)
833,เชียงใหม่,เมืองเชียงใหม่,หนองป่าครั่ง,บวกครกน้อย,เสี่ยงน้อย,เสี่ยงปานกลาง,เสี่ยงปานกลาง,เสี่ยงปานกลาง,เสี่ยงสูง,1,2,2,2,3,10,1,3,1,⚠️ เฝ้าระวังสูง (เสี่ยงสูง 1 ด้าน)
834,เชียงใหม่,เมืองเชียงใหม่,หนองป่าครั่ง,หนองป่าครั่ง,เสี่ยงน้อย,เสี่ยงปานกลาง,เสี่ยงปานกลาง,เสี่ยงปานกลาง,เสี่ยงสูง,1,2,2,2,3,10,1,3,1,⚠️ เฝ้าระวังสูง (เสี่ยงสูง 1 ด้าน)
835,เชียงใหม่,เมืองเชียงใหม่,หนองป่าครั่ง,แม่คาวเหนือ,เสี่ยงน้อย,เสี่ยงปานกลาง,เสี่ยงปานกลาง,เสี่ยงปานกลาง,เสี่ยงสูง,1,2,2,2,3,10,1,3,1,⚠️ เฝ้าระวังสูง (เสี่ยงสูง 1 ด้าน)
836,เชียงใหม่,เมืองเชียงใหม่,หนองป่าครั่ง,บวกครกใหม่,เสี่ยงน้อย,เสี่ยงปานกลาง,เสี่ยงปานกลาง,เสี่ยงปานกลาง,เสี่ยงสูง,1,2,2,2,3,10,1,3,1,⚠️ เฝ้าระวังสูง (เสี่ยงสูง 1 ด้าน)
837,เชียงใหม่,เมืองเชียงใหม่,หนองป่าครั่ง,บวกครกน้อยริมแคว,เสี่ยงน้อย,เสี่ยงปานกลาง,เสี่ยงปานกลาง,เสี่ยงปานกลาง,เสี่ยงสูง,1,2,2,2,3,10,1,3,1,⚠️ เฝ้าระวังสูง (เสี่ยงสูง 1 ด้าน)
838,เชียงใหม่,เมืองเชียงใหม่,หนองป่าครั่ง,หนองป่าครั่ง,เสี่ยงน้อย,เสี่ยงปานกลาง,เสี่ยงน้อย,เสี่ยงปานกลาง,เสี่ยงสูง,1,2,1,2,3,9,1,2,2,⚠️ เฝ้าระวังสูง (เสี่ยงสูง 1 ด้าน)
839,เชียงใหม่,เมืองเชียงใหม่,หนองหอย,หนองหอย,เสี่ยงน้อย,เสี่ยงปานกลาง,เสี่ยงน้อย,เสี่ยงปานกลาง,เสี่ยงน้อย,1,2,1,2,1,7,0,2,3,🟢 เสี่ยงต่ำ/ทั่วไป
840,เชียงใหม่,เมืองเชียงใหม่,หนองหอย,โรงวัว,เสี่ยงปานกลาง,เสี่ยงปานกลาง,เสี่ยงน้อย,เสี่ยงปานกลาง,เสี่ยงน้อย,2,2,1,2,1,8,0,3,2,🟡 เฝ้าระวังปานกลาง (เสี่ยงกลาง 3+ ด้าน)
841,เชียงใหม่,เมืองเชียงใหม่,หนองหอย,เสาหิน,เสี่ยงปานกลาง,เสี่ยงปานกลาง,เสี่ยงน้อย,เสี่ยงปานกลาง,เสี่ยงน้อย,2,2,1,2,1,8,0,3,2,🟡 เฝ้าระวังปานกลาง (เสี่ยงกลาง 3+ ด้าน)
842,เชียงใหม่,เมืองเชียงใหม่,หนองหอย,สันป่าเลียง,เสี่ยงปานกลาง,เสี่ยงปานกลาง,เสี่ยงน้อย,เสี่ยงปานกลาง,เสี่ยงน้อย,2,2,1,2,1,8,0,3,2,🟡 เฝ้าระวังปานกลาง (เสี่ยงกลาง 3+ ด้าน)
843,เชียงใหม่,เมืองเชียงใหม่,หนองหอย,เมืองสาตร,เสี่ยงปานกลาง,เสี่ยงปานกลาง,เสี่ยงน้อย,เสี่ยงปานกลาง,เสี่ยงน้อย,2,2,1,2,1,8,0,3,2,🟡 เฝ้าระวังปานกลาง (เสี่ยงกลาง 3+ ด้าน)
844,เชียงใหม่,เมืองเชียงใหม่,หนองหอย,ศิริวัฒนานิเวศน์,เสี่ยงปานกลาง,เสี่ยงปานกลาง,เสี่ยงน้อย,เสี่ยงปานกลาง,เสี่ยงน้อย,2,2,1,2,1,8,0,3,2,🟡 เฝ้าระวังปานกลาง (เสี่ยงกลาง 3+ ด้าน)
845,เชียงใหม่,เมืองเชียงใหม่,หนองหอย,ชัยพฤกษ์,เสี่ยงปานกลาง,เสี่ยงปานกลาง,เสี่ยงน้อย,เสี่ยงปานกลาง,เสี่ยงน้อย,2,2,1,2,1,8,0,3,2,🟡 เฝ้าระวังปานกลาง (เสี่ยงกลาง 3+ ด้าน)
846,เชียงใหม่,เมืองเชียงใหม่,หนองหอย,ใจแก้ว,เสี่ยงน้อย,เสี่ยงปานกลาง,เสี่ยงน้อย,เสี่ยงปานกลาง,เสี่ยงน้อย,1,2,1,2,1,7,0,2,3,🟢 เสี่ยงต่ำ/ทั่วไป
847,เชียงใหม่,เมืองเชียงใหม่,หนองหอย,เมืองสาตรหลวง,เสี่ยงน้อย,เสี่ยงปานกลาง,เสี่ยงน้อย,เสี่ยงปานกลาง,เสี่ยงน้อย,1,2,1,2,1,7,0,2,3,🟢 เสี่ยงต่ำ/ทั่วไป
848,เชียงใหม่,เมืองเชียงใหม่,หนองหอย,เมืองสาตรน้อย,เสี่ยงน้อย,เสี่ยงปานกลาง,เสี่ยงน้อย,เสี่ยงปานกลาง,เสี่ยงน้อย,1,2,1,2,1,7,0,2,3,🟢 เสี่ยงต่ำ/ทั่วไป
849,เชียงใหม่,เมืองเชียงใหม่,หนองหอย,หนองหอย,เสี่ยงน้อย,เสี่ยงปานกลาง,เสี่ยงน้อย,เสี่ยงปานกลาง,เสี่ยงน้อย,1,2,1,2,1,7,0,2,3,🟢 เสี่ยงต่ำ/ทั่วไป
850,เชียงใหม่,เมืองเชียงใหม่,หนองหอย,การเคหะเชียงใหม่,เสี่ยงน้อย,เสี่ยงปานกลาง,เสี่ยงน้อย,เสี่ยงปานกลาง,เสี่ยงน้อย,1,2,1,2,1,7,0,2,3,🟢 เสี่ยงต่ำ/ทั่วไป
851,เชียงใหม่,เมืองเชียงใหม่,หนองหอย,การเคะหะหนองหอย๒,เสี่ยงน้อย,เสี่ยงปานกลาง,เสี่ยงน้อย,เสี่ยงปานกลาง,เสี่ยงน้อย,1,2,1,2,1,7,0,2,3,🟢 เสี่ยงต่ำ/ทั่วไป
852,เชียงใหม่,เมืองเชียงใหม่,หนองหอย,การเคะหะหนองหอย๑,เสี่ยงน้อย,เสี่ยงปานกลาง,เสี่ยงน้อย,เสี่ยงปานกลาง,เสี่ยงน้อย,1,2,1,2,1,7,0,2,3,🟢 เสี่ยงต่ำ/ทั่วไป
853,เชียงใหม่,เมืองเชียงใหม่,หายยา,๕ธันวา,เสี่ยงน้อย,เสี่ยงปานกลาง,เสี่ยงน้อย,เสี่ยงปานกลาง,เสี่ยงสูง,1,2,1,2,3,9,1,2,2,⚠️ เฝ้าระวังสูง (เสี่ยงสูง 1 ด้าน)
854,เชียงใหม่,เมืองเชียงใหม่,หายยา,ศาลาแดง,เสี่ยงน้อย,เสี่ยงปานกลาง,เสี่ยงน้อย,เสี่ยงปานกลาง,เสี่ยงสูง,1,2,1,2,3,9,1,2,2,⚠️ เฝ้าระวังสูง (เสี่ยงสูง 1 ด้าน)
855,เชียงใหม่,เมืองเชียงใหม่,หายยา,กำแพงงาม,เสี่ยงน้อย,เสี่ยงปานกลาง,เสี่ยงน้อย,เสี่ยงปานกลาง,เสี่ยงสูง,1,2,1,2,3,9,1,2,2,⚠️ เฝ้าระวังสูง (เสี่ยงสูง 1 ด้าน)
856,เชียงใหม่,เมืองเชียงใหม่,หายยา,พวกเปียร่วมใจพัฒนา,เสี่ยงน้อย,เสี่ยงปานกลาง,เสี่ยงน้อย,เสี่ยงปานกลาง,เสี่ยงสูง,1,2,1,2,3,9,1,2,2,⚠️ เฝ้าระวังสูง (เสี่ยงสูง 1 ด้าน)
857,เชียงใหม่,เมืองเชียงใหม่,หายยา,ระแกง,เสี่ยงน้อย,เสี่ยงปานกลาง,เสี่ยงน้อย,เสี่ยงปานกลาง,เสี่ยงสูง,1,2,1,2,3,9,1,2,2,⚠️ เฝ้าระวังสูง (เสี่ยงสูง 1 ด้าน)
858,เชียงใหม่,เมืองเชียงใหม่,หายยา,วัดธาตุคำ,เสี่ยงน้อย,เสี่ยงปานกลาง,เสี่ยงน้อย,เสี่ยงปานกลาง,เสี่ยงสูง,1,2,1,2,3,9,1,2,2,⚠️ เฝ้าระวังสูง (เสี่ยงสูง 1 ด้าน)
859,เชียงใหม่,เมืองเชียงใหม่,หายยา,ทิพย์เนตร,เสี่ยงน้อย,เสี่ยงปานกลาง,เสี่ยงน้อย,เสี่ยงปานกลาง,เสี่ยงสูง,1,2,1,2,3,9,1,2,2,⚠️ เฝ้าระวังสูง (เสี่ยงสูง 1 ด้าน)
860,เชียงใหม่,เมืองเชียงใหม่,หายยา,วัดศรีสุพรรณ,เสี่ยงน้อย,เสี่ยงปานกลาง,เสี่ยงน้อย,เสี่ยงปานกลาง,เสี่ยงสูง,1,2,1,2,3,9,1,2,2,⚠️ เฝ้าระวังสูง (เสี่ยงสูง 1 ด้าน)
861,เชียงใหม่,เมืองเชียงใหม่,หายยา,หมื่นสารวัวลาย,เสี่ยงน้อย,เสี่ยงปานกลาง,เสี่ยงน้อย,เสี่ยงปานกลาง,เสี่ยงสูง,1,2,1,2,3,9,1,2,2,⚠️ เฝ้าระวังสูง (เสี่ยงสูง 1 ด้าน)
862,เชียงใหม่,เมืองเชียงใหม่,หายยา,ฟ้าใหม่ประตูก้อม,เสี่ยงน้อย,เสี่ยงปานกลาง,เสี่ยงน้อย,เสี่ยงปานกลาง,เสี่ยงสูง,1,2,1,2,3,9,1,2,2,⚠️ เฝ้าระวังสูง (เสี่ยงสูง 1 ด้าน)
863,เชียงใหม่,เมืองเชียงใหม่,หายยา,วัดนันทาราม,เสี่ยงน้อย,เสี่ยงปานกลาง,เสี่ยงน้อย,เสี่ยงปานกลาง,เสี่ยงสูง,1,2,1,2,3,9,1,2,2,⚠️ เฝ้าระวังสูง (เสี่ยงสูง 1 ด้าน)
864,เชียงใหม่,เมืองเชียงใหม่,หายยา,วัดดาวดึงษ์,เสี่ยงน้อย,เสี่ยงปานกลาง,เสี่ยงน้อย,เสี่ยงปานกลาง,เสี่ยงสูง,1,2,1,2,3,9,1,2,2,⚠️ เฝ้าระวังสูง (เสี่ยงสูง 1 ด้าน)
865,เชียงใหม่,แม่แจ่ม,กองแขก,อมขูด,เสี่ยงน้อย,เสี่ยงปานกลาง,เสี่ยงสูง,เสี่ยงน้อย,เสี่ยงน้อย,1,2,3,1,1,8,1,1,3,⚠️ เฝ้าระวังสูง (เสี่ยงสูง 1 ด้าน)
866,เชียงใหม่,แม่แจ่ม,กองแขก,แม่หลุ,เสี่ยงปานกลาง,เสี่ยงปานกลาง,เสี่ยงปานกลาง,เสี่ยงน้อย,เสี่ยงน้อย,2,2,2,1,1,8,0,3,2,🟡 เฝ้าระวังปานกลาง (เสี่ยงกลาง 3+ ด้าน)
867,เชียงใหม่,แม่แจ่ม,กองแขก,หัวดอย,เสี่ยงน้อย,เสี่ยงปานกลาง,เสี่ยงปานกลาง,เสี่ยงน้อย,เสี่ยงน้อย,1,2,2,1,1,7,0,2,3,🟢 เสี่ยงต่ำ/ทั่วไป
868,เชียงใหม่,แม่แจ่ม,กองแขก,ม้งโหล่งปง,เสี่ยงน้อย,เสี่ยงน้อย,เสี่ยงปานกลาง,เสี่ยงน้อย,เสี่ยงน้อย,1,1,2,1,1,6,0,1,4,🟢 เสี่ยงต่ำ/ทั่วไป
869,เชียงใหม่,แม่แจ่ม,กองแขก,อมลาน,เสี่ยงน้อย,เสี่ยงปานกลาง,เสี่ยงปานกลาง,เสี่ยงน้อย,เสี่ยงน้อย,1,2,2,1,1,7,0,2,3,🟢 เสี่ยงต่ำ/ทั่วไป
870,เชียงใหม่,แม่แจ่ม,กองแขก,โม่งหลวง,เสี่ยงน้อย,เสี่ยงปานกลาง,เสี่ยงปานกลาง,เสี่ยงน้อย,เสี่ยงน้อย,1,2,2,1,1,7,0,2,3,🟢 เสี่ยงต่ำ/ทั่วไป
871,เชียงใหม่,แม่แจ่ม,กองแขก,กองแขก,เสี่ยงน้อย,เสี่ยงน้อย,เสี่ยงปานกลาง,เสี่ยงน้อย,เสี่ยงน้อย,1,1,2,1,1,6,0,1,4,🟢 เสี่ยงต่ำ/ทั่วไป
872,เชียงใหม่,แม่แจ่ม,กองแขก,อมเม็ง,เสี่ยงน้อย,เสี่ยงปานกลาง,เสี่ยงปานกลาง,เสี่ยงน้อย,เสี่ยงน้อย,1,2,2,1,1,7,0,2,3,🟢 เสี่ยงต่ำ/ทั่วไป
873,เชียงใหม่,แม่แจ่ม,กองแขก,ผาผึ้ง,เสี่ยงน้อย,เสี่ยงปานกลาง,เสี่ยงปานกลาง,เสี่ยงน้อย,เสี่ยงน้อย,1,2,2,1,1,7,0,2,3,🟢 เสี่ยงต่ำ/ทั่วไป
874,เชียงใหม่,แม่แจ่ม,กองแขก,แม่คงคา,เสี่ยงน้อย,เสี่ยงปานกลาง,เสี่ยงปานกลาง,เสี่ยงน้อย,เสี่ยงน้อย,1,2,2,1,1,7,0,2,3,🟢 เสี่ยงต่ำ/ทั่วไป
875,เชียงใหม่,แม่แจ่ม,กองแขก,กองแขกใต้,เสี่ยงน้อย,เสี่ยงปานกลาง,เสี่ยงปานกลาง,เสี่ยงน้อย,เสี่ยงน้อย,1,2,2,1,1,7,0,2,3,🟢 เสี่ยงต่ำ/ทั่วไป
876,เชียงใหม่,แม่แจ่ม,กองแขก,นายางดิน,เสี่ยงน้อย,เสี่ยงปานกลาง,เสี่ยงปานกลาง,เสี่ยงน้อย,เสี่ยงน้อย,1,2,2,1,1,7,0,2,3,🟢 เสี่ยงต่ำ/ทั่วไป
877,เชียงใหม่,แม่แจ่ม,ช่างเคิ่ง,ทุ่งยาว,เสี่ยงน้อย,เสี่ยงปานกลาง,เสี่ยงสูง,เสี่ยงปานกลาง,เสี่ยงน้อย,1,2,3,2,1,9,1,2,2,⚠️ เฝ้าระวังสูง (เสี่ยงสูง 1 ด้าน)
878,เชียงใหม่,แม่แจ่ม,ช่างเคิ่ง,ต่อเรือ,เสี่ยงน้อย,เสี่ยงปานกลาง,เสี่ยงปานกลาง,เสี่ยงน้อย,เสี่ยงน้อย,1,2,2,1,1,7,0,2,3,🟢 เสี่ยงต่ำ/ทั่วไป
879,เชียงใหม่,แม่แจ่ม,ช่างเคิ่ง,สันหนอง,เสี่ยงน้อย,เสี่ยงน้อย,เสี่ยงสูง,เสี่ยงน้อย,เสี่ยงน้อย,1,1,3,1,1,7,1,0,4,⚠️ เฝ้าระวังสูง (เสี่ยงสูง 1 ด้าน)
880,เชียงใหม่,แม่แจ่ม,ช่างเคิ่ง,เกาะ,เสี่ยงน้อย,เสี่ยงน้อย,เสี่ยงปานกลาง,เสี่ยงน้อย,เสี่ยงน้อย,1,1,2,1,1,6,0,1,4,🟢 เสี่ยงต่ำ/ทั่วไป
881,เชียงใหม่,แม่แจ่ม,ช่างเคิ่ง,ต้นตาล,เสี่ยงปานกลาง,เสี่ยงปานกลาง,เสี่ยงปานกลาง,เสี่ยงน้อย,เสี่ยงน้อย,2,2,2,1,1,8,0,3,2,🟡 เฝ้าระวังปานกลาง (เสี่ยงกลาง 3+ ด้าน)
882,เชียงใหม่,แม่แจ่ม,ช่างเคิ่ง,พร้าวหนุ่ม,เสี่ยงน้อย,เสี่ยงปานกลาง,เสี่ยงสูง,เสี่ยงน้อย,เสี่ยงน้อย,1,2,3,1,1,8,1,1,3,⚠️ เฝ้าระวังสูง (เสี่ยงสูง 1 ด้าน)
883,เชียงใหม่,แม่แจ่ม,ช่างเคิ่ง,ป่าเท้อ,เสี่ยงน้อย,เสี่ยงปานกลาง,เสี่ยงสูง,เสี่ยงน้อย,เสี่ยงน้อย,1,2,3,1,1,8,1,1,3,⚠️ เฝ้าระวังสูง (เสี่ยงสูง 1 ด้าน)
884,เชียงใหม่,แม่แจ่ม,ช่างเคิ่ง,ท้องฝาย,เสี่ยงน้อย,เสี่ยงปานกลาง,เสี่ยงปานกลาง,เสี่ยงน้อย,เสี่ยงน้อย,1,2,2,1,1,7,0,2,3,🟢 เสี่ยงต่ำ/ทั่วไป
885,เชียงใหม่,แม่แจ่ม,ช่างเคิ่ง,ห้วยริน,เสี่ยงน้อย,เสี่ยงปานกลาง,เสี่ยงปานกลาง,เสี่ยงน้อย,เสี่ยงน้อย,1,2,2,1,1,7,0,2,3,🟢 เสี่ยงต่ำ/ทั่วไป
886,เชียงใหม่,แม่แจ่ม,ช่างเคิ่ง,แม่ปาน,เสี่ยงน้อย,เสี่ยงปานกลาง,เสี่ยงสูง,เสี่ยงน้อย,เสี่ยงน้อย,1,2,3,1,1,8,1,1,3,⚠️ เฝ้าระวังสูง (เสี่ยงสูง 1 ด้าน)
887,เชียงใหม่,แม่แจ่ม,ช่างเคิ่ง,แม่มิงค์,เสี่ยงปานกลาง,เสี่ยงปานกลาง,เสี่ยงปานกลาง,เสี่ยงน้อย,เสี่ยงน้อย,2,2,2,1,1,8,0,3,2,🟡 เฝ้าระวังปานกลาง (เสี่ยงกลาง 3+ ด้าน)
888,เชียงใหม่,แม่แจ่ม,ช่างเคิ่ง,ช่างเคิ่งบน,เสี่ยงน้อย,เสี่ยงน้อย,เสี่ยงปานกลาง,เสี่ยงน้อย,เสี่ยงน้อย,1,1,2,1,1,6,0,1,4,🟢 เสี่ยงต่ำ/ทั่วไป
889,เชียงใหม่,แม่แจ่ม,ช่างเคิ่ง,ป่าตึง,เสี่ยงน้อย,เสี่ยงปานกลาง,เสี่ยงสูง,เสี่ยงน้อย,เสี่ยงน้อย,1,2,3,1,1,8,1,1,3,⚠️ เฝ้าระวังสูง (เสี่ยงสูง 1 ด้าน)
890,เชียงใหม่,แม่แจ่ม,ช่างเคิ่ง,บนนา,เสี่ยงน้อย,เสี่ยงปานกลาง,เสี่ยงปานกลาง,เสี่ยงน้อย,เสี่ยงน้อย,1,2,2,1,1,7,0,2,3,🟢 เสี่ยงต่ำ/ทั่วไป
891,เชียงใหม่,แม่แจ่ม,ช่างเคิ่ง,พุทธเอ้น,เสี่ยงน้อย,เสี่ยงปานกลาง,เสี่ยงสูง,เสี่ยงปานกลาง,เสี่ยงน้อย,1,2,3,2,1,9,1,2,2,⚠️ เฝ้าระวังสูง (เสี่ยงสูง 1 ด้าน)
892,เชียงใหม่,แม่แจ่ม,ช่างเคิ่ง,แพม,เสี่ยงสูง,เสี่ยงปานกลาง,เสี่ยงปานกลาง,เสี่ยงน้อย,เสี่ยงน้อย,3,2,2,1,1,9,1,2,2,⚠️ เฝ้าระวังสูง (เสี่ยงสูง 1 ด้าน)
893,เชียงใหม่,แม่แจ่ม,ช่างเคิ่ง,ดอยสันเกี๋ยง,เสี่ยงน้อย,เสี่ยงปานกลาง,เสี่ยงปานกลาง,เสี่ยงน้อย,เสี่ยงน้อย,1,2,2,1,1,7,0,2,3,🟢 เสี่ยงต่ำ/ทั่วไป
894,เชียงใหม่,แม่แจ่ม,ช่างเคิ่ง,เจียง,เสี่ยงน้อย,เสี่ยงน้อย,เสี่ยงสูง,เสี่ยงน้อย,เสี่ยงน้อย,1,1,3,1,1,7,1,0,4,⚠️ เฝ้าระวังสูง (เสี่ยงสูง 1 ด้าน)
895,เชียงใหม่,แม่แจ่ม,ช่างเคิ่ง,ใหม่ปูเลย,เสี่ยงน้อย,เสี่ยงปานกลาง,เสี่ยงปานกลาง,เสี่ยงน้อย,เสี่ยงน้อย,1,2,2,1,1,7,0,2,3,🟢 เสี่ยงต่ำ/ทั่วไป
896,เชียงใหม่,แม่แจ่ม,ท่าผา,สามสบ,เสี่ยงปานกลาง,เสี่ยงน้อย,เสี่ยงสูง,เสี่ยงน้อย,เสี่ยงน้อย,2,1,3,1,1,8,1,1,3,⚠️ เฝ้าระวังสูง (เสี่ยงสูง 1 ด้าน)
897,เชียงใหม่,แม่แจ่ม,ท่าผา,ผานัง,เสี่ยงสูง,เสี่ยงปานกลาง,เสี่ยงปานกลาง,เสี่ยงน้อย,เสี่ยงน้อย,3,2,2,1,1,9,1,2,2,⚠️ เฝ้าระวังสูง (เสี่ยงสูง 1 ด้าน)
898,เชียงใหม่,แม่แจ่ม,ท่าผา,เหล่า,เสี่ยงสูง,เสี่ยงน้อย,เสี่ยงปานกลาง,เสี่ยงน้อย,เสี่ยงน้อย,3,1,2,1,1,8,1,1,3,⚠️ เฝ้าระวังสูง (เสี่ยงสูง 1 ด้าน)
899,เชียงใหม่,แม่แจ่ม,ท่าผา,ป่าแดด,เสี่ยงปานกลาง,เสี่ยงน้อย,เสี่ยงสูง,เสี่ยงน้อย,เสี่ยงน้อย,2,1,3,1,1,8,1,1,3,⚠️ เฝ้าระวังสูง (เสี่ยงสูง 1 ด้าน)
900,เชียงใหม่,แม่แจ่ม,ท่าผา,ทัพ,เสี่ยงปานกลาง,เสี่ยงปานกลาง,เสี่ยงสูง,เสี่ยงน้อย,เสี่ยงน้อย,2,2,3,1,1,9,1,2,2,⚠️ เฝ้าระวังสูง (เสี่ยงสูง 1 ด้าน)
901,เชียงใหม่,แม่แจ่ม,ท่าผา,ยางหลวง,เสี่ยงปานกลาง,เสี่ยงปานกลาง,เสี่ยงสูง,เสี่ยงปานกลาง,เสี่ยงน้อย,2,2,3,2,1,10,1,3,1,⚠️ เฝ้าระวังสูง (เสี่ยงสูง 1 ด้าน)
902,เชียงใหม่,แม่แจ่ม,ท่าผา,ห้วยไห,เสี่ยงปานกลาง,เสี่ยงปานกลาง,เสี่ยงสูง,เสี่ยงน้อย,เสี่ยงน้อย,2,2,3,1,1,9,1,2,2,⚠️ เฝ้าระวังสูง (เสี่ยงสูง 1 ด้าน)
903,เชียงใหม่,แม่แจ่ม,ท่าผา,แม่ยางส้าน,เสี่ยงสูง,เสี่ยงปานกลาง,เสี่ยงสูง,เสี่ยงน้อย,เสี่ยงน้อย,3,2,3,1,1,10,2,1,2,🚨 วิกฤติเร่งด่วน (เสี่ยงสูง 2+ ด้าน)
904,เชียงใหม่,แม่แจ่ม,ท่าผา,นาเรือน,เสี่ยงปานกลาง,เสี่ยงปานกลาง,เสี่ยงสูง,เสี่ยงปานกลาง,เสี่ยงน้อย,2,2,3,2,1,10,1,3,1,⚠️ เฝ้าระวังสูง (เสี่ยงสูง 1 ด้าน)
905,เชียงใหม่,แม่แจ่ม,ท่าผา,ไร่,เสี่ยงสูง,เสี่ยงปานกลาง,เสี่ยงปานกลาง,เสี่ยงน้อย,เสี่ยงน้อย,3,2,2,1,1,9,1,2,2,⚠️ เฝ้าระวังสูง (เสี่ยงสูง 1 ด้าน)
906,เชียงใหม่,แม่แจ่ม,บ้านทับ,แม่ขี้มูก,เสี่ยงน้อย,เสี่ยงปานกลาง,เสี่ยงปานกลาง,เสี่ยงน้อย,เสี่ยงน้อย,1,2,2,1,1,7,0,2,3,🟢 เสี่ยงต่ำ/ทั่วไป
907,เชียงใหม่,แม่แจ่ม,บ้านทับ,มืดหลอง,เสี่ยงน้อย,เสี่ยงปานกลาง,เสี่ยงปานกลาง,เสี่ยงน้อย,เสี่ยงน้อย,1,2,2,1,1,7,0,2,3,🟢 เสี่ยงต่ำ/ทั่วไป
908,เชียงใหม่,แม่แจ่ม,บ้านทับ,แม่ลอง,เสี่ยงน้อย,เสี่ยงปานกลาง,เสี่ยงปานกลาง,เสี่ยงน้อย,เสี่ยงน้อย,1,2,2,1,1,7,0,2,3,🟢 เสี่ยงต่ำ/ทั่วไป
909,เชียงใหม่,แม่แจ่ม,บ้านทับ,แม่ป็อก,เสี่ยงน้อย,เสี่ยงปานกลาง,เสี่ยงปานกลาง,เสี่ยงน้อย,เสี่ยงน้อย,1,2,2,1,1,7,0,2,3,🟢 เสี่ยงต่ำ/ทั่วไป
910,เชียงใหม่,แม่แจ่ม,บ้านทับ,สบลอง,เสี่ยงน้อย,เสี่ยงปานกลาง,เสี่ยงปานกลาง,เสี่ยงน้อย,เสี่ยงน้อย,1,2,2,1,1,7,0,2,3,🟢 เสี่ยงต่ำ/ทั่วไป
911,เชียงใหม่,แม่แจ่ม,บ้านทับ,ทุ่งแก,เสี่ยงน้อย,เสี่ยงปานกลาง,เสี่ยงปานกลาง,เสี่ยงน้อย,เสี่ยงน้อย,1,2,2,1,1,7,0,2,3,🟢 เสี่ยงต่ำ/ทั่วไป
912,เชียงใหม่,แม่แจ่ม,บ้านทับ,แม่แอบ,เสี่ยงน้อย,เสี่ยงปานกลาง,เสี่ยงปานกลาง,เสี่ยงน้อย,เสี่ยงน้อย,1,2,2,1,1,7,0,2,3,🟢 เสี่ยงต่ำ/ทั่วไป
913,เชียงใหม่,แม่แจ่ม,บ้านทับ,อมแรด,เสี่ยงปานกลาง,เสี่ยงปานกลาง,เสี่ยงปานกลาง,เสี่ยงน้อย,เสี่ยงน้อย,2,2,2,1,1,8,0,3,2,🟡 เฝ้าระวังปานกลาง (เสี่ยงกลาง 3+ ด้าน)
914,เชียงใหม่,แม่แจ่ม,บ้านทับ,กิ่วสะแวก,เสี่ยงน้อย,เสี่ยงปานกลาง,เสี่ยงปานกลาง,เสี่ยงน้อย,เสี่ยงน้อย,1,2,2,1,1,7,0,2,3,🟢 เสี่ยงต่ำ/ทั่วไป
915,เชียงใหม่,แม่แจ่ม,บ้านทับ,กองก๋าย,เสี่ยงน้อย,เสี่ยงปานกลาง,เสี่ยงปานกลาง,เสี่ยงน้อย,เสี่ยงน้อย,1,2,2,1,1,7,0,2,3,🟢 เสี่ยงต่ำ/ทั่วไป
916,เชียงใหม่,แม่แจ่ม,บ้านทับ,อมสูง,เสี่ยงปานกลาง,เสี่ยงปานกลาง,เสี่ยงปานกลาง,เสี่ยงน้อย,เสี่ยงน้อย,2,2,2,1,1,8,0,3,2,🟡 เฝ้าระวังปานกลาง (เสี่ยงกลาง 3+ ด้าน)
917,เชียงใหม่,แม่แจ่ม,บ้านทับ,ขุนปอน-ห้วยวอก,เสี่ยงน้อย,เสี่ยงปานกลาง,เสี่ยงปานกลาง,เสี่ยงน้อย,เสี่ยงน้อย,1,2,2,1,1,7,0,2,3,🟢 เสี่ยงต่ำ/ทั่วไป
918,เชียงใหม่,แม่แจ่ม,บ้านทับ,แม่ขี้มูกน้อย,เสี่ยงน้อย,เสี่ยงปานกลาง,เสี่ยงปานกลาง,เสี่ยงน้อย,เสี่ยงน้อย,1,2,2,1,1,7,0,2,3,🟢 เสี่ยงต่ำ/ทั่วไป
919,เชียงใหม่,แม่แจ่ม,ปางหินฝน,แม่หงานหลวง,เสี่ยงปานกลาง,เสี่ยงปานกลาง,เสี่ยงปานกลาง,เสี่ยงน้อย,เสี่ยงน้อย,2,2,2,1,1,8,0,3,2,🟡 เฝ้าระวังปานกลาง (เสี่ยงกลาง 3+ ด้าน)
920,เชียงใหม่,แม่แจ่ม,ปางหินฝน,พุย,เสี่ยงน้อย,เสี่ยงปานกลาง,เสี่ยงปานกลาง,เสี่ยงน้อย,เสี่ยงน้อย,1,2,2,1,1,7,0,2,3,🟢 เสี่ยงต่ำ/ทั่วไป
921,เชียงใหม่,แม่แจ่ม,ปางหินฝน,แม่แฮใน,เสี่ยงน้อย,เสี่ยงปานกลาง,เสี่ยงปานกลาง,เสี่ยงน้อย,เสี่ยงน้อย,1,2,2,1,1,7,0,2,3,🟢 เสี่ยงต่ำ/ทั่วไป
922,เชียงใหม่,แม่แจ่ม,ปางหินฝน,แม่ตูม,เสี่ยงน้อย,เสี่ยงปานกลาง,เสี่ยงปานกลาง,เสี่ยงน้อย,เสี่ยงน้อย,1,2,2,1,1,7,0,2,3,🟢 เสี่ยงต่ำ/ทั่วไป
923,เชียงใหม่,แม่แจ่ม,ปางหินฝน,ของ,เสี่ยงน้อย,เสี่ยงปานกลาง,เสี่ยงปานกลาง,เสี่ยงน้อย,เสี่ยงน้อย,1,2,2,1,1,7,0,2,3,🟢 เสี่ยงต่ำ/ทั่วไป
924,เชียงใหม่,แม่แจ่ม,ปางหินฝน,เฮาะ,เสี่ยงน้อย,เสี่ยงปานกลาง,เสี่ยงปานกลาง,เสี่ยงน้อย,เสี่ยงน้อย,1,2,2,1,1,7,0,2,3,🟢 เสี่ยงต่ำ/ทั่วไป
925,เชียงใหม่,แม่แจ่ม,ปางหินฝน,แปะ,เสี่ยงน้อย,เสี่ยงปานกลาง,เสี่ยงปานกลาง,เสี่ยงน้อย,เสี่ยงน้อย,1,2,2,1,1,7,0,2,3,🟢 เสี่ยงต่ำ/ทั่วไป
926,เชียงใหม่,แม่แจ่ม,ปางหินฝน,กอกน้อย,เสี่ยงน้อย,เสี่ยงปานกลาง,เสี่ยงปานกลาง,เสี่ยงน้อย,เสี่ยงน้อย,1,2,2,1,1,7,0,2,3,🟢 เสี่ยงต่ำ/ทั่วไป
927,เชียงใหม่,แม่แจ่ม,ปางหินฝน,แม่แฮใต้,เสี่ยงน้อย,เสี่ยงปานกลาง,เสี่ยงปานกลาง,เสี่ยงน้อย,เสี่ยงน้อย,1,2,2,1,1,7,0,2,3,🟢 เสี่ยงต่ำ/ทั่วไป
928,เชียงใหม่,แม่แจ่ม,ปางหินฝน,ปางหินฝน,เสี่ยงน้อย,เสี่ยงปานกลาง,เสี่ยงปานกลาง,เสี่ยงน้อย,เสี่ยงน้อย,1,2,2,1,1,7,0,2,3,🟢 เสี่ยงต่ำ/ทั่วไป
929,เชียงใหม่,แม่แจ่ม,ปางหินฝน,กองบอด,เสี่ยงน้อย,เสี่ยงปานกลาง,เสี่ยงปานกลาง,เสี่ยงน้อย,เสี่ยงน้อย,1,2,2,1,1,7,0,2,3,🟢 เสี่ยงต่ำ/ทั่วไป
930,เชียงใหม่,แม่แจ่ม,ปางหินฝน,พุยกะเหรี่ยง,เสี่ยงน้อย,เสี่ยงปานกลาง,เสี่ยงปานกลาง,เสี่ยงน้อย,เสี่ยงน้อย,1,2,2,1,1,7,0,2,3,🟢 เสี่ยงต่ำ/ทั่วไป
931,เชียงใหม่,แม่แจ่ม,ปางหินฝน,ดินขาว,เสี่ยงน้อย,เสี่ยงปานกลาง,เสี่ยงปานกลาง,เสี่ยงน้อย,เสี่ยงน้อย,1,2,2,1,1,7,0,2,3,🟢 เสี่ยงต่ำ/ทั่วไป
932,เชียงใหม่,แม่แจ่ม,ปางหินฝน,โมโลตู่,เสี่ยงน้อย,เสี่ยงปานกลาง,เสี่ยงปานกลาง,เสี่ยงน้อย,เสี่ยงน้อย,1,2,2,1,1,7,0,2,3,🟢 เสี่ยงต่ำ/ทั่วไป
933,เชียงใหม่,แม่แจ่ม,แม่นาจร,สบแม่รวม,เสี่ยงปานกลาง,เสี่ยงปานกลาง,เสี่ยงปานกลาง,เสี่ยงน้อย,เสี่ยงปานกลาง,2,2,2,1,2,9,0,4,1,🟡 เฝ้าระวังปานกลาง (เสี่ยงกลาง 3+ ด้าน)
934,เชียงใหม่,แม่แจ่ม,แม่นาจร,แม่ชา,เสี่ยงปานกลาง,เสี่ยงปานกลาง,เสี่ยงปานกลาง,เสี่ยงน้อย,เสี่ยงปานกลาง,2,2,2,1,2,9,0,4,1,🟡 เฝ้าระวังปานกลาง (เสี่ยงกลาง 3+ ด้าน)
935,เชียงใหม่,แม่แจ่ม,แม่นาจร,แม่แฮเหนือ,เสี่ยงปานกลาง,เสี่ยงสูง,เสี่ยงปานกลาง,เสี่ยงน้อย,เสี่ยงปานกลาง,2,3,2,1,2,10,1,3,1,⚠️ เฝ้าระวังสูง (เสี่ยงสูง 1 ด้าน)
936,เชียงใหม่,แม่แจ่ม,แม่นาจร,แม่มุ,เสี่ยงปานกลาง,เสี่ยงสูง,เสี่ยงปานกลาง,เสี่ยงน้อย,เสี่ยงปานกลาง,2,3,2,1,2,10,1,3,1,⚠️ เฝ้าระวังสูง (เสี่ยงสูง 1 ด้าน)
937,เชียงใหม่,แม่แจ่ม,แม่นาจร,แม่นาจร,เสี่ยงน้อย,เสี่ยงปานกลาง,เสี่ยงปานกลาง,เสี่ยงน้อย,เสี่ยงปานกลาง,1,2,2,1,2,8,0,3,2,🟡 เฝ้าระวังปานกลาง (เสี่ยงกลาง 3+ ด้าน)
938,เชียงใหม่,แม่แจ่ม,แม่นาจร,แม่วาก,เสี่ยงปานกลาง,เสี่ยงปานกลาง,เสี่ยงปานกลาง,เสี่ยงน้อย,เสี่ยงปานกลาง,2,2,2,1,2,9,0,4,1,🟡 เฝ้าระวังปานกลาง (เสี่ยงกลาง 3+ ด้าน)
939,เชียงใหม่,แม่แจ่ม,แม่นาจร,สบวาก,เสี่ยงปานกลาง,เสี่ยงสูง,เสี่ยงปานกลาง,เสี่ยงน้อย,เสี่ยงปานกลาง,2,3,2,1,2,10,1,3,1,⚠️ เฝ้าระวังสูง (เสี่ยงสูง 1 ด้าน)
940,เชียงใหม่,แม่แจ่ม,แม่นาจร,ห้วยผา,เสี่ยงปานกลาง,เสี่ยงสูง,เสี่ยงปานกลาง,เสี่ยงน้อย,เสี่ยงปานกลาง,2,3,2,1,2,10,1,3,1,⚠️ เฝ้าระวังสูง (เสี่ยงสูง 1 ด้าน)
941,เชียงใหม่,แม่แจ่ม,แม่นาจร,แม่มะลอ,เสี่ยงปานกลาง,เสี่ยงสูง,เสี่ยงปานกลาง,เสี่ยงน้อย,เสี่ยงปานกลาง,2,3,2,1,2,10,1,3,1,⚠️ เฝ้าระวังสูง (เสี่ยงสูง 1 ด้าน)
942,เชียงใหม่,แม่แจ่ม,แม่นาจร,แม่เอาะ,เสี่ยงปานกลาง,เสี่ยงสูง,เสี่ยงปานกลาง,เสี่ยงน้อย,เสี่ยงปานกลาง,2,3,2,1,2,10,1,3,1,⚠️ เฝ้าระวังสูง (เสี่ยงสูง 1 ด้าน)
943,เชียงใหม่,แม่แจ่ม,แม่นาจร,แม่ขอ,เสี่ยงน้อย,เสี่ยงปานกลาง,เสี่ยงปานกลาง,เสี่ยงน้อย,เสี่ยงปานกลาง,1,2,2,1,2,8,0,3,2,🟡 เฝ้าระวังปานกลาง (เสี่ยงกลาง 3+ ด้าน)
944,เชียงใหม่,แม่แจ่ม,แม่นาจร,แม่หอย,เสี่ยงปานกลาง,เสี่ยงปานกลาง,เสี่ยงน้อย,เสี่ยงน้อย,เสี่ยงปานกลาง,2,2,1,1,2,8,0,3,2,🟡 เฝ้าระวังปานกลาง (เสี่ยงกลาง 3+ ด้าน)
945,เชียงใหม่,แม่แจ่ม,แม่นาจร,แม่แจ๊ะ,เสี่ยงปานกลาง,เสี่ยงสูง,เสี่ยงปานกลาง,เสี่ยงน้อย,เสี่ยงปานกลาง,2,3,2,1,2,10,1,3,1,⚠️ เฝ้าระวังสูง (เสี่ยงสูง 1 ด้าน)
946,เชียงใหม่,แม่แจ่ม,แม่นาจร,พัฒนาสันติ,เสี่ยงปานกลาง,เสี่ยงสูง,เสี่ยงปานกลาง,เสี่ยงน้อย,เสี่ยงปานกลาง,2,3,2,1,2,10,1,3,1,⚠️ เฝ้าระวังสูง (เสี่ยงสูง 1 ด้าน)
947,เชียงใหม่,แม่แจ่ม,แม่นาจร,แม่สะงะ,เสี่ยงปานกลาง,เสี่ยงปานกลาง,เสี่ยงปานกลาง,เสี่ยงน้อย,เสี่ยงปานกลาง,2,2,2,1,2,9,0,4,1,🟡 เฝ้าระวังปานกลาง (เสี่ยงกลาง 3+ ด้าน)
948,เชียงใหม่,แม่แจ่ม,แม่นาจร,แม่นาจรเหนือ,เสี่ยงปานกลาง,เสี่ยงปานกลาง,เสี่ยงปานกลาง,เสี่ยงน้อย,เสี่ยงปานกลาง,2,2,2,1,2,9,0,4,1,🟡 เฝ้าระวังปานกลาง (เสี่ยงกลาง 3+ ด้าน)
949,เชียงใหม่,แม่แจ่ม,แม่นาจร,ห้วยขมิ้น,เสี่ยงปานกลาง,เสี่ยงสูง,เสี่ยงปานกลาง,เสี่ยงน้อย,เสี่ยงปานกลาง,2,3,2,1,2,10,1,3,1,⚠️ เฝ้าระวังสูง (เสี่ยงสูง 1 ด้าน)
950,เชียงใหม่,แม่แจ่ม,แม่นาจร,ขุนแม่วาก,เสี่ยงปานกลาง,เสี่ยงสูง,เสี่ยงปานกลาง,เสี่ยงน้อย,เสี่ยงปานกลาง,2,3,2,1,2,10,1,3,1,⚠️ เฝ้าระวังสูง (เสี่ยงสูง 1 ด้าน)
951,เชียงใหม่,แม่แจ่ม,แม่นาจร,ห้วยหอย,เสี่ยงปานกลาง,เสี่ยงปานกลาง,เสี่ยงปานกลาง,เสี่ยงน้อย,เสี่ยงปานกลาง,2,2,2,1,2,9,0,4,1,🟡 เฝ้าระวังปานกลาง (เสี่ยงกลาง 3+ ด้าน)
952,เชียงใหม่,แม่แจ่ม,แม่ศึก,ปางอุ๋ง,เสี่ยงน้อย,เสี่ยงปานกลาง,เสี่ยงปานกลาง,เสี่ยงน้อย,เสี่ยงน้อย,1,2,2,1,1,7,0,2,3,🟢 เสี่ยงต่ำ/ทั่วไป
953,เชียงใหม่,แม่แจ่ม,แม่ศึก,นากลาง,เสี่ยงน้อย,เสี่ยงปานกลาง,เสี่ยงปานกลาง,เสี่ยงน้อย,เสี่ยงน้อย,1,2,2,1,1,7,0,2,3,🟢 เสี่ยงต่ำ/ทั่วไป
954,เชียงใหม่,แม่แจ่ม,แม่ศึก,แม่สะต๊อบ,เสี่ยงน้อย,เสี่ยงสูง,เสี่ยงปานกลาง,เสี่ยงน้อย,เสี่ยงน้อย,1,3,2,1,1,8,1,1,3,⚠️ เฝ้าระวังสูง (เสี่ยงสูง 1 ด้าน)
955,เชียงใหม่,แม่แจ่ม,แม่ศึก,พะแอดู,เสี่ยงปานกลาง,เสี่ยงปานกลาง,เสี่ยงปานกลาง,เสี่ยงน้อย,เสี่ยงน้อย,2,2,2,1,1,8,0,3,2,🟡 เฝ้าระวังปานกลาง (เสี่ยงกลาง 3+ ด้าน)
956,เชียงใหม่,แม่แจ่ม,แม่ศึก,นาฮ่อง,เสี่ยงสูง,เสี่ยงปานกลาง,เสี่ยงสูง,เสี่ยงน้อย,เสี่ยงน้อย,3,2,3,1,1,10,2,1,2,🚨 วิกฤติเร่งด่วน (เสี่ยงสูง 2+ ด้าน)
957,เชียงใหม่,แม่แจ่ม,แม่ศึก,แม่ศึก,เสี่ยงน้อย,เสี่ยงปานกลาง,เสี่ยงสูง,เสี่ยงน้อย,เสี่ยงน้อย,1,2,3,1,1,8,1,1,3,⚠️ เฝ้าระวังสูง (เสี่ยงสูง 1 ด้าน)
958,เชียงใหม่,แม่แจ่ม,แม่ศึก,กองกาน,เสี่ยงปานกลาง,เสี่ยงปานกลาง,เสี่ยงสูง,เสี่ยงน้อย,เสี่ยงน้อย,2,2,3,1,1,9,1,2,2,⚠️ เฝ้าระวังสูง (เสี่ยงสูง 1 ด้าน)
959,เชียงใหม่,แม่แจ่ม,แม่ศึก,ผาละปิ,เสี่ยงปานกลาง,เสี่ยงสูง,เสี่ยงปานกลาง,เสี่ยงน้อย,เสี่ยงน้อย,2,3,2,1,1,9,1,2,2,⚠️ เฝ้าระวังสูง (เสี่ยงสูง 1 ด้าน)
960,เชียงใหม่,แม่แจ่ม,แม่ศึก,แม่หยอด,เสี่ยงน้อย,เสี่ยงปานกลาง,เสี่ยงปานกลาง,เสี่ยงปานกลาง,เสี่ยงน้อย,1,2,2,2,1,8,0,3,2,🟡 เฝ้าระวังปานกลาง (เสี่ยงกลาง 3+ ด้าน)
961,เชียงใหม่,แม่แจ่ม,แม่ศึก,นาฮ่องใต้,เสี่ยงน้อย,เสี่ยงปานกลาง,เสี่ยงปานกลาง,เสี่ยงน้อย,เสี่ยงน้อย,1,2,2,1,1,7,0,2,3,🟢 เสี่ยงต่ำ/ทั่วไป
962,เชียงใหม่,แม่แจ่ม,แม่ศึก,ปางเกี๊ยะ,เสี่ยงน้อย,เสี่ยงปานกลาง,เสี่ยงปานกลาง,เสี่ยงปานกลาง,เสี่ยงน้อย,1,2,2,2,1,8,0,3,2,🟡 เฝ้าระวังปานกลาง (เสี่ยงกลาง 3+ ด้าน)
963,เชียงใหม่,แม่แจ่ม,แม่ศึก,ห้วยผักกูด,เสี่ยงสูง,เสี่ยงปานกลาง,เสี่ยงปานกลาง,เสี่ยงปานกลาง,เสี่ยงน้อย,3,2,2,2,1,10,1,3,1,⚠️ เฝ้าระวังสูง (เสี่ยงสูง 1 ด้าน)
964,เชียงใหม่,แม่แจ่ม,แม่ศึก,สบแม่สะต๊อบ,เสี่ยงน้อย,เสี่ยงปานกลาง,เสี่ยงปานกลาง,เสี่ยงน้อย,เสี่ยงน้อย,1,2,2,1,1,7,0,2,3,🟢 เสี่ยงต่ำ/ทั่วไป
965,เชียงใหม่,แม่แจ่ม,แม่ศึก,ขุนแม่นาย-แม่ชุมสาม,เสี่ยงน้อย,เสี่ยงปานกลาง,เสี่ยงปานกลาง,เสี่ยงน้อย,เสี่ยงน้อย,1,2,2,1,1,7,0,2,3,🟢 เสี่ยงต่ำ/ทั่วไป
966,เชียงใหม่,แม่แจ่ม,แม่ศึก,โป่งขนุน,เสี่ยงน้อย,เสี่ยงปานกลาง,เสี่ยงปานกลาง,เสี่ยงน้อย,เสี่ยงน้อย,1,2,2,1,1,7,0,2,3,🟢 เสี่ยงต่ำ/ทั่วไป
967,เชียงใหม่,แม่แจ่ม,แม่ศึก,แม่คอง,เสี่ยงปานกลาง,เสี่ยงปานกลาง,เสี่ยงปานกลาง,เสี่ยงน้อย,เสี่ยงน้อย,2,2,2,1,1,8,0,3,2,🟡 เฝ้าระวังปานกลาง (เสี่ยงกลาง 3+ ด้าน)
968,เชียงใหม่,แม่แจ่ม,แม่ศึก,ห้วยขี้เปอะ,เสี่ยงปานกลาง,เสี่ยงปานกลาง,เสี่ยงปานกลาง,เสี่ยงน้อย,เสี่ยงน้อย,2,2,2,1,1,8,0,3,2,🟡 เฝ้าระวังปานกลาง (เสี่ยงกลาง 3+ ด้าน)
969,เชียงใหม่,แม่แตง,กื้ดช้าง,เมืองกื้ด,เสี่ยงปานกลาง,เสี่ยงปานกลาง,เสี่ยงปานกลาง,เสี่ยงน้อย,เสี่ยงปานกลาง,2,2,2,1,2,9,0,4,1,🟡 เฝ้าระวังปานกลาง (เสี่ยงกลาง 3+ ด้าน)
970,เชียงใหม่,แม่แตง,กื้ดช้าง,แม่ตะมาน,เสี่ยงน้อย,เสี่ยงน้อย,เสี่ยงปานกลาง,เสี่ยงน้อย,เสี่ยงปานกลาง,1,1,2,1,2,7,0,2,3,🟢 เสี่ยงต่ำ/ทั่วไป
971,เชียงใหม่,แม่แตง,กื้ดช้าง,สบก๋าย,เสี่ยงน้อย,เสี่ยงปานกลาง,เสี่ยงสูง,เสี่ยงปานกลาง,เสี่ยงปานกลาง,1,2,3,2,2,10,1,3,1,⚠️ เฝ้าระวังสูง (เสี่ยงสูง 1 ด้าน)
972,เชียงใหม่,แม่แตง,กื้ดช้าง,ต้นขาม,เสี่ยงปานกลาง,เสี่ยงน้อย,เสี่ยงปานกลาง,เสี่ยงน้อย,เสี่ยงปานกลาง,2,1,2,1,2,8,0,3,2,🟡 เฝ้าระวังปานกลาง (เสี่ยงกลาง 3+ ด้าน)
973,เชียงใหม่,แม่แตง,กื้ดช้าง,ห้วยน้ำดัง,เสี่ยงน้อย,เสี่ยงน้อย,เสี่ยงน้อย,เสี่ยงปานกลาง,เสี่ยงปานกลาง,1,1,1,2,2,7,0,2,3,🟢 เสี่ยงต่ำ/ทั่วไป
974,เชียงใหม่,แม่แตง,กื้ดช้าง,ทุ่งละคร,เสี่ยงน้อย,เสี่ยงน้อย,เสี่ยงน้อย,เสี่ยงน้อย,เสี่ยงปานกลาง,1,1,1,1,2,6,0,1,4,🟢 เสี่ยงต่ำ/ทั่วไป
975,เชียงใหม่,แม่แตง,กื้ดช้าง,ป่าข้าวหลาม,เสี่ยงน้อย,เสี่ยงปานกลาง,เสี่ยงน้อย,เสี่ยงน้อย,เสี่ยงปานกลาง,1,2,1,1,2,7,0,2,3,🟢 เสี่ยงต่ำ/ทั่วไป
976,เชียงใหม่,แม่แตง,กื้ดช้าง,ผาปู่จอม,เสี่ยงปานกลาง,เสี่ยงปานกลาง,เสี่ยงน้อย,เสี่ยงปานกลาง,เสี่ยงปานกลาง,2,2,1,2,2,9,0,4,1,🟡 เฝ้าระวังปานกลาง (เสี่ยงกลาง 3+ ด้าน)
977,เชียงใหม่,แม่แตง,ขี้เหล็ก,บวกหมื้อ,เสี่ยงน้อย,เสี่ยงปานกลาง,เสี่ยงปานกลาง,เสี่ยงปานกลาง,เสี่ยงน้อย,1,2,2,2,1,8,0,3,2,🟡 เฝ้าระวังปานกลาง (เสี่ยงกลาง 3+ ด้าน)
978,เชียงใหม่,แม่แตง,ขี้เหล็ก,แม่มาลัย,เสี่ยงน้อย,เสี่ยงปานกลาง,เสี่ยงปานกลาง,เสี่ยงปานกลาง,เสี่ยงน้อย,1,2,2,2,1,8,0,3,2,🟡 เฝ้าระวังปานกลาง (เสี่ยงกลาง 3+ ด้าน)
979,เชียงใหม่,แม่แตง,ขี้เหล็ก,ดงป่าลัน,เสี่ยงน้อย,เสี่ยงปานกลาง,เสี่ยงปานกลาง,เสี่ยงปานกลาง,เสี่ยงน้อย,1,2,2,2,1,8,0,3,2,🟡 เฝ้าระวังปานกลาง (เสี่ยงกลาง 3+ ด้าน)
980,เชียงใหม่,แม่แตง,ขี้เหล็ก,หนองโค้ง,เสี่ยงน้อย,เสี่ยงปานกลาง,เสี่ยงน้อย,เสี่ยงปานกลาง,เสี่ยงน้อย,1,2,1,2,1,7,0,2,3,🟢 เสี่ยงต่ำ/ทั่วไป
981,เชียงใหม่,แม่แตง,ขี้เหล็ก,ทรายมูล,เสี่ยงน้อย,เสี่ยงปานกลาง,เสี่ยงน้อย,เสี่ยงปานกลาง,เสี่ยงน้อย,1,2,1,2,1,7,0,2,3,🟢 เสี่ยงต่ำ/ทั่วไป
982,เชียงใหม่,แม่แตง,ขี้เหล็ก,ร่ำเปิง,เสี่ยงน้อย,เสี่ยงปานกลาง,เสี่ยงน้อย,เสี่ยงปานกลาง,เสี่ยงน้อย,1,2,1,2,1,7,0,2,3,🟢 เสี่ยงต่ำ/ทั่วไป
983,เชียงใหม่,แม่แตง,ขี้เหล็ก,แม่ขะจาน,เสี่ยงน้อย,เสี่ยงปานกลาง,เสี่ยงน้อย,เสี่ยงปานกลาง,เสี่ยงน้อย,1,2,1,2,1,7,0,2,3,🟢 เสี่ยงต่ำ/ทั่วไป
984,เชียงใหม่,แม่แตง,ขี้เหล็ก,ปางเปา,เสี่ยงน้อย,เสี่ยงปานกลาง,เสี่ยงน้อย,เสี่ยงปานกลาง,เสี่ยงน้อย,1,2,1,2,1,7,0,2,3,🟢 เสี่ยงต่ำ/ทั่วไป
985,เชียงใหม่,แม่แตง,ขี้เหล็ก,ห้วยไร่,เสี่ยงน้อย,เสี่ยงปานกลาง,เสี่ยงน้อย,เสี่ยงปานกลาง,เสี่ยงน้อย,1,2,1,2,1,7,0,2,3,🟢 เสี่ยงต่ำ/ทั่วไป
986,เชียงใหม่,แม่แตง,ขี้เหล็ก,ทุ่งสีทอง,เสี่ยงน้อย,เสี่ยงปานกลาง,เสี่ยงปานกลาง,เสี่ยงปานกลาง,เสี่ยงน้อย,1,2,2,2,1,8,0,3,2,🟡 เฝ้าระวังปานกลาง (เสี่ยงกลาง 3+ ด้าน)
987,เชียงใหม่,แม่แตง,ขี้เหล็ก,ปงแสงทอง,เสี่ยงน้อย,เสี่ยงปานกลาง,เสี่ยงน้อย,เสี่ยงปานกลาง,เสี่ยงน้อย,1,2,1,2,1,7,0,2,3,🟢 เสี่ยงต่ำ/ทั่วไป
988,เชียงใหม่,แม่แตง,ช่อแล,ช่อแล,เสี่ยงน้อย,เสี่ยงน้อย,เสี่ยงน้อย,เสี่ยงน้อย,เสี่ยงปานกลาง,1,1,1,1,2,6,0,1,4,🟢 เสี่ยงต่ำ/ทั่วไป
989,เชียงใหม่,แม่แตง,ช่อแล,สันป่าสัก,เสี่ยงน้อย,เสี่ยงน้อย,เสี่ยงน้อย,เสี่ยงน้อย,เสี่ยงปานกลาง,1,1,1,1,2,6,0,1,4,🟢 เสี่ยงต่ำ/ทั่วไป
990,เชียงใหม่,แม่แตง,ช่อแล,วังดิน,เสี่ยงน้อย,เสี่ยงน้อย,เสี่ยงน้อย,เสี่ยงน้อย,เสี่ยงปานกลาง,1,1,1,1,2,6,0,1,4,🟢 เสี่ยงต่ำ/ทั่วไป
991,เชียงใหม่,แม่แตง,ช่อแล,ป่าไผ่,เสี่ยงน้อย,เสี่ยงน้อย,เสี่ยงปานกลาง,เสี่ยงน้อย,เสี่ยงปานกลาง,1,1,2,1,2,7,0,2,3,🟢 เสี่ยงต่ำ/ทั่วไป
992,เชียงใหม่,แม่แตง,ช่อแล,ใหม่,เสี่ยงน้อย,เสี่ยงน้อย,เสี่ยงปานกลาง,เสี่ยงน้อย,เสี่ยงปานกลาง,1,1,2,1,2,7,0,2,3,🟢 เสี่ยงต่ำ/ทั่วไป
993,เชียงใหม่,แม่แตง,ช่อแล,หนองบัว,เสี่ยงน้อย,เสี่ยงน้อย,เสี่ยงน้อย,เสี่ยงน้อย,เสี่ยงปานกลาง,1,1,1,1,2,6,0,1,4,🟢 เสี่ยงต่ำ/ทั่วไป
994,เชียงใหม่,แม่แตง,ช่อแล,ชุมชนช่อแล,เสี่ยงน้อย,เสี่ยงน้อย,เสี่ยงน้อย,เสี่ยงน้อย,เสี่ยงปานกลาง,1,1,1,1,2,6,0,1,4,🟢 เสี่ยงต่ำ/ทั่วไป
995,เชียงใหม่,แม่แตง,ช่อแล,ชุมชนสันป่าสัก,เสี่ยงน้อย,เสี่ยงน้อย,เสี่ยงน้อย,เสี่ยงน้อย,เสี่ยงปานกลาง,1,1,1,1,2,6,0,1,4,🟢 เสี่ยงต่ำ/ทั่วไป
996,เชียงใหม่,แม่แตง,ช่อแล,ชุมชนวังดิน,เสี่ยงน้อย,เสี่ยงน้อย,เสี่ยงน้อย,เสี่ยงน้อย,เสี่ยงปานกลาง,1,1,1,1,2,6,0,1,4,🟢 เสี่ยงต่ำ/ทั่วไป
997,เชียงใหม่,แม่แตง,ช่อแล,ชุมชนป่าไผ่,เสี่ยงน้อย,เสี่ยงน้อย,เสี่ยงปานกลาง,เสี่ยงน้อย,เสี่ยงปานกลาง,1,1,2,1,2,7,0,2,3,🟢 เสี่ยงต่ำ/ทั่วไป
998,เชียงใหม่,แม่แตง,ช่อแล,ชุมชนใหม่1,เสี่ยงน้อย,เสี่ยงน้อย,เสี่ยงปานกลาง,เสี่ยงน้อย,เสี่ยงปานกลาง,1,1,2,1,2,7,0,2,3,🟢 เสี่ยงต่ำ/ทั่วไป
999,เชียงใหม่,แม่แตง,ช่อแล,ชุมชนใหม่2,เสี่ยงน้อย,เสี่ยงน้อย,เสี่ยงปานกลาง,เสี่ยงน้อย,เสี่ยงปานกลาง,1,1,2,1,2,7,0,2,3,🟢 เสี่ยงต่ำ/ทั่วไป
1000,เชียงใหม่,แม่แตง,ช่อแล,ชุมชนหนองบัว,เสี่ยงน้อย,เสี่ยงน้อย,เสี่ยงน้อย,เสี่ยงน้อย,เสี่ยงปานกลาง,1,1,1,1,2,6,0,1,4,🟢 เสี่ยงต่ำ/ทั่วไป
1001,เชียงใหม่,แม่แตง,บ้านช้าง,ช้างใน,เสี่ยงน้อย,เสี่ยงน้อย,เสี่ยงน้อย,เสี่ยงน้อย,เสี่ยงน้อย,1,1,1,1,1,5,0,0,5,🟢 เสี่ยงต่ำ/ทั่วไป
1002,เชียงใหม่,แม่แตง,บ้านช้าง,เก๊าะมะค่า,เสี่ยงน้อย,เสี่ยงน้อย,เสี่ยงน้อย,เสี่ยงน้อย,เสี่ยงน้อย,1,1,1,1,1,5,0,0,5,🟢 เสี่ยงต่ำ/ทั่วไป
1003,เชียงใหม่,แม่แตง,บ้านช้าง,ปางไม้แดง,เสี่ยงน้อย,เสี่ยงน้อย,เสี่ยงน้อย,เสี่ยงน้อย,เสี่ยงน้อย,1,1,1,1,1,5,0,0,5,🟢 เสี่ยงต่ำ/ทั่วไป
1004,เชียงใหม่,แม่แตง,บ้านช้าง,ต้นลุง,เสี่ยงน้อย,เสี่ยงน้อย,เสี่ยงน้อย,เสี่ยงน้อย,เสี่ยงน้อย,1,1,1,1,1,5,0,0,5,🟢 เสี่ยงต่ำ/ทั่วไป
1005,เชียงใหม่,แม่แตง,บ้านช้าง,ศรีดงเย็น,เสี่ยงน้อย,เสี่ยงน้อย,เสี่ยงน้อย,เสี่ยงน้อย,เสี่ยงน้อย,1,1,1,1,1,5,0,0,5,🟢 เสี่ยงต่ำ/ทั่วไป
1006,เชียงใหม่,แม่แตง,บ้านเป้า,แม่โจ้,เสี่ยงน้อย,เสี่ยงน้อย,เสี่ยงปานกลาง,เสี่ยงน้อย,เสี่ยงปานกลาง,1,1,2,1,2,7,0,2,3,🟢 เสี่ยงต่ำ/ทั่วไป
1007,เชียงใหม่,แม่แตง,บ้านเป้า,แม่เลิม,เสี่ยงน้อย,เสี่ยงน้อย,เสี่ยงปานกลาง,เสี่ยงน้อย,เสี่ยงปานกลาง,1,1,2,1,2,7,0,2,3,🟢 เสี่ยงต่ำ/ทั่วไป
1008,เชียงใหม่,แม่แตง,บ้านเป้า,สบเลิม,เสี่ยงน้อย,เสี่ยงน้อย,เสี่ยงปานกลาง,เสี่ยงน้อย,เสี่ยงปานกลาง,1,1,2,1,2,7,0,2,3,🟢 เสี่ยงต่ำ/ทั่วไป
1009,เชียงใหม่,แม่แตง,บ้านเป้า,เป้า,เสี่ยงน้อย,เสี่ยงน้อย,เสี่ยงน้อย,เสี่ยงน้อย,เสี่ยงปานกลาง,1,1,1,1,2,6,0,1,4,🟢 เสี่ยงต่ำ/ทั่วไป
1010,เชียงใหม่,แม่แตง,บ้านเป้า,แพะ,เสี่ยงน้อย,เสี่ยงน้อย,เสี่ยงปานกลาง,เสี่ยงน้อย,เสี่ยงปานกลาง,1,1,2,1,2,7,0,2,3,🟢 เสี่ยงต่ำ/ทั่วไป
1011,เชียงใหม่,แม่แตง,บ้านเป้า,ก๊างหงส์,เสี่ยงน้อย,เสี่ยงน้อย,เสี่ยงปานกลาง,เสี่ยงน้อย,เสี่ยงปานกลาง,1,1,2,1,2,7,0,2,3,🟢 เสี่ยงต่ำ/ทั่วไป
1012,เชียงใหม่,แม่แตง,บ้านเป้า,ดง,เสี่ยงน้อย,เสี่ยงน้อย,เสี่ยงน้อย,เสี่ยงน้อย,เสี่ยงปานกลาง,1,1,1,1,2,6,0,1,4,🟢 เสี่ยงต่ำ/ทั่วไป
1013,เชียงใหม่,แม่แตง,ป่าแป๋,ป่ายางหนาด,เสี่ยงปานกลาง,เสี่ยงน้อย,เสี่ยงปานกลาง,เสี่ยงน้อย,เสี่ยงน้อย,2,1,2,1,1,7,0,2,3,🟢 เสี่ยงต่ำ/ทั่วไป
1014,เชียงใหม่,แม่แตง,ป่าแป๋,ปางมะกล้วย,เสี่ยงปานกลาง,เสี่ยงน้อย,เสี่ยงปานกลาง,เสี่ยงปานกลาง,เสี่ยงน้อย,2,1,2,2,1,8,0,3,2,🟡 เฝ้าระวังปานกลาง (เสี่ยงกลาง 3+ ด้าน)
1015,เชียงใหม่,แม่แตง,ป่าแป๋,ผาเด็ง,เสี่ยงปานกลาง,เสี่ยงปานกลาง,เสี่ยงน้อย,เสี่ยงปานกลาง,เสี่ยงน้อย,2,2,1,2,1,8,0,3,2,🟡 เฝ้าระวังปานกลาง (เสี่ยงกลาง 3+ ด้าน)
1016,เชียงใหม่,แม่แตง,ป่าแป๋,ป่าแป๋,เสี่ยงน้อย,เสี่ยงน้อย,เสี่ยงปานกลาง,เสี่ยงน้อย,เสี่ยงน้อย,1,1,2,1,1,6,0,1,4,🟢 เสี่ยงต่ำ/ทั่วไป
1017,เชียงใหม่,แม่แตง,ป่าแป๋,แม่เลา,เสี่ยงปานกลาง,เสี่ยงปานกลาง,เสี่ยงน้อย,เสี่ยงปานกลาง,เสี่ยงน้อย,2,2,1,2,1,8,0,3,2,🟡 เฝ้าระวังปานกลาง (เสี่ยงกลาง 3+ ด้าน)
1018,เชียงใหม่,แม่แตง,ป่าแป๋,ปางลัน,เสี่ยงสูง,เสี่ยงปานกลาง,เสี่ยงน้อย,เสี่ยงน้อย,เสี่ยงน้อย,3,2,1,1,1,8,1,1,3,⚠️ เฝ้าระวังสูง (เสี่ยงสูง 1 ด้าน)
1019,เชียงใหม่,แม่แตง,ป่าแป๋,แม่ไคร้,เสี่ยงน้อย,เสี่ยงน้อย,เสี่ยงน้อย,เสี่ยงน้อย,เสี่ยงน้อย,1,1,1,1,1,5,0,0,5,🟢 เสี่ยงต่ำ/ทั่วไป
1020,เชียงใหม่,แม่แตง,ป่าแป๋,แม่แสะ,เสี่ยงปานกลาง,เสี่ยงน้อย,เสี่ยงน้อย,เสี่ยงปานกลาง,เสี่ยงน้อย,2,1,1,2,1,7,0,2,3,🟢 เสี่ยงต่ำ/ทั่วไป
1021,เชียงใหม่,แม่แตง,ป่าแป๋,แม่แมม,เสี่ยงปานกลาง,เสี่ยงปานกลาง,เสี่ยงปานกลาง,เสี่ยงน้อย,เสี่ยงน้อย,2,2,2,1,1,8,0,3,2,🟡 เฝ้าระวังปานกลาง (เสี่ยงกลาง 3+ ด้าน)
1022,เชียงใหม่,แม่แตง,ป่าแป๋,น้ำแขม,เสี่ยงสูง,เสี่ยงปานกลาง,เสี่ยงน้อย,เสี่ยงน้อย,เสี่ยงน้อย,3,2,1,1,1,8,1,1,3,⚠️ เฝ้าระวังสูง (เสี่ยงสูง 1 ด้าน)
1023,เชียงใหม่,แม่แตง,ป่าแป๋,ท่าผา,เสี่ยงปานกลาง,เสี่ยงปานกลาง,เสี่ยงน้อย,เสี่ยงปานกลาง,เสี่ยงน้อย,2,2,1,2,1,8,0,3,2,🟡 เฝ้าระวังปานกลาง (เสี่ยงกลาง 3+ ด้าน)
1024,เชียงใหม่,แม่แตง,ป่าแป๋,ปางมะโอกิ๋วถ้วย,เสี่ยงน้อย,เสี่ยงน้อย,เสี่ยงปานกลาง,เสี่ยงน้อย,เสี่ยงน้อย,1,1,2,1,1,6,0,1,4,🟢 เสี่ยงต่ำ/ทั่วไป
1025,เชียงใหม่,แม่แตง,ป่าแป๋,ห้วยพระเจ้า,เสี่ยงน้อย,เสี่ยงน้อย,เสี่ยงน้อย,เสี่ยงน้อย,เสี่ยงน้อย,1,1,1,1,1,5,0,0,5,🟢 เสี่ยงต่ำ/ทั่วไป
1026,เชียงใหม่,แม่แตง,เมืองก๋าย,ก๋ายน้อย,เสี่ยงปานกลาง,เสี่ยงน้อย,เสี่ยงน้อย,เสี่ยงปานกลาง,เสี่ยงน้อย,2,1,1,2,1,7,0,2,3,🟢 เสี่ยงต่ำ/ทั่วไป
1027,เชียงใหม่,แม่แตง,เมืองก๋าย,เมืองก๋าย,เสี่ยงน้อย,เสี่ยงน้อย,เสี่ยงน้อย,เสี่ยงน้อย,เสี่ยงน้อย,1,1,1,1,1,5,0,0,5,🟢 เสี่ยงต่ำ/ทั่วไป
1028,เชียงใหม่,แม่แตง,เมืองก๋าย,ออบ,เสี่ยงปานกลาง,เสี่ยงน้อย,เสี่ยงน้อย,เสี่ยงน้อย,เสี่ยงน้อย,2,1,1,1,1,6,0,1,4,🟢 เสี่ยงต่ำ/ทั่วไป
1029,เชียงใหม่,แม่แตง,เมืองก๋าย,เหล่า,เสี่ยงปานกลาง,เสี่ยงน้อย,เสี่ยงน้อย,เสี่ยงน้อย,เสี่ยงน้อย,2,1,1,1,1,6,0,1,4,🟢 เสี่ยงต่ำ/ทั่วไป
1030,เชียงใหม่,แม่แตง,เมืองก๋าย,ม่อนเงาะ,เสี่ยงปานกลาง,เสี่ยงน้อย,เสี่ยงน้อย,เสี่ยงปานกลาง,เสี่ยงน้อย,2,1,1,2,1,7,0,2,3,🟢 เสี่ยงต่ำ/ทั่วไป
1031,เชียงใหม่,แม่แตง,แม่แตง,ทุ่งหลวง,เสี่ยงปานกลาง,เสี่ยงปานกลาง,เสี่ยงน้อย,เสี่ยงน้อย,เสี่ยงปานกลาง,2,2,1,1,2,8,0,3,2,🟡 เฝ้าระวังปานกลาง (เสี่ยงกลาง 3+ ด้าน)
1032,เชียงใหม่,แม่แตง,แม่แตง,หัวป่าห้า,เสี่ยงปานกลาง,เสี่ยงปานกลาง,เสี่ยงปานกลาง,เสี่ยงน้อย,เสี่ยงปานกลาง,2,2,2,1,2,9,0,4,1,🟡 เฝ้าระวังปานกลาง (เสี่ยงกลาง 3+ ด้าน)
1033,เชียงใหม่,แม่แตง,แม่แตง,แม่กะ,เสี่ยงปานกลาง,เสี่ยงปานกลาง,เสี่ยงปานกลาง,เสี่ยงน้อย,เสี่ยงปานกลาง,2,2,2,1,2,9,0,4,1,🟡 เฝ้าระวังปานกลาง (เสี่ยงกลาง 3+ ด้าน)
1034,เชียงใหม่,แม่แตง,แม่แตง,ม่วงชุม,เสี่ยงปานกลาง,เสี่ยงปานกลาง,เสี่ยงปานกลาง,เสี่ยงน้อย,เสี่ยงปานกลาง,2,2,2,1,2,9,0,4,1,🟡 เฝ้าระวังปานกลาง (เสี่ยงกลาง 3+ ด้าน)
1035,เชียงใหม่,แม่แตง,แม่แตง,ตีนธาตุ,เสี่ยงปานกลาง,เสี่ยงปานกลาง,เสี่ยงปานกลาง,เสี่ยงปานกลาง,เสี่ยงปานกลาง,2,2,2,2,2,10,0,5,0,🟡 เฝ้าระวังปานกลาง (เสี่ยงกลาง 3+ ด้าน)
1036,เชียงใหม่,แม่แตง,แม่แตง,สันปูเลย,เสี่ยงปานกลาง,เสี่ยงปานกลาง,เสี่ยงน้อย,เสี่ยงน้อย,เสี่ยงปานกลาง,2,2,1,1,2,8,0,3,2,🟡 เฝ้าระวังปานกลาง (เสี่ยงกลาง 3+ ด้าน)
1037,เชียงใหม่,แม่แตง,แม่แตง,หนองบัว,เสี่ยงปานกลาง,เสี่ยงปานกลาง,เสี่ยงน้อย,เสี่ยงน้อย,เสี่ยงปานกลาง,2,2,1,1,2,8,0,3,2,🟡 เฝ้าระวังปานกลาง (เสี่ยงกลาง 3+ ด้าน)
1038,เชียงใหม่,แม่แตง,แม่แตง,ห้วยชมพู,เสี่ยงปานกลาง,เสี่ยงปานกลาง,เสี่ยงน้อย,เสี่ยงปานกลาง,เสี่ยงปานกลาง,2,2,1,2,2,9,0,4,1,🟡 เฝ้าระวังปานกลาง (เสี่ยงกลาง 3+ ด้าน)
1039,เชียงใหม่,แม่แตง,แม่หอพระ,ป่าเลา,เสี่ยงน้อย,เสี่ยงปานกลาง,เสี่ยงน้อย,เสี่ยงปานกลาง,เสี่ยงน้อย,1,2,1,2,1,7,0,2,3,🟢 เสี่ยงต่ำ/ทั่วไป
1040,เชียงใหม่,แม่แตง,แม่หอพระ,หัวฝาย,เสี่ยงน้อย,เสี่ยงปานกลาง,เสี่ยงปานกลาง,เสี่ยงน้อย,เสี่ยงน้อย,1,2,2,1,1,7,0,2,3,🟢 เสี่ยงต่ำ/ทั่วไป
1041,เชียงใหม่,แม่แตง,แม่หอพระ,ผึ้ง,เสี่ยงน้อย,เสี่ยงปานกลาง,เสี่ยงน้อย,เสี่ยงปานกลาง,เสี่ยงน้อย,1,2,1,2,1,7,0,2,3,🟢 เสี่ยงต่ำ/ทั่วไป
1042,เชียงใหม่,แม่แตง,แม่หอพระ,กาด,เสี่ยงน้อย,เสี่ยงปานกลาง,เสี่ยงปานกลาง,เสี่ยงปานกลาง,เสี่ยงน้อย,1,2,2,2,1,8,0,3,2,🟡 เฝ้าระวังปานกลาง (เสี่ยงกลาง 3+ ด้าน)
1043,เชียงใหม่,แม่แตง,แม่หอพระ,แม่หอพระ,เสี่ยงน้อย,เสี่ยงน้อย,เสี่ยงน้อย,เสี่ยงน้อย,เสี่ยงน้อย,1,1,1,1,1,5,0,0,5,🟢 เสี่ยงต่ำ/ทั่วไป
1044,เชียงใหม่,แม่แตง,แม่หอพระ,นาป้าก,เสี่ยงน้อย,เสี่ยงน้อย,เสี่ยงปานกลาง,เสี่ยงน้อย,เสี่ยงน้อย,1,1,2,1,1,6,0,1,4,🟢 เสี่ยงต่ำ/ทั่วไป
1045,เชียงใหม่,แม่แตง,แม่หอพระ,นาเม็ง,เสี่ยงน้อย,เสี่ยงปานกลาง,เสี่ยงน้อย,เสี่ยงปานกลาง,เสี่ยงน้อย,1,2,1,2,1,7,0,2,3,🟢 เสี่ยงต่ำ/ทั่วไป
1046,เชียงใหม่,แม่แตง,แม่หอพระ,สวนป่า,เสี่ยงน้อย,เสี่ยงน้อย,เสี่ยงน้อย,เสี่ยงน้อย,เสี่ยงน้อย,1,1,1,1,1,5,0,0,5,🟢 เสี่ยงต่ำ/ทั่วไป
1047,เชียงใหม่,แม่แตง,แม่หอพระ,ภูดิน,เสี่ยงน้อย,เสี่ยงปานกลาง,เสี่ยงน้อย,เสี่ยงปานกลาง,เสี่ยงน้อย,1,2,1,2,1,7,0,2,3,🟢 เสี่ยงต่ำ/ทั่วไป
1048,เชียงใหม่,แม่แตง,สบเปิง,ปางฮ่าง,เสี่ยงน้อย,เสี่ยงน้อย,เสี่ยงน้อย,เสี่ยงน้อย,เสี่ยงน้อย,1,1,1,1,1,5,0,0,5,🟢 เสี่ยงต่ำ/ทั่วไป
1049,เชียงใหม่,แม่แตง,สบเปิง,ปางม่วง,เสี่ยงน้อย,เสี่ยงน้อย,เสี่ยงน้อย,เสี่ยงปานกลาง,เสี่ยงน้อย,1,1,1,2,1,6,0,1,4,🟢 เสี่ยงต่ำ/ทั่วไป
1050,เชียงใหม่,แม่แตง,สบเปิง,สบเปิง,เสี่ยงน้อย,เสี่ยงน้อย,เสี่ยงน้อย,เสี่ยงน้อย,เสี่ยงน้อย,1,1,1,1,1,5,0,0,5,🟢 เสี่ยงต่ำ/ทั่วไป
1051,เชียงใหม่,แม่แตง,สบเปิง,ต้นงุ้น,เสี่ยงน้อย,เสี่ยงปานกลาง,เสี่ยงน้อย,เสี่ยงปานกลาง,เสี่ยงน้อย,1,2,1,2,1,7,0,2,3,🟢 เสี่ยงต่ำ/ทั่วไป
1052,เชียงใหม่,แม่แตง,สบเปิง,ไร่,เสี่ยงน้อย,เสี่ยงปานกลาง,เสี่ยงน้อย,เสี่ยงปานกลาง,เสี่ยงน้อย,1,2,1,2,1,7,0,2,3,🟢 เสี่ยงต่ำ/ทั่วไป
1053,เชียงใหม่,แม่แตง,สบเปิง,ท่าข้าม,เสี่ยงสูง,เสี่ยงปานกลาง,เสี่ยงน้อย,เสี่ยงน้อย,เสี่ยงน้อย,3,2,1,1,1,8,1,1,3,⚠️ เฝ้าระวังสูง (เสี่ยงสูง 1 ด้าน)
1054,เชียงใหม่,แม่แตง,สบเปิง,ต้นลาน,เสี่ยงน้อย,เสี่ยงน้อย,เสี่ยงน้อย,เสี่ยงน้อย,เสี่ยงน้อย,1,1,1,1,1,5,0,0,5,🟢 เสี่ยงต่ำ/ทั่วไป
1055,เชียงใหม่,แม่แตง,สบเปิง,ดอนเจียง,เสี่ยงน้อย,เสี่ยงปานกลาง,เสี่ยงน้อย,เสี่ยงน้อย,เสี่ยงน้อย,1,2,1,1,1,6,0,1,4,🟢 เสี่ยงต่ำ/ทั่วไป
1056,เชียงใหม่,แม่แตง,สบเปิง,หนองบัวหลวง,เสี่ยงน้อย,เสี่ยงน้อย,เสี่ยงน้อย,เสี่ยงน้อย,เสี่ยงน้อย,1,1,1,1,1,5,0,0,5,🟢 เสี่ยงต่ำ/ทั่วไป
1057,เชียงใหม่,แม่แตง,สบเปิง,แม่หลอด,เสี่ยงปานกลาง,เสี่ยงปานกลาง,เสี่ยงน้อย,เสี่ยงน้อย,เสี่ยงน้อย,2,2,1,1,1,7,0,2,3,🟢 เสี่ยงต่ำ/ทั่วไป
1058,เชียงใหม่,แม่แตง,สบเปิง,ผาหมอน,เสี่ยงน้อย,เสี่ยงปานกลาง,เสี่ยงน้อย,เสี่ยงน้อย,เสี่ยงน้อย,1,2,1,1,1,6,0,1,4,🟢 เสี่ยงต่ำ/ทั่วไป
1059,เชียงใหม่,แม่แตง,สบเปิง,ร้อง,เสี่ยงน้อย,เสี่ยงน้อย,เสี่ยงน้อย,เสี่ยงน้อย,เสี่ยงน้อย,1,1,1,1,1,5,0,0,5,🟢 เสี่ยงต่ำ/ทั่วไป
1060,เชียงใหม่,แม่แตง,สบเปิง,สหกรณ์ทุ่งใหญ่,เสี่ยงน้อย,เสี่ยงน้อย,เสี่ยงน้อย,เสี่ยงน้อย,เสี่ยงน้อย,1,1,1,1,1,5,0,0,5,🟢 เสี่ยงต่ำ/ทั่วไป
1061,เชียงใหม่,แม่แตง,สันป่ายาง,หนองบัว,เสี่ยงปานกลาง,เสี่ยงปานกลาง,เสี่ยงน้อย,เสี่ยงน้อย,เสี่ยงสูง,2,2,1,1,3,9,1,2,2,⚠️ เฝ้าระวังสูง (เสี่ยงสูง 1 ด้าน)
1062,เชียงใหม่,แม่แตง,สันป่ายาง,สันป่ายาง,เสี่ยงปานกลาง,เสี่ยงน้อย,เสี่ยงปานกลาง,เสี่ยงน้อย,เสี่ยงสูง,2,1,2,1,3,9,1,2,2,⚠️ เฝ้าระวังสูง (เสี่ยงสูง 1 ด้าน)
1063,เชียงใหม่,แม่แตง,สันป่ายาง,สันป่าตึง,เสี่ยงปานกลาง,เสี่ยงปานกลาง,เสี่ยงน้อย,เสี่ยงน้อย,เสี่ยงสูง,2,2,1,1,3,9,1,2,2,⚠️ เฝ้าระวังสูง (เสี่ยงสูง 1 ด้าน)
1064,เชียงใหม่,แม่แตง,สันป่ายาง,หนองก๋าย,เสี่ยงปานกลาง,เสี่ยงปานกลาง,เสี่ยงปานกลาง,เสี่ยงน้อย,เสี่ยงสูง,2,2,2,1,3,10,1,3,1,⚠️ เฝ้าระวังสูง (เสี่ยงสูง 1 ด้าน)
1065,เชียงใหม่,แม่แตง,สันป่ายาง,เอียก,เสี่ยงปานกลาง,เสี่ยงปานกลาง,เสี่ยงน้อย,เสี่ยงน้อย,เสี่ยงสูง,2,2,1,1,3,9,1,2,2,⚠️ เฝ้าระวังสูง (เสี่ยงสูง 1 ด้าน)
1066,เชียงใหม่,แม่แตง,สันป่ายาง,ผาแด่น,เสี่ยงปานกลาง,เสี่ยงปานกลาง,เสี่ยงน้อย,เสี่ยงน้อย,เสี่ยงสูง,2,2,1,1,3,9,1,2,2,⚠️ เฝ้าระวังสูง (เสี่ยงสูง 1 ด้าน)
1067,เชียงใหม่,แม่แตง,สันมหาพน,ป่าบง,เสี่ยงน้อย,เสี่ยงน้อย,เสี่ยงปานกลาง,เสี่ยงน้อย,เสี่ยงน้อย,1,1,2,1,1,6,0,1,4,🟢 เสี่ยงต่ำ/ทั่วไป
1068,เชียงใหม่,แม่แตง,สันมหาพน,ป่าเส้า,เสี่ยงน้อย,เสี่ยงน้อย,เสี่ยงปานกลาง,เสี่ยงน้อย,เสี่ยงน้อย,1,1,2,1,1,6,0,1,4,🟢 เสี่ยงต่ำ/ทั่วไป
1069,เชียงใหม่,แม่แตง,สันมหาพน,สันมหาพน,เสี่ยงน้อย,เสี่ยงน้อย,เสี่ยงปานกลาง,เสี่ยงน้อย,เสี่ยงน้อย,1,1,2,1,1,6,0,1,4,🟢 เสี่ยงต่ำ/ทั่วไป
1070,เชียงใหม่,แม่แตง,สันมหาพน,ป่าจี้,เสี่ยงน้อย,เสี่ยงปานกลาง,เสี่ยงปานกลาง,เสี่ยงน้อย,เสี่ยงน้อย,1,2,2,1,1,7,0,2,3,🟢 เสี่ยงต่ำ/ทั่วไป
1071,เชียงใหม่,แม่แตง,สันมหาพน,หนองหล่ม,เสี่ยงน้อย,เสี่ยงน้อย,เสี่ยงปานกลาง,เสี่ยงน้อย,เสี่ยงน้อย,1,1,2,1,1,6,0,1,4,🟢 เสี่ยงต่ำ/ทั่วไป
1072,เชียงใหม่,แม่แตง,สันมหาพน,หนองกอก,เสี่ยงน้อย,เสี่ยงน้อย,เสี่ยงน้อย,เสี่ยงน้อย,เสี่ยงน้อย,1,1,1,1,1,5,0,0,5,🟢 เสี่ยงต่ำ/ทั่วไป
1073,เชียงใหม่,แม่แตง,สันมหาพน,ปากทาง,เสี่ยงน้อย,เสี่ยงน้อย,เสี่ยงน้อย,เสี่ยงน้อย,เสี่ยงน้อย,1,1,1,1,1,5,0,0,5,🟢 เสี่ยงต่ำ/ทั่วไป
1074,เชียงใหม่,แม่แตง,สันมหาพน,แพะพัฒนา,เสี่ยงน้อย,เสี่ยงน้อย,เสี่ยงน้อย,เสี่ยงน้อย,เสี่ยงน้อย,1,1,1,1,1,5,0,0,5,🟢 เสี่ยงต่ำ/ทั่วไป
1075,เชียงใหม่,แม่แตง,สันมหาพน,สหกรณ์,เสี่ยงน้อย,เสี่ยงน้อย,เสี่ยงน้อย,เสี่ยงน้อย,เสี่ยงน้อย,1,1,1,1,1,5,0,0,5,🟢 เสี่ยงต่ำ/ทั่วไป
1076,เชียงใหม่,แม่แตง,สันมหาพน,ห้วยฮ่าง,เสี่ยงน้อย,เสี่ยงปานกลาง,เสี่ยงน้อย,เสี่ยงน้อย,เสี่ยงน้อย,1,2,1,1,1,6,0,1,4,🟢 เสี่ยงต่ำ/ทั่วไป
1077,เชียงใหม่,แม่แตง,อินทขิล,ป่าจี้,เสี่ยงน้อย,เสี่ยงน้อย,เสี่ยงน้อย,เสี่ยงน้อย,เสี่ยงน้อย,1,1,1,1,1,5,0,0,5,🟢 เสี่ยงต่ำ/ทั่วไป
1078,เชียงใหม่,แม่แตง,อินทขิล,วังแดง,เสี่ยงน้อย,เสี่ยงน้อย,เสี่ยงน้อย,เสี่ยงน้อย,เสี่ยงน้อย,1,1,1,1,1,5,0,0,5,🟢 เสี่ยงต่ำ/ทั่วไป
1079,เชียงใหม่,แม่แตง,อินทขิล,หัวดง,เสี่ยงน้อย,เสี่ยงน้อย,เสี่ยงน้อย,เสี่ยงน้อย,เสี่ยงน้อย,1,1,1,1,1,5,0,0,5,🟢 เสี่ยงต่ำ/ทั่วไป
1080,เชียงใหม่,แม่แตง,อินทขิล,ม่วงคำ,เสี่ยงน้อย,เสี่ยงน้อย,เสี่ยงน้อย,เสี่ยงน้อย,เสี่ยงน้อย,1,1,1,1,1,5,0,0,5,🟢 เสี่ยงต่ำ/ทั่วไป
1081,เชียงใหม่,แม่แตง,อินทขิล,ท่าต้นปุย,เสี่ยงน้อย,เสี่ยงน้อย,เสี่ยงน้อย,เสี่ยงน้อย,เสี่ยงน้อย,1,1,1,1,1,5,0,0,5,🟢 เสี่ยงต่ำ/ทั่วไป
1082,เชียงใหม่,แม่แตง,อินทขิล,หางดง,เสี่ยงน้อย,เสี่ยงน้อย,เสี่ยงน้อย,เสี่ยงน้อย,เสี่ยงน้อย,1,1,1,1,1,5,0,0,5,🟢 เสี่ยงต่ำ/ทั่วไป
1083,เชียงใหม่,แม่แตง,อินทขิล,ปง,เสี่ยงน้อย,เสี่ยงน้อย,เสี่ยงน้อย,เสี่ยงน้อย,เสี่ยงน้อย,1,1,1,1,1,5,0,0,5,🟢 เสี่ยงต่ำ/ทั่วไป
1084,เชียงใหม่,แม่แตง,อินทขิล,เด่น,เสี่ยงน้อย,เสี่ยงน้อย,เสี่ยงน้อย,เสี่ยงน้อย,เสี่ยงน้อย,1,1,1,1,1,5,0,0,5,🟢 เสี่ยงต่ำ/ทั่วไป
1085,เชียงใหม่,แม่แตง,อินทขิล,ทับเดื่อ,เสี่ยงน้อย,เสี่ยงปานกลาง,เสี่ยงน้อย,เสี่ยงน้อย,เสี่ยงน้อย,1,2,1,1,1,6,0,1,4,🟢 เสี่ยงต่ำ/ทั่วไป
1086,เชียงใหม่,แม่แตง,อินทขิล,หนองออน,เสี่ยงน้อย,เสี่ยงน้อย,เสี่ยงน้อย,เสี่ยงน้อย,เสี่ยงน้อย,1,1,1,1,1,5,0,0,5,🟢 เสี่ยงต่ำ/ทั่วไป
1087,เชียงใหม่,แม่แตง,อินทขิล,สันป่าตอง,เสี่ยงน้อย,เสี่ยงน้อย,เสี่ยงน้อย,เสี่ยงน้อย,เสี่ยงน้อย,1,1,1,1,1,5,0,0,5,🟢 เสี่ยงต่ำ/ทั่วไป
1088,เชียงใหม่,แม่แตง,อินทขิล,ปางหก,เสี่ยงน้อย,เสี่ยงน้อย,เสี่ยงน้อย,เสี่ยงน้อย,เสี่ยงน้อย,1,1,1,1,1,5,0,0,5,🟢 เสี่ยงต่ำ/ทั่วไป
1089,เชียงใหม่,แม่แตง,อินทขิล,ปางกว้าง,เสี่ยงน้อย,เสี่ยงน้อย,เสี่ยงน้อย,เสี่ยงน้อย,เสี่ยงน้อย,1,1,1,1,1,5,0,0,5,🟢 เสี่ยงต่ำ/ทั่วไป
1090,เชียงใหม่,แม่แตง,อินทขิล,แม่ทะลาย,เสี่ยงน้อย,เสี่ยงน้อย,เสี่ยงน้อย,เสี่ยงปานกลาง,เสี่ยงน้อย,1,1,1,2,1,6,0,1,4,🟢 เสี่ยงต่ำ/ทั่วไป
1091,เชียงใหม่,แม่แตง,อินทขิล,เวียงด้ง,เสี่ยงน้อย,เสี่ยงน้อย,เสี่ยงน้อย,เสี่ยงน้อย,เสี่ยงน้อย,1,1,1,1,1,5,0,0,5,🟢 เสี่ยงต่ำ/ทั่วไป
1092,เชียงใหม่,แม่แตง,อินทขิล,ปางกื้ด,เสี่ยงน้อย,เสี่ยงน้อย,เสี่ยงน้อย,เสี่ยงน้อย,เสี่ยงน้อย,1,1,1,1,1,5,0,0,5,🟢 เสี่ยงต่ำ/ทั่วไป
1093,เชียงใหม่,แม่แตง,อินทขิล,มืดกา,เสี่ยงน้อย,เสี่ยงปานกลาง,เสี่ยงน้อย,เสี่ยงน้อย,เสี่ยงน้อย,1,2,1,1,1,6,0,1,4,🟢 เสี่ยงต่ำ/ทั่วไป
1094,เชียงใหม่,แม่แตง,อินทขิล,หนองผึ้ง,เสี่ยงน้อย,เสี่ยงน้อย,เสี่ยงน้อย,เสี่ยงน้อย,เสี่ยงน้อย,1,1,1,1,1,5,0,0,5,🟢 เสี่ยงต่ำ/ทั่วไป
1095,เชียงใหม่,แม่แตง,อินทขิล,ห้วยฝักดาบ,เสี่ยงน้อย,เสี่ยงน้อย,เสี่ยงน้อย,เสี่ยงน้อย,เสี่ยงน้อย,1,1,1,1,1,5,0,0,5,🟢 เสี่ยงต่ำ/ทั่วไป
1096,เชียงใหม่,แม่แตง,อินทขิล,ชุมชนหางดง1,เสี่ยงน้อย,เสี่ยงน้อย,เสี่ยงน้อย,เสี่ยงน้อย,เสี่ยงน้อย,1,1,1,1,1,5,0,0,5,🟢 เสี่ยงต่ำ/ทั่วไป
1097,เชียงใหม่,แม่แตง,อินทขิล,ชุมชนหางดง2,เสี่ยงน้อย,เสี่ยงน้อย,เสี่ยงน้อย,เสี่ยงน้อย,เสี่ยงน้อย,1,1,1,1,1,5,0,0,5,🟢 เสี่ยงต่ำ/ทั่วไป
1098,เชียงใหม่,แม่แตง,อินทขิล,ชุมชนปง1,เสี่ยงน้อย,เสี่ยงน้อย,เสี่ยงน้อย,เสี่ยงน้อย,เสี่ยงน้อย,1,1,1,1,1,5,0,0,5,🟢 เสี่ยงต่ำ/ทั่วไป
1099,เชียงใหม่,แม่แตง,อินทขิล,ชุมชนปง2,เสี่ยงน้อย,เสี่ยงน้อย,เสี่ยงน้อย,เสี่ยงน้อย,เสี่ยงน้อย,1,1,1,1,1,5,0,0,5,🟢 เสี่ยงต่ำ/ทั่วไป
1100,เชียงใหม่,แม่แตง,อินทขิล,ชุมชนปง3,เสี่ยงน้อย,เสี่ยงน้อย,เสี่ยงน้อย,เสี่ยงน้อย,เสี่ยงน้อย,1,1,1,1,1,5,0,0,5,🟢 เสี่ยงต่ำ/ทั่วไป
1101,เชียงใหม่,แม่แตง,อินทขิล,ชุมชนเด่น1,เสี่ยงน้อย,เสี่ยงน้อย,เสี่ยงน้อย,เสี่ยงน้อย,เสี่ยงน้อย,1,1,1,1,1,5,0,0,5,🟢 เสี่ยงต่ำ/ทั่วไป
1102,เชียงใหม่,แม่แตง,อินทขิล,ชุมชนเด่น2,เสี่ยงน้อย,เสี่ยงน้อย,เสี่ยงน้อย,เสี่ยงน้อย,เสี่ยงน้อย,1,1,1,1,1,5,0,0,5,🟢 เสี่ยงต่ำ/ทั่วไป
1103,เชียงใหม่,แม่แตง,อินทขิล,ชุมชนหนองรวมใจ,เสี่ยงน้อย,เสี่ยงน้อย,เสี่ยงปานกลาง,เสี่ยงน้อย,เสี่ยงน้อย,1,1,2,1,1,6,0,1,4,🟢 เสี่ยงต่ำ/ทั่วไป
1104,เชียงใหม่,แม่แตง,อินทขิล,ชุมชนสันป่าตองอินทขิล,เสี่ยงน้อย,เสี่ยงน้อย,เสี่ยงน้อย,เสี่ยงน้อย,เสี่ยงน้อย,1,1,1,1,1,5,0,0,5,🟢 เสี่ยงต่ำ/ทั่วไป
1105,เชียงใหม่,แม่แตง,อินทขิล,ชุมชนป่าจี้1,เสี่ยงน้อย,เสี่ยงน้อย,เสี่ยงน้อย,เสี่ยงน้อย,เสี่ยงน้อย,1,1,1,1,1,5,0,0,5,🟢 เสี่ยงต่ำ/ทั่วไป
1106,เชียงใหม่,แม่แตง,อินทขิล,ชุมชนป่าจี้2,เสี่ยงน้อย,เสี่ยงน้อย,เสี่ยงน้อย,เสี่ยงน้อย,เสี่ยงน้อย,1,1,1,1,1,5,0,0,5,🟢 เสี่ยงต่ำ/ทั่วไป
1107,เชียงใหม่,แม่แตง,อินทขิล,ชุมชนวังแดง1,เสี่ยงน้อย,เสี่ยงน้อย,เสี่ยงน้อย,เสี่ยงน้อย,เสี่ยงน้อย,1,1,1,1,1,5,0,0,5,🟢 เสี่ยงต่ำ/ทั่วไป
1108,เชียงใหม่,แม่แตง,อินทขิล,ชุมชนวังแดง2,เสี่ยงน้อย,เสี่ยงน้อย,เสี่ยงน้อย,เสี่ยงน้อย,เสี่ยงน้อย,1,1,1,1,1,5,0,0,5,🟢 เสี่ยงต่ำ/ทั่วไป
1109,เชียงใหม่,แม่แตง,อินทขิล,ชุมชนหัวดง,เสี่ยงน้อย,เสี่ยงน้อย,เสี่ยงน้อย,เสี่ยงน้อย,เสี่ยงน้อย,1,1,1,1,1,5,0,0,5,🟢 เสี่ยงต่ำ/ทั่วไป
1110,เชียงใหม่,แม่แตง,อินทขิล,ชุมชนม่วงคำ1,เสี่ยงน้อย,เสี่ยงน้อย,เสี่ยงน้อย,เสี่ยงน้อย,เสี่ยงน้อย,1,1,1,1,1,5,0,0,5,🟢 เสี่ยงต่ำ/ทั่วไป
1111,เชียงใหม่,แม่แตง,อินทขิล,ชุมชนม่วงคำ2,เสี่ยงน้อย,เสี่ยงน้อย,เสี่ยงน้อย,เสี่ยงน้อย,เสี่ยงน้อย,1,1,1,1,1,5,0,0,5,🟢 เสี่ยงต่ำ/ทั่วไป
1112,เชียงใหม่,แม่แตง,อินทขิล,ชุมชนท่าต้นปุย,เสี่ยงน้อย,เสี่ยงน้อย,เสี่ยงน้อย,เสี่ยงน้อย,เสี่ยงน้อย,1,1,1,1,1,5,0,0,5,🟢 เสี่ยงต่ำ/ทั่วไป
1113,เชียงใหม่,แม่แตง,อินทขิล,ชุมชนหนองออน1,เสี่ยงน้อย,เสี่ยงน้อย,เสี่ยงปานกลาง,เสี่ยงน้อย,เสี่ยงน้อย,1,1,2,1,1,6,0,1,4,🟢 เสี่ยงต่ำ/ทั่วไป
1114,เชียงใหม่,แม่แตง,อินทขิล,ชุมชนหนองออน2,เสี่ยงน้อย,เสี่ยงน้อย,เสี่ยงปานกลาง,เสี่ยงน้อย,เสี่ยงน้อย,1,1,2,1,1,6,0,1,4,🟢 เสี่ยงต่ำ/ทั่วไป
1115,เชียงใหม่,แม่แตง,อินทขิล,ชุมชนหนองออน3,เสี่ยงน้อย,เสี่ยงน้อย,เสี่ยงน้อย,เสี่ยงน้อย,เสี่ยงน้อย,1,1,1,1,1,5,0,0,5,🟢 เสี่ยงต่ำ/ทั่วไป
1116,เชียงใหม่,แม่ริม,ขี้เหล็ก,ขี้เหล็กน้อย,เสี่ยงน้อย,เสี่ยงน้อย,เสี่ยงปานกลาง,เสี่ยงปานกลาง,เสี่ยงน้อย,1,1,2,2,1,7,0,2,3,🟢 เสี่ยงต่ำ/ทั่วไป
1117,เชียงใหม่,แม่ริม,ขี้เหล็ก,สันคะยอม,เสี่ยงน้อย,เสี่ยงน้อย,เสี่ยงน้อย,เสี่ยงปานกลาง,เสี่ยงน้อย,1,1,1,2,1,6,0,1,4,🟢 เสี่ยงต่ำ/ทั่วไป
1118,เชียงใหม่,แม่ริม,ขี้เหล็ก,ห้วยน้ำริน,เสี่ยงน้อย,เสี่ยงน้อย,เสี่ยงน้อย,เสี่ยงปานกลาง,เสี่ยงน้อย,1,1,1,2,1,6,0,1,4,🟢 เสี่ยงต่ำ/ทั่วไป
1119,เชียงใหม่,แม่ริม,ขี้เหล็ก,ซาง,เสี่ยงปานกลาง,เสี่ยงน้อย,เสี่ยงน้อย,เสี่ยงปานกลาง,เสี่ยงน้อย,2,1,1,2,1,7,0,2,3,🟢 เสี่ยงต่ำ/ทั่วไป
1120,เชียงใหม่,แม่ริม,ขี้เหล็ก,ต้นขาม,เสี่ยงน้อย,เสี่ยงน้อย,เสี่ยงน้อย,เสี่ยงปานกลาง,เสี่ยงน้อย,1,1,1,2,1,6,0,1,4,🟢 เสี่ยงต่ำ/ทั่วไป
1121,เชียงใหม่,แม่ริม,ขี้เหล็ก,ขี้เหล็กหลวง,เสี่ยงน้อย,เสี่ยงน้อย,เสี่ยงน้อย,เสี่ยงปานกลาง,เสี่ยงน้อย,1,1,1,2,1,6,0,1,4,🟢 เสี่ยงต่ำ/ทั่วไป
1122,เชียงใหม่,แม่ริม,ขี้เหล็ก,ป่าแง,เสี่ยงน้อย,เสี่ยงน้อย,เสี่ยงน้อย,เสี่ยงปานกลาง,เสี่ยงน้อย,1,1,1,2,1,6,0,1,4,🟢 เสี่ยงต่ำ/ทั่วไป
1123,เชียงใหม่,แม่ริม,ขี้เหล็ก,พนาวัลย์,เสี่ยงปานกลาง,เสี่ยงน้อย,เสี่ยงน้อย,เสี่ยงปานกลาง,เสี่ยงน้อย,2,1,1,2,1,7,0,2,3,🟢 เสี่ยงต่ำ/ทั่วไป
1124,เชียงใหม่,แม่ริม,ดอนแก้ว,บ่อปุ๊,เสี่ยงน้อย,เสี่ยงน้อย,เสี่ยงปานกลาง,เสี่ยงน้อย,เสี่ยงน้อย,1,1,2,1,1,6,0,1,4,🟢 เสี่ยงต่ำ/ทั่วไป
1125,เชียงใหม่,แม่ริม,ดอนแก้ว,ดอนแก้ว,เสี่ยงน้อย,เสี่ยงน้อย,เสี่ยงปานกลาง,เสี่ยงน้อย,เสี่ยงน้อย,1,1,2,1,1,6,0,1,4,🟢 เสี่ยงต่ำ/ทั่วไป
1126,เชียงใหม่,แม่ริม,ดอนแก้ว,ศาลา,เสี่ยงน้อย,เสี่ยงน้อย,เสี่ยงปานกลาง,เสี่ยงน้อย,เสี่ยงน้อย,1,1,2,1,1,6,0,1,4,🟢 เสี่ยงต่ำ/ทั่วไป
1127,เชียงใหม่,แม่ริม,ดอนแก้ว,ป่าแงะ,เสี่ยงน้อย,เสี่ยงปานกลาง,เสี่ยงปานกลาง,เสี่ยงน้อย,เสี่ยงน้อย,1,2,2,1,1,7,0,2,3,🟢 เสี่ยงต่ำ/ทั่วไป
1128,เชียงใหม่,แม่ริม,ดอนแก้ว,พระนอน,เสี่ยงน้อย,เสี่ยงน้อย,เสี่ยงปานกลาง,เสี่ยงน้อย,เสี่ยงน้อย,1,1,2,1,1,6,0,1,4,🟢 เสี่ยงต่ำ/ทั่วไป
1129,เชียงใหม่,แม่ริม,ดอนแก้ว,ป่ารวก,เสี่ยงน้อย,เสี่ยงน้อย,เสี่ยงปานกลาง,เสี่ยงน้อย,เสี่ยงน้อย,1,1,2,1,1,6,0,1,4,🟢 เสี่ยงต่ำ/ทั่วไป
1130,เชียงใหม่,แม่ริม,ดอนแก้ว,สันเหมือง,เสี่ยงน้อย,เสี่ยงน้อย,เสี่ยงปานกลาง,เสี่ยงน้อย,เสี่ยงน้อย,1,1,2,1,1,6,0,1,4,🟢 เสี่ยงต่ำ/ทั่วไป
1131,เชียงใหม่,แม่ริม,ดอนแก้ว,ชะเยือง,เสี่ยงปานกลาง,เสี่ยงน้อย,เสี่ยงปานกลาง,เสี่ยงน้อย,เสี่ยงน้อย,2,1,2,1,1,7,0,2,3,🟢 เสี่ยงต่ำ/ทั่วไป
1132,เชียงใหม่,แม่ริม,ดอนแก้ว,สบสา-หนองฟาน,เสี่ยงน้อย,เสี่ยงน้อย,เสี่ยงปานกลาง,เสี่ยงน้อย,เสี่ยงน้อย,1,1,2,1,1,6,0,1,4,🟢 เสี่ยงต่ำ/ทั่วไป
1133,เชียงใหม่,แม่ริม,ดอนแก้ว,พระเจ้านั่งโก๋น,เสี่ยงน้อย,เสี่ยงน้อย,เสี่ยงปานกลาง,เสี่ยงน้อย,เสี่ยงน้อย,1,1,2,1,1,6,0,1,4,🟢 เสี่ยงต่ำ/ทั่วไป
1134,เชียงใหม่,แม่ริม,โป่งแยง,โป่งแยงใน,เสี่ยงน้อย,เสี่ยงปานกลาง,เสี่ยงปานกลาง,เสี่ยงน้อย,เสี่ยงน้อย,1,2,2,1,1,7,0,2,3,🟢 เสี่ยงต่ำ/ทั่วไป
1135,เชียงใหม่,แม่ริม,โป่งแยง,โป่งแยงนอก,เสี่ยงน้อย,เสี่ยงปานกลาง,เสี่ยงสูง,เสี่ยงน้อย,เสี่ยงน้อย,1,2,3,1,1,8,1,1,3,⚠️ เฝ้าระวังสูง (เสี่ยงสูง 1 ด้าน)
1136,เชียงใหม่,แม่ริม,โป่งแยง,ม่วงคำ,เสี่ยงน้อย,เสี่ยงปานกลาง,เสี่ยงปานกลาง,เสี่ยงน้อย,เสี่ยงน้อย,1,2,2,1,1,7,0,2,3,🟢 เสี่ยงต่ำ/ทั่วไป
1137,เชียงใหม่,แม่ริม,โป่งแยง,กองแหะ,เสี่ยงน้อย,เสี่ยงปานกลาง,เสี่ยงปานกลาง,เสี่ยงน้อย,เสี่ยงน้อย,1,2,2,1,1,7,0,2,3,🟢 เสี่ยงต่ำ/ทั่วไป
1138,เชียงใหม่,แม่ริม,โป่งแยง,ปงใคร้,เสี่ยงน้อย,เสี่ยงน้อย,เสี่ยงสูง,เสี่ยงน้อย,เสี่ยงน้อย,1,1,3,1,1,7,1,0,4,⚠️ เฝ้าระวังสูง (เสี่ยงสูง 1 ด้าน)
1139,เชียงใหม่,แม่ริม,โป่งแยง,แม่สาใหม่,เสี่ยงน้อย,เสี่ยงปานกลาง,เสี่ยงปานกลาง,เสี่ยงน้อย,เสี่ยงน้อย,1,2,2,1,1,7,0,2,3,🟢 เสี่ยงต่ำ/ทั่วไป
1140,เชียงใหม่,แม่ริม,โป่งแยง,บวกจั่น,เสี่ยงน้อย,เสี่ยงปานกลาง,เสี่ยงปานกลาง,เสี่ยงน้อย,เสี่ยงน้อย,1,2,2,1,1,7,0,2,3,🟢 เสี่ยงต่ำ/ทั่วไป
1141,เชียงใหม่,แม่ริม,โป่งแยง,ปางลุง(บวกเต๋ย),เสี่ยงน้อย,เสี่ยงปานกลาง,เสี่ยงน้อย,เสี่ยงปานกลาง,เสี่ยงน้อย,1,2,1,2,1,7,0,2,3,🟢 เสี่ยงต่ำ/ทั่วไป
1142,เชียงใหม่,แม่ริม,โป่งแยง,ผานกกก,เสี่ยงน้อย,เสี่ยงปานกลาง,เสี่ยงน้อย,เสี่ยงน้อย,เสี่ยงน้อย,1,2,1,1,1,6,0,1,4,🟢 เสี่ยงต่ำ/ทั่วไป
1143,เชียงใหม่,แม่ริม,โป่งแยง,แม่สาน้อย,เสี่ยงน้อย,เสี่ยงปานกลาง,เสี่ยงน้อย,เสี่ยงน้อย,เสี่ยงน้อย,1,2,1,1,1,6,0,1,4,🟢 เสี่ยงต่ำ/ทั่วไป
1144,เชียงใหม่,แม่ริม,แม่แรม,ทุ่งโป่ง,เสี่ยงน้อย,เสี่ยงน้อย,เสี่ยงน้อย,เสี่ยงน้อย,เสี่ยงน้อย,1,1,1,1,1,5,0,0,5,🟢 เสี่ยงต่ำ/ทั่วไป
1145,เชียงใหม่,แม่ริม,แม่แรม,โฮ่งใน,เสี่ยงปานกลาง,เสี่ยงน้อย,เสี่ยงน้อย,เสี่ยงปานกลาง,เสี่ยงน้อย,2,1,1,2,1,7,0,2,3,🟢 เสี่ยงต่ำ/ทั่วไป
1146,เชียงใหม่,แม่ริม,แม่แรม,ปางแหว,เสี่ยงปานกลาง,เสี่ยงน้อย,เสี่ยงปานกลาง,เสี่ยงน้อย,เสี่ยงน้อย,2,1,2,1,1,7,0,2,3,🟢 เสี่ยงต่ำ/ทั่วไป
1147,เชียงใหม่,แม่ริม,แม่แรม,ปางไฮ,เสี่ยงน้อย,เสี่ยงน้อย,เสี่ยงน้อย,เสี่ยงน้อย,เสี่ยงน้อย,1,1,1,1,1,5,0,0,5,🟢 เสี่ยงต่ำ/ทั่วไป
1148,เชียงใหม่,แม่ริม,แม่แรม,ป่าม่วง,เสี่ยงปานกลาง,เสี่ยงน้อย,เสี่ยงปานกลาง,เสี่ยงน้อย,เสี่ยงน้อย,2,1,2,1,1,7,0,2,3,🟢 เสี่ยงต่ำ/ทั่วไป
1149,เชียงใหม่,แม่ริม,แม่แรม,แม่แรม,เสี่ยงน้อย,เสี่ยงน้อย,เสี่ยงปานกลาง,เสี่ยงน้อย,เสี่ยงน้อย,1,1,2,1,1,6,0,1,4,🟢 เสี่ยงต่ำ/ทั่วไป
1150,เชียงใหม่,แม่ริม,แม่แรม,หนองหอย,เสี่ยงปานกลาง,เสี่ยงน้อย,เสี่ยงน้อย,เสี่ยงน้อย,เสี่ยงน้อย,2,1,1,1,1,6,0,1,4,🟢 เสี่ยงต่ำ/ทั่วไป
1151,เชียงใหม่,แม่ริม,แม่แรม,ปางป่าคา,เสี่ยงปานกลาง,เสี่ยงน้อย,เสี่ยงน้อย,เสี่ยงปานกลาง,เสี่ยงน้อย,2,1,1,2,1,7,0,2,3,🟢 เสี่ยงต่ำ/ทั่วไป
1152,เชียงใหม่,แม่ริม,แม่แรม,แม่แมะ,เสี่ยงปานกลาง,เสี่ยงน้อย,เสี่ยงน้อย,เสี่ยงน้อย,เสี่ยงน้อย,2,1,1,1,1,6,0,1,4,🟢 เสี่ยงต่ำ/ทั่วไป
1153,เชียงใหม่,แม่ริม,แม่แรม,โฮ่งนอก,เสี่ยงปานกลาง,เสี่ยงน้อย,เสี่ยงน้อย,เสี่ยงน้อย,เสี่ยงน้อย,2,1,1,1,1,6,0,1,4,🟢 เสี่ยงต่ำ/ทั่วไป
1154,เชียงใหม่,แม่ริม,แม่แรม,หนองหอยใหม่,เสี่ยงปานกลาง,เสี่ยงน้อย,เสี่ยงน้อย,เสี่ยงน้อย,เสี่ยงน้อย,2,1,1,1,1,6,0,1,4,🟢 เสี่ยงต่ำ/ทั่วไป
1155,เชียงใหม่,แม่ริม,แม่แรม,แม่ในพัฒนา,เสี่ยงปานกลาง,เสี่ยงน้อย,เสี่ยงน้อย,เสี่ยงน้อย,เสี่ยงน้อย,2,1,1,1,1,6,0,1,4,🟢 เสี่ยงต่ำ/ทั่วไป
1156,เชียงใหม่,แม่ริม,แม่สา,ศรีบุญเรือง,เสี่ยงน้อย,เสี่ยงปานกลาง,เสี่ยงปานกลาง,เสี่ยงน้อย,เสี่ยงน้อย,1,2,2,1,1,7,0,2,3,🟢 เสี่ยงต่ำ/ทั่วไป
1157,เชียงใหม่,แม่ริม,แม่สา,ท่าไคร้,เสี่ยงน้อย,เสี่ยงปานกลาง,เสี่ยงปานกลาง,เสี่ยงน้อย,เสี่ยงน้อย,1,2,2,1,1,7,0,2,3,🟢 เสี่ยงต่ำ/ทั่วไป
1158,เชียงใหม่,แม่ริม,แม่สา,แม่สาหลวง,เสี่ยงน้อย,เสี่ยงปานกลาง,เสี่ยงปานกลาง,เสี่ยงน้อย,เสี่ยงน้อย,1,2,2,1,1,7,0,2,3,🟢 เสี่ยงต่ำ/ทั่วไป
1159,เชียงใหม่,แม่ริม,แม่สา,แม่สาน้อย,เสี่ยงน้อย,เสี่ยงปานกลาง,เสี่ยงปานกลาง,เสี่ยงน้อย,เสี่ยงน้อย,1,2,2,1,1,7,0,2,3,🟢 เสี่ยงต่ำ/ทั่วไป
1160,เชียงใหม่,แม่ริม,แม่สา,ดอนชัย,เสี่ยงน้อย,เสี่ยงปานกลาง,เสี่ยงปานกลาง,เสี่ยงน้อย,เสี่ยงน้อย,1,2,2,1,1,7,0,2,3,🟢 เสี่ยงต่ำ/ทั่วไป
1161,เชียงใหม่,แม่ริม,แม่สา,วารีธรรม,เสี่ยงน้อย,เสี่ยงน้อย,เสี่ยงน้อย,เสี่ยงน้อย,เสี่ยงน้อย,1,1,1,1,1,5,0,0,5,🟢 เสี่ยงต่ำ/ทั่วไป
1162,เชียงใหม่,แม่ริม,ริมใต้,น้ำงาม,เสี่ยงน้อย,เสี่ยงน้อย,เสี่ยงน้อย,เสี่ยงปานกลาง,เสี่ยงน้อย,1,1,1,2,1,6,0,1,4,🟢 เสี่ยงต่ำ/ทั่วไป
1163,เชียงใหม่,แม่ริม,ริมใต้,ดวงดี,เสี่ยงน้อย,เสี่ยงปานกลาง,เสี่ยงน้อย,เสี่ยงปานกลาง,เสี่ยงน้อย,1,2,1,2,1,7,0,2,3,🟢 เสี่ยงต่ำ/ทั่วไป
1164,เชียงใหม่,แม่ริม,ริมใต้,ขอนตาล,เสี่ยงน้อย,เสี่ยงปานกลาง,เสี่ยงน้อย,เสี่ยงปานกลาง,เสี่ยงน้อย,1,2,1,2,1,7,0,2,3,🟢 เสี่ยงต่ำ/ทั่วไป
1165,เชียงใหม่,แม่ริม,ริมใต้,ต้นแก้ว,เสี่ยงน้อย,เสี่ยงปานกลาง,เสี่ยงน้อย,เสี่ยงปานกลาง,เสี่ยงน้อย,1,2,1,2,1,7,0,2,3,🟢 เสี่ยงต่ำ/ทั่วไป
1166,เชียงใหม่,แม่ริม,ริมใต้,ท่าวัง,เสี่ยงน้อย,เสี่ยงปานกลาง,เสี่ยงน้อย,เสี่ยงปานกลาง,เสี่ยงน้อย,1,2,1,2,1,7,0,2,3,🟢 เสี่ยงต่ำ/ทั่วไป
1167,เชียงใหม่,แม่ริม,ริมใต้,ห้วยโจ้,เสี่ยงน้อย,เสี่ยงน้อย,เสี่ยงปานกลาง,เสี่ยงปานกลาง,เสี่ยงน้อย,1,1,2,2,1,7,0,2,3,🟢 เสี่ยงต่ำ/ทั่วไป
1168,เชียงใหม่,แม่ริม,ริมใต้,ทุ่งหัวช้าง,เสี่ยงน้อย,เสี่ยงน้อย,เสี่ยงน้อย,เสี่ยงปานกลาง,เสี่ยงน้อย,1,1,1,2,1,6,0,1,4,🟢 เสี่ยงต่ำ/ทั่วไป
1169,เชียงใหม่,แม่ริม,ริมใต้,ทรายมูล,เสี่ยงน้อย,เสี่ยงปานกลาง,เสี่ยงน้อย,เสี่ยงปานกลาง,เสี่ยงน้อย,1,2,1,2,1,7,0,2,3,🟢 เสี่ยงต่ำ/ทั่วไป
1170,เชียงใหม่,แม่ริม,ริมเหนือ,เหมืองผ่า,เสี่ยงน้อย,เสี่ยงปานกลาง,เสี่ยงปานกลาง,เสี่ยงปานกลาง,เสี่ยงปานกลาง,1,2,2,2,2,9,0,4,1,🟡 เฝ้าระวังปานกลาง (เสี่ยงกลาง 3+ ด้าน)
1171,เชียงใหม่,แม่ริม,ริมเหนือ,ท้องฝาย,เสี่ยงน้อย,เสี่ยงปานกลาง,เสี่ยงปานกลาง,เสี่ยงปานกลาง,เสี่ยงปานกลาง,1,2,2,2,2,9,0,4,1,🟡 เฝ้าระวังปานกลาง (เสี่ยงกลาง 3+ ด้าน)
1172,เชียงใหม่,แม่ริม,ริมเหนือ,หัวดง,เสี่ยงน้อย,เสี่ยงปานกลาง,เสี่ยงปานกลาง,เสี่ยงปานกลาง,เสี่ยงปานกลาง,1,2,2,2,2,9,0,4,1,🟡 เฝ้าระวังปานกลาง (เสี่ยงกลาง 3+ ด้าน)
1173,เชียงใหม่,แม่ริม,ริมเหนือ,เกาะ,เสี่ยงน้อย,เสี่ยงปานกลาง,เสี่ยงปานกลาง,เสี่ยงปานกลาง,เสี่ยงปานกลาง,1,2,2,2,2,9,0,4,1,🟡 เฝ้าระวังปานกลาง (เสี่ยงกลาง 3+ ด้าน)
1174,เชียงใหม่,แม่ริม,ริมเหนือ,เหมืองผ่ารวมใจ,เสี่ยงน้อย,เสี่ยงปานกลาง,เสี่ยงน้อย,เสี่ยงปานกลาง,เสี่ยงปานกลาง,1,2,1,2,2,8,0,3,2,🟡 เฝ้าระวังปานกลาง (เสี่ยงกลาง 3+ ด้าน)
1175,เชียงใหม่,แม่ริม,สะลวง,นาหึก,เสี่ยงน้อย,เสี่ยงน้อย,เสี่ยงน้อย,เสี่ยงน้อย,เสี่ยงน้อย,1,1,1,1,1,5,0,0,5,🟢 เสี่ยงต่ำ/ทั่วไป
1176,เชียงใหม่,แม่ริม,สะลวง,สะลวงใน,เสี่ยงน้อย,เสี่ยงน้อย,เสี่ยงน้อย,เสี่ยงน้อย,เสี่ยงน้อย,1,1,1,1,1,5,0,0,5,🟢 เสี่ยงต่ำ/ทั่วไป
1177,เชียงใหม่,แม่ริม,สะลวง,สะลวงนอก,เสี่ยงน้อย,เสี่ยงปานกลาง,เสี่ยงน้อย,เสี่ยงน้อย,เสี่ยงน้อย,1,2,1,1,1,6,0,1,4,🟢 เสี่ยงต่ำ/ทั่วไป
1178,เชียงใหม่,แม่ริม,สะลวง,กาดฮาว,เสี่ยงปานกลาง,เสี่ยงน้อย,เสี่ยงน้อย,เสี่ยงปานกลาง,เสี่ยงน้อย,2,1,1,2,1,7,0,2,3,🟢 เสี่ยงต่ำ/ทั่วไป
1179,เชียงใหม่,แม่ริม,สะลวง,เมืองก๊ะ,เสี่ยงน้อย,เสี่ยงน้อย,เสี่ยงน้อย,เสี่ยงน้อย,เสี่ยงน้อย,1,1,1,1,1,5,0,0,5,🟢 เสี่ยงต่ำ/ทั่วไป
1180,เชียงใหม่,แม่ริม,สะลวง,พระบาทสี่รอย,เสี่ยงน้อย,เสี่ยงน้อย,เสี่ยงน้อย,เสี่ยงน้อย,เสี่ยงน้อย,1,1,1,1,1,5,0,0,5,🟢 เสี่ยงต่ำ/ทั่วไป
1181,เชียงใหม่,แม่ริม,สะลวง,ห้วยส้มสุก,เสี่ยงปานกลาง,เสี่ยงปานกลาง,เสี่ยงน้อย,เสี่ยงปานกลาง,เสี่ยงน้อย,2,2,1,2,1,8,0,3,2,🟡 เฝ้าระวังปานกลาง (เสี่ยงกลาง 3+ ด้าน)
1182,เชียงใหม่,แม่ริม,สะลวง,แม่ก๊ะเปียง,เสี่ยงน้อย,เสี่ยงน้อย,เสี่ยงน้อย,เสี่ยงน้อย,เสี่ยงน้อย,1,1,1,1,1,5,0,0,5,🟢 เสี่ยงต่ำ/ทั่วไป
1183,เชียงใหม่,แม่ริม,สันโป่ง,หนองอาบช้าง,เสี่ยงน้อย,เสี่ยงปานกลาง,เสี่ยงน้อย,เสี่ยงปานกลาง,เสี่ยงสูง,1,2,1,2,3,9,1,2,2,⚠️ เฝ้าระวังสูง (เสี่ยงสูง 1 ด้าน)
1184,เชียงใหม่,แม่ริม,สันโป่ง,ป่าติ้ว,เสี่ยงน้อย,เสี่ยงปานกลาง,เสี่ยงน้อย,เสี่ยงปานกลาง,เสี่ยงสูง,1,2,1,2,3,9,1,2,2,⚠️ เฝ้าระวังสูง (เสี่ยงสูง 1 ด้าน)
1185,เชียงใหม่,แม่ริม,สันโป่ง,สันโป่ง,เสี่ยงน้อย,เสี่ยงน้อย,เสี่ยงปานกลาง,เสี่ยงน้อย,เสี่ยงสูง,1,1,2,1,3,8,1,1,3,⚠️ เฝ้าระวังสูง (เสี่ยงสูง 1 ด้าน)
1186,เชียงใหม่,แม่ริม,สันโป่ง,วังหมุ้น,เสี่ยงปานกลาง,เสี่ยงปานกลาง,เสี่ยงน้อย,เสี่ยงน้อย,เสี่ยงสูง,2,2,1,1,3,9,1,2,2,⚠️ เฝ้าระวังสูง (เสี่ยงสูง 1 ด้าน)
1187,เชียงใหม่,แม่ริม,สันโป่ง,ดงใต้,เสี่ยงน้อย,เสี่ยงน้อย,เสี่ยงน้อย,เสี่ยงน้อย,เสี่ยงสูง,1,1,1,1,3,7,1,0,4,⚠️ เฝ้าระวังสูง (เสี่ยงสูง 1 ด้าน)
1188,เชียงใหม่,แม่ริม,สันโป่ง,หม้อ,เสี่ยงน้อย,เสี่ยงปานกลาง,เสี่ยงน้อย,เสี่ยงปานกลาง,เสี่ยงสูง,1,2,1,2,3,9,1,2,2,⚠️ เฝ้าระวังสูง (เสี่ยงสูง 1 ด้าน)
1189,เชียงใหม่,แม่ริม,สันโป่ง,ร้องเกิด,เสี่ยงน้อย,เสี่ยงปานกลาง,เสี่ยงน้อย,เสี่ยงน้อย,เสี่ยงสูง,1,2,1,1,3,8,1,1,3,⚠️ เฝ้าระวังสูง (เสี่ยงสูง 1 ด้าน)
1190,เชียงใหม่,แม่ริม,สันโป่ง,ใหม่,เสี่ยงน้อย,เสี่ยงปานกลาง,เสี่ยงน้อย,เสี่ยงปานกลาง,เสี่ยงสูง,1,2,1,2,3,9,1,2,2,⚠️ เฝ้าระวังสูง (เสี่ยงสูง 1 ด้าน)
1191,เชียงใหม่,แม่ริม,สันโป่ง,เด่น,เสี่ยงน้อย,เสี่ยงน้อย,เสี่ยงน้อย,เสี่ยงน้อย,เสี่ยงสูง,1,1,1,1,3,7,1,0,4,⚠️ เฝ้าระวังสูง (เสี่ยงสูง 1 ด้าน)
1192,เชียงใหม่,แม่ริม,สันโป่ง,น้ำหลง,เสี่ยงน้อย,เสี่ยงปานกลาง,เสี่ยงน้อย,เสี่ยงน้อย,เสี่ยงสูง,1,2,1,1,3,8,1,1,3,⚠️ เฝ้าระวังสูง (เสี่ยงสูง 1 ด้าน)
1193,เชียงใหม่,แม่ริม,สันโป่ง,ใหม่จอมแตง,เสี่ยงน้อย,เสี่ยงน้อย,เสี่ยงน้อย,เสี่ยงปานกลาง,เสี่ยงสูง,1,1,1,2,3,8,1,1,3,⚠️ เฝ้าระวังสูง (เสี่ยงสูง 1 ด้าน)
1194,เชียงใหม่,แม่ริม,ห้วยทราย,อ้อย,เสี่ยงปานกลาง,เสี่ยงปานกลาง,เสี่ยงปานกลาง,เสี่ยงน้อย,เสี่ยงสูง,2,2,2,1,3,10,1,3,1,⚠️ เฝ้าระวังสูง (เสี่ยงสูง 1 ด้าน)
1195,เชียงใหม่,แม่ริม,ห้วยทราย,หนองปลามัน,เสี่ยงน้อย,เสี่ยงปานกลาง,เสี่ยงปานกลาง,เสี่ยงน้อย,เสี่ยงสูง,1,2,2,1,3,9,1,2,2,⚠️ เฝ้าระวังสูง (เสี่ยงสูง 1 ด้าน)
1196,เชียงใหม่,แม่ริม,ห้วยทราย,ห้วยทราย,เสี่ยงน้อย,เสี่ยงน้อย,เสี่ยงสูง,เสี่ยงน้อย,เสี่ยงสูง,1,1,3,1,3,9,2,0,3,🚨 วิกฤติเร่งด่วน (เสี่ยงสูง 2+ ด้าน)
1197,เชียงใหม่,แม่ริม,ห้วยทราย,แม่แอน,เสี่ยงน้อย,เสี่ยงปานกลาง,เสี่ยงสูง,เสี่ยงน้อย,เสี่ยงสูง,1,2,3,1,3,10,2,1,2,🚨 วิกฤติเร่งด่วน (เสี่ยงสูง 2+ ด้าน)
1198,เชียงใหม่,แม่ริม,ห้วยทราย,หัวฝาย,เสี่ยงน้อย,เสี่ยงปานกลาง,เสี่ยงปานกลาง,เสี่ยงน้อย,เสี่ยงสูง,1,2,2,1,3,9,1,2,2,⚠️ เฝ้าระวังสูง (เสี่ยงสูง 1 ด้าน)
1199,เชียงใหม่,แม่ริม,เหมืองแก้ว,น้ำต้น,เสี่ยงน้อย,เสี่ยงปานกลาง,เสี่ยงปานกลาง,เสี่ยงปานกลาง,เสี่ยงสูง,1,2,2,2,3,10,1,3,1,⚠️ เฝ้าระวังสูง (เสี่ยงสูง 1 ด้าน)
1200,เชียงใหม่,แม่ริม,เหมืองแก้ว,ต้นผึ้ง,เสี่ยงน้อย,เสี่ยงน้อย,เสี่ยงปานกลาง,เสี่ยงปานกลาง,เสี่ยงสูง,1,1,2,2,3,9,1,2,2,⚠️ เฝ้าระวังสูง (เสี่ยงสูง 1 ด้าน)
1201,เชียงใหม่,แม่ริม,เหมืองแก้ว,ป่าไผ่,เสี่ยงน้อย,เสี่ยงน้อย,เสี่ยงสูง,เสี่ยงปานกลาง,เสี่ยงสูง,1,1,3,2,3,10,2,1,2,🚨 วิกฤติเร่งด่วน (เสี่ยงสูง 2+ ด้าน)
1202,เชียงใหม่,แม่ริม,เหมืองแก้ว,ดอนตัน,เสี่ยงน้อย,เสี่ยงน้อย,เสี่ยงสูง,เสี่ยงปานกลาง,เสี่ยงสูง,1,1,3,2,3,10,2,1,2,🚨 วิกฤติเร่งด่วน (เสี่ยงสูง 2+ ด้าน)
1203,เชียงใหม่,แม่ริม,เหมืองแก้ว,หนองเขียว,เสี่ยงน้อย,เสี่ยงน้อย,เสี่ยงปานกลาง,เสี่ยงปานกลาง,เสี่ยงสูง,1,1,2,2,3,9,1,2,2,⚠️ เฝ้าระวังสูง (เสี่ยงสูง 1 ด้าน)
1204,เชียงใหม่,แม่ริม,เหมืองแก้ว,วังป้อง,เสี่ยงน้อย,เสี่ยงน้อย,เสี่ยงสูง,เสี่ยงปานกลาง,เสี่ยงสูง,1,1,3,2,3,10,2,1,2,🚨 วิกฤติเร่งด่วน (เสี่ยงสูง 2+ ด้าน)
1205,เชียงใหม่,แม่ริม,เหมืองแก้ว,สันเหนือ,เสี่ยงน้อย,เสี่ยงน้อย,เสี่ยงปานกลาง,เสี่ยงปานกลาง,เสี่ยงสูง,1,1,2,2,3,9,1,2,2,⚠️ เฝ้าระวังสูง (เสี่ยงสูง 1 ด้าน)
1206,เชียงใหม่,แม่ริม,เหมืองแก้ว,ทุ่งข้าวหอม,เสี่ยงน้อย,เสี่ยงน้อย,เสี่ยงปานกลาง,เสี่ยงปานกลาง,เสี่ยงสูง,1,1,2,2,3,9,1,2,2,⚠️ เฝ้าระวังสูง (เสี่ยงสูง 1 ด้าน)
1207,เชียงใหม่,แม่ริม,เหมืองแก้ว,ศรีวารี,เสี่ยงน้อย,เสี่ยงน้อย,เสี่ยงปานกลาง,เสี่ยงปานกลาง,เสี่ยงสูง,1,1,2,2,3,9,1,2,2,⚠️ เฝ้าระวังสูง (เสี่ยงสูง 1 ด้าน)
1208,เชียงใหม่,แม่วาง,ดอนเปา,ทุ่งศาลา,เสี่ยงน้อย,เสี่ยงปานกลาง,เสี่ยงน้อย,เสี่ยงน้อย,เสี่ยงน้อย,1,2,1,1,1,6,0,1,4,🟢 เสี่ยงต่ำ/ทั่วไป
1209,เชียงใหม่,แม่วาง,ดอนเปา,เหล่าป่าฝาง,เสี่ยงน้อย,เสี่ยงน้อย,เสี่ยงปานกลาง,เสี่ยงน้อย,เสี่ยงน้อย,1,1,2,1,1,6,0,1,4,🟢 เสี่ยงต่ำ/ทั่วไป
1210,เชียงใหม่,แม่วาง,ดอนเปา,สันโป่ง,เสี่ยงน้อย,เสี่ยงน้อย,เสี่ยงน้อย,เสี่ยงน้อย,เสี่ยงน้อย,1,1,1,1,1,5,0,0,5,🟢 เสี่ยงต่ำ/ทั่วไป
1211,เชียงใหม่,แม่วาง,ดอนเปา,ดอนเปา,เสี่ยงน้อย,เสี่ยงน้อย,เสี่ยงน้อย,เสี่ยงน้อย,เสี่ยงน้อย,1,1,1,1,1,5,0,0,5,🟢 เสี่ยงต่ำ/ทั่วไป
1212,เชียงใหม่,แม่วาง,ดอนเปา,ป่าขี้ติ้ว,เสี่ยงน้อย,เสี่ยงน้อย,เสี่ยงน้อย,เสี่ยงน้อย,เสี่ยงน้อย,1,1,1,1,1,5,0,0,5,🟢 เสี่ยงต่ำ/ทั่วไป
1213,เชียงใหม่,แม่วาง,ดอนเปา,ห้วยเนียม,เสี่ยงปานกลาง,เสี่ยงปานกลาง,เสี่ยงน้อย,เสี่ยงน้อย,เสี่ยงน้อย,2,2,1,1,1,7,0,2,3,🟢 เสี่ยงต่ำ/ทั่วไป
1214,เชียงใหม่,แม่วาง,ดอนเปา,ใหม่สวรรค์,เสี่ยงปานกลาง,เสี่ยงปานกลาง,เสี่ยงน้อย,เสี่ยงน้อย,เสี่ยงน้อย,2,2,1,1,1,7,0,2,3,🟢 เสี่ยงต่ำ/ทั่วไป
1215,เชียงใหม่,แม่วาง,ดอนเปา,ริมขาน,เสี่ยงน้อย,เสี่ยงน้อย,เสี่ยงน้อย,เสี่ยงน้อย,เสี่ยงน้อย,1,1,1,1,1,5,0,0,5,🟢 เสี่ยงต่ำ/ทั่วไป
1216,เชียงใหม่,แม่วาง,ดอนเปา,สันปูเลย,เสี่ยงน้อย,เสี่ยงน้อย,เสี่ยงน้อย,เสี่ยงน้อย,เสี่ยงน้อย,1,1,1,1,1,5,0,0,5,🟢 เสี่ยงต่ำ/ทั่วไป
1217,เชียงใหม่,แม่วาง,ดอนเปา,ห้วยแก้ว,เสี่ยงน้อย,เสี่ยงน้อย,เสี่ยงน้อย,เสี่ยงน้อย,เสี่ยงน้อย,1,1,1,1,1,5,0,0,5,🟢 เสี่ยงต่ำ/ทั่วไป
1218,เชียงใหม่,แม่วาง,ทุ่งปี๊,ปางขี้เหล็ก,เสี่ยงน้อย,เสี่ยงปานกลาง,เสี่ยงน้อย,เสี่ยงน้อย,เสี่ยงน้อย,1,2,1,1,1,6,0,1,4,🟢 เสี่ยงต่ำ/ทั่วไป
1219,เชียงใหม่,แม่วาง,ทุ่งปี๊,หนองเย็น,เสี่ยงน้อย,เสี่ยงปานกลาง,เสี่ยงน้อย,เสี่ยงน้อย,เสี่ยงน้อย,1,2,1,1,1,6,0,1,4,🟢 เสี่ยงต่ำ/ทั่วไป
1220,เชียงใหม่,แม่วาง,ทุ่งปี๊,พันตน,เสี่ยงน้อย,เสี่ยงปานกลาง,เสี่ยงปานกลาง,เสี่ยงน้อย,เสี่ยงน้อย,1,2,2,1,1,7,0,2,3,🟢 เสี่ยงต่ำ/ทั่วไป
1221,เชียงใหม่,แม่วาง,ทุ่งปี๊,กลางดง,เสี่ยงน้อย,เสี่ยงปานกลาง,เสี่ยงน้อย,เสี่ยงน้อย,เสี่ยงน้อย,1,2,1,1,1,6,0,1,4,🟢 เสี่ยงต่ำ/ทั่วไป
1222,เชียงใหม่,แม่วาง,ทุ่งปี๊,ทุ่งปี้,เสี่ยงน้อย,เสี่ยงปานกลาง,เสี่ยงปานกลาง,เสี่ยงน้อย,เสี่ยงน้อย,1,2,2,1,1,7,0,2,3,🟢 เสี่ยงต่ำ/ทั่วไป
1223,เชียงใหม่,แม่วาง,ทุ่งปี๊,เด่นนาทราย,เสี่ยงน้อย,เสี่ยงปานกลาง,เสี่ยงน้อย,เสี่ยงน้อย,เสี่ยงน้อย,1,2,1,1,1,6,0,1,4,🟢 เสี่ยงต่ำ/ทั่วไป
1224,เชียงใหม่,แม่วาง,ทุ่งปี๊,แพะประทาน,เสี่ยงน้อย,เสี่ยงปานกลาง,เสี่ยงน้อย,เสี่ยงน้อย,เสี่ยงน้อย,1,2,1,1,1,6,0,1,4,🟢 เสี่ยงต่ำ/ทั่วไป
1225,เชียงใหม่,แม่วาง,ทุ่งปี๊,ป่าคาใต้,เสี่ยงน้อย,เสี่ยงปานกลาง,เสี่ยงน้อย,เสี่ยงน้อย,เสี่ยงน้อย,1,2,1,1,1,6,0,1,4,🟢 เสี่ยงต่ำ/ทั่วไป
1226,เชียงใหม่,แม่วาง,ทุ่งปี๊,ริมวาง,เสี่ยงน้อย,เสี่ยงปานกลาง,เสี่ยงน้อย,เสี่ยงน้อย,เสี่ยงน้อย,1,2,1,1,1,6,0,1,4,🟢 เสี่ยงต่ำ/ทั่วไป
1227,เชียงใหม่,แม่วาง,ทุ่งปี๊,แสนคำ,เสี่ยงน้อย,เสี่ยงปานกลาง,เสี่ยงน้อย,เสี่ยงน้อย,เสี่ยงน้อย,1,2,1,1,1,6,0,1,4,🟢 เสี่ยงต่ำ/ทั่วไป
1228,เชียงใหม่,แม่วาง,ทุ่งปี๊,ทุ่งป่าคา,เสี่ยงน้อย,เสี่ยงปานกลาง,เสี่ยงน้อย,เสี่ยงน้อย,เสี่ยงน้อย,1,2,1,1,1,6,0,1,4,🟢 เสี่ยงต่ำ/ทั่วไป
1229,เชียงใหม่,แม่วาง,ทุ่งปี๊,หนองป่าคา,เสี่ยงน้อย,เสี่ยงปานกลาง,เสี่ยงน้อย,เสี่ยงน้อย,เสี่ยงน้อย,1,2,1,1,1,6,0,1,4,🟢 เสี่ยงต่ำ/ทั่วไป
1230,เชียงใหม่,แม่วาง,ทุ่งรวงทอง,กลาง,เสี่ยงน้อย,เสี่ยงสูง,เสี่ยงน้อย,เสี่ยงปานกลาง,เสี่ยงปานกลาง,1,3,1,2,2,9,1,2,2,⚠️ เฝ้าระวังสูง (เสี่ยงสูง 1 ด้าน)
1231,เชียงใหม่,แม่วาง,ทุ่งรวงทอง,แสนกันทา,เสี่ยงน้อย,เสี่ยงปานกลาง,เสี่ยงปานกลาง,เสี่ยงปานกลาง,เสี่ยงปานกลาง,1,2,2,2,2,9,0,4,1,🟡 เฝ้าระวังปานกลาง (เสี่ยงกลาง 3+ ด้าน)
1232,เชียงใหม่,แม่วาง,ทุ่งรวงทอง,ไร่หลวง,เสี่ยงน้อย,เสี่ยงสูง,เสี่ยงน้อย,เสี่ยงปานกลาง,เสี่ยงปานกลาง,1,3,1,2,2,9,1,2,2,⚠️ เฝ้าระวังสูง (เสี่ยงสูง 1 ด้าน)
1233,เชียงใหม่,แม่วาง,ทุ่งรวงทอง,กู่,เสี่ยงน้อย,เสี่ยงสูง,เสี่ยงน้อย,เสี่ยงปานกลาง,เสี่ยงปานกลาง,1,3,1,2,2,9,1,2,2,⚠️ เฝ้าระวังสูง (เสี่ยงสูง 1 ด้าน)
1234,เชียงใหม่,แม่วาง,ทุ่งรวงทอง,สารภี,เสี่ยงน้อย,เสี่ยงสูง,เสี่ยงน้อย,เสี่ยงปานกลาง,เสี่ยงปานกลาง,1,3,1,2,2,9,1,2,2,⚠️ เฝ้าระวังสูง (เสี่ยงสูง 1 ด้าน)
1235,เชียงใหม่,แม่วาง,ทุ่งรวงทอง,เตาไห,เสี่ยงน้อย,เสี่ยงสูง,เสี่ยงน้อย,เสี่ยงปานกลาง,เสี่ยงปานกลาง,1,3,1,2,2,9,1,2,2,⚠️ เฝ้าระวังสูง (เสี่ยงสูง 1 ด้าน)
1236,เชียงใหม่,แม่วาง,ทุ่งรวงทอง,ดงแม่อาว,เสี่ยงน้อย,เสี่ยงสูง,เสี่ยงน้อย,เสี่ยงปานกลาง,เสี่ยงปานกลาง,1,3,1,2,2,9,1,2,2,⚠️ เฝ้าระวังสูง (เสี่ยงสูง 1 ด้าน)
1237,เชียงใหม่,แม่วาง,ทุ่งรวงทอง,ดอนปิน,เสี่ยงน้อย,เสี่ยงสูง,เสี่ยงปานกลาง,เสี่ยงปานกลาง,เสี่ยงปานกลาง,1,3,2,2,2,10,1,3,1,⚠️ เฝ้าระวังสูง (เสี่ยงสูง 1 ด้าน)
1238,เชียงใหม่,แม่วาง,บ้านกาด,ใหม่ปางเติม,เสี่ยงน้อย,เสี่ยงน้อย,เสี่ยงน้อย,เสี่ยงน้อย,เสี่ยงน้อย,1,1,1,1,1,5,0,0,5,🟢 เสี่ยงต่ำ/ทั่วไป
1239,เชียงใหม่,แม่วาง,บ้านกาด,หัวฝาย,เสี่ยงน้อย,เสี่ยงน้อย,เสี่ยงน้อย,เสี่ยงน้อย,เสี่ยงน้อย,1,1,1,1,1,5,0,0,5,🟢 เสี่ยงต่ำ/ทั่วไป
1240,เชียงใหม่,แม่วาง,บ้านกาด,กิ่วแลป่าเป้า,เสี่ยงน้อย,เสี่ยงปานกลาง,เสี่ยงน้อย,เสี่ยงน้อย,เสี่ยงน้อย,1,2,1,1,1,6,0,1,4,🟢 เสี่ยงต่ำ/ทั่วไป
1241,เชียงใหม่,แม่วาง,บ้านกาด,มะกายยอน,เสี่ยงน้อย,เสี่ยงน้อย,เสี่ยงปานกลาง,เสี่ยงน้อย,เสี่ยงน้อย,1,1,2,1,1,6,0,1,4,🟢 เสี่ยงต่ำ/ทั่วไป
1242,เชียงใหม่,แม่วาง,บ้านกาด,กาด,เสี่ยงน้อย,เสี่ยงน้อย,เสี่ยงน้อย,เสี่ยงน้อย,เสี่ยงน้อย,1,1,1,1,1,5,0,0,5,🟢 เสี่ยงต่ำ/ทั่วไป
1243,เชียงใหม่,แม่วาง,บ้านกาด,น้ำต้น,เสี่ยงน้อย,เสี่ยงน้อย,เสี่ยงน้อย,เสี่ยงน้อย,เสี่ยงน้อย,1,1,1,1,1,5,0,0,5,🟢 เสี่ยงต่ำ/ทั่วไป
1244,เชียงใหม่,แม่วาง,บ้านกาด,ริมวาง,เสี่ยงน้อย,เสี่ยงน้อย,เสี่ยงปานกลาง,เสี่ยงน้อย,เสี่ยงน้อย,1,1,2,1,1,6,0,1,4,🟢 เสี่ยงต่ำ/ทั่วไป
1245,เชียงใหม่,แม่วาง,บ้านกาด,อัมพาราม,เสี่ยงน้อย,เสี่ยงน้อย,เสี่ยงน้อย,เสี่ยงน้อย,เสี่ยงน้อย,1,1,1,1,1,5,0,0,5,🟢 เสี่ยงต่ำ/ทั่วไป
1246,เชียงใหม่,แม่วาง,บ้านกาด,ปง,เสี่ยงน้อย,เสี่ยงปานกลาง,เสี่ยงน้อย,เสี่ยงน้อย,เสี่ยงน้อย,1,2,1,1,1,6,0,1,4,🟢 เสี่ยงต่ำ/ทั่วไป
1247,เชียงใหม่,แม่วาง,แม่วิน,ห้วยอีค่าง,เสี่ยงน้อย,เสี่ยงน้อย,เสี่ยงน้อย,เสี่ยงน้อย,เสี่ยงน้อย,1,1,1,1,1,5,0,0,5,🟢 เสี่ยงต่ำ/ทั่วไป
1248,เชียงใหม่,แม่วาง,แม่วิน,ทุ่งหลวง,เสี่ยงปานกลาง,เสี่ยงน้อย,เสี่ยงน้อย,เสี่ยงปานกลาง,เสี่ยงน้อย,2,1,1,2,1,7,0,2,3,🟢 เสี่ยงต่ำ/ทั่วไป
1249,เชียงใหม่,แม่วาง,แม่วิน,ขุนป๋วย,เสี่ยงน้อย,เสี่ยงน้อย,เสี่ยงปานกลาง,เสี่ยงน้อย,เสี่ยงน้อย,1,1,2,1,1,6,0,1,4,🟢 เสี่ยงต่ำ/ทั่วไป
1250,เชียงใหม่,แม่วาง,แม่วิน,หนองเต่า,เสี่ยงปานกลาง,เสี่ยงปานกลาง,เสี่ยงปานกลาง,เสี่ยงน้อย,เสี่ยงน้อย,2,2,2,1,1,8,0,3,2,🟡 เฝ้าระวังปานกลาง (เสี่ยงกลาง 3+ ด้าน)
1251,เชียงใหม่,แม่วาง,แม่วิน,แม่สะป๊อก,เสี่ยงน้อย,เสี่ยงน้อย,เสี่ยงปานกลาง,เสี่ยงปานกลาง,เสี่ยงน้อย,1,1,2,2,1,7,0,2,3,🟢 เสี่ยงต่ำ/ทั่วไป
1252,เชียงใหม่,แม่วาง,แม่วิน,แม่มูด,เสี่ยงปานกลาง,เสี่ยงน้อย,เสี่ยงปานกลาง,เสี่ยงน้อย,เสี่ยงน้อย,2,1,2,1,1,7,0,2,3,🟢 เสี่ยงต่ำ/ทั่วไป
1253,เชียงใหม่,แม่วาง,แม่วิน,ห้วยหยวก,เสี่ยงปานกลาง,เสี่ยงน้อย,เสี่ยงปานกลาง,เสี่ยงน้อย,เสี่ยงน้อย,2,1,2,1,1,7,0,2,3,🟢 เสี่ยงต่ำ/ทั่วไป
1254,เชียงใหม่,แม่วาง,แม่วิน,ห้วยข้าวลีบ,เสี่ยงน้อย,เสี่ยงน้อย,เสี่ยงปานกลาง,เสี่ยงน้อย,เสี่ยงน้อย,1,1,2,1,1,6,0,1,4,🟢 เสี่ยงต่ำ/ทั่วไป
1255,เชียงใหม่,แม่วาง,แม่วิน,สบวิน,เสี่ยงน้อย,เสี่ยงน้อย,เสี่ยงปานกลาง,เสี่ยงน้อย,เสี่ยงน้อย,1,1,2,1,1,6,0,1,4,🟢 เสี่ยงต่ำ/ทั่วไป
1256,เชียงใหม่,แม่วาง,แม่วิน,ห้วยตอง,เสี่ยงน้อย,เสี่ยงน้อย,เสี่ยงปานกลาง,เสี่ยงน้อย,เสี่ยงน้อย,1,1,2,1,1,6,0,1,4,🟢 เสี่ยงต่ำ/ทั่วไป
1257,เชียงใหม่,แม่วาง,แม่วิน,ห้วยโป่ง,เสี่ยงน้อย,เสี่ยงน้อย,เสี่ยงปานกลาง,เสี่ยงปานกลาง,เสี่ยงน้อย,1,1,2,2,1,7,0,2,3,🟢 เสี่ยงต่ำ/ทั่วไป
1258,เชียงใหม่,แม่วาง,แม่วิน,ขุนวาง,เสี่ยงปานกลาง,เสี่ยงน้อย,เสี่ยงน้อย,เสี่ยงน้อย,เสี่ยงน้อย,2,1,1,1,1,6,0,1,4,🟢 เสี่ยงต่ำ/ทั่วไป
1259,เชียงใหม่,แม่วาง,แม่วิน,ม่อนยะ,เสี่ยงน้อย,เสี่ยงปานกลาง,เสี่ยงน้อย,เสี่ยงน้อย,เสี่ยงน้อย,1,2,1,1,1,6,0,1,4,🟢 เสี่ยงต่ำ/ทั่วไป
1260,เชียงใหม่,แม่วาง,แม่วิน,ห้วยยาว,เสี่ยงน้อย,เสี่ยงน้อย,เสี่ยงปานกลาง,เสี่ยงน้อย,เสี่ยงน้อย,1,1,2,1,1,6,0,1,4,🟢 เสี่ยงต่ำ/ทั่วไป
1261,เชียงใหม่,แม่วาง,แม่วิน,ใหม่วังผาปูน,เสี่ยงน้อย,เสี่ยงน้อย,เสี่ยงปานกลาง,เสี่ยงน้อย,เสี่ยงน้อย,1,1,2,1,1,6,0,1,4,🟢 เสี่ยงต่ำ/ทั่วไป
1262,เชียงใหม่,แม่วาง,แม่วิน,หนองมณฑา,เสี่ยงปานกลาง,เสี่ยงปานกลาง,เสี่ยงน้อย,เสี่ยงน้อย,เสี่ยงน้อย,2,2,1,1,1,7,0,2,3,🟢 เสี่ยงต่ำ/ทั่วไป
1263,เชียงใหม่,แม่วาง,แม่วิน,โป่งลมแรง,เสี่ยงน้อย,เสี่ยงน้อย,เสี่ยงน้อย,เสี่ยงน้อย,เสี่ยงน้อย,1,1,1,1,1,5,0,0,5,🟢 เสี่ยงต่ำ/ทั่วไป
1264,เชียงใหม่,แม่วาง,แม่วิน,ห้วยเย็น,เสี่ยงน้อย,เสี่ยงน้อย,เสี่ยงน้อย,เสี่ยงน้อย,เสี่ยงน้อย,1,1,1,1,1,5,0,0,5,🟢 เสี่ยงต่ำ/ทั่วไป
1265,เชียงใหม่,แม่วาง,แม่วิน,ประตูเมือง,เสี่ยงน้อย,เสี่ยงน้อย,เสี่ยงน้อย,เสี่ยงปานกลาง,เสี่ยงน้อย,1,1,1,2,1,6,0,1,4,🟢 เสี่ยงต่ำ/ทั่วไป
1266,เชียงใหม่,แม่ออน,ทาเหนือ,แม่ตะไคร้,เสี่ยงน้อย,เสี่ยงน้อย,เสี่ยงปานกลาง,เสี่ยงน้อย,เสี่ยงน้อย,1,1,2,1,1,6,0,1,4,🟢 เสี่ยงต่ำ/ทั่วไป
1267,เชียงใหม่,แม่ออน,ทาเหนือ,ใหม่,เสี่ยงน้อย,เสี่ยงน้อย,เสี่ยงปานกลาง,เสี่ยงน้อย,เสี่ยงน้อย,1,1,2,1,1,6,0,1,4,🟢 เสี่ยงต่ำ/ทั่วไป
1268,เชียงใหม่,แม่ออน,ทาเหนือ,ห้วยบง,เสี่ยงปานกลาง,เสี่ยงน้อย,เสี่ยงปานกลาง,เสี่ยงน้อย,เสี่ยงน้อย,2,1,2,1,1,7,0,2,3,🟢 เสี่ยงต่ำ/ทั่วไป
1269,เชียงใหม่,แม่ออน,ทาเหนือ,ป่างิ้ว,เสี่ยงปานกลาง,เสี่ยงน้อย,เสี่ยงปานกลาง,เสี่ยงน้อย,เสี่ยงน้อย,2,1,2,1,1,7,0,2,3,🟢 เสี่ยงต่ำ/ทั่วไป
1270,เชียงใหม่,แม่ออน,ทาเหนือ,ห้วยยาบ,เสี่ยงน้อย,เสี่ยงน้อย,เสี่ยงน้อย,เสี่ยงน้อย,เสี่ยงน้อย,1,1,1,1,1,5,0,0,5,🟢 เสี่ยงต่ำ/ทั่วไป
1271,เชียงใหม่,แม่ออน,บ้านสหกรณ์,สหกรณ์1,เสี่ยงน้อย,เสี่ยงน้อย,เสี่ยงน้อย,เสี่ยงน้อย,เสี่ยงปานกลาง,1,1,1,1,2,6,0,1,4,🟢 เสี่ยงต่ำ/ทั่วไป
1272,เชียงใหม่,แม่ออน,บ้านสหกรณ์,สหกรณ์2,เสี่ยงน้อย,เสี่ยงน้อย,เสี่ยงน้อย,เสี่ยงน้อย,เสี่ยงปานกลาง,1,1,1,1,2,6,0,1,4,🟢 เสี่ยงต่ำ/ทั่วไป
1273,เชียงใหม่,แม่ออน,บ้านสหกรณ์,สหกรณ์3,เสี่ยงน้อย,เสี่ยงน้อย,เสี่ยงปานกลาง,เสี่ยงน้อย,เสี่ยงปานกลาง,1,1,2,1,2,7,0,2,3,🟢 เสี่ยงต่ำ/ทั่วไป
1274,เชียงใหม่,แม่ออน,บ้านสหกรณ์,สหกรณ์4,เสี่ยงน้อย,เสี่ยงน้อย,เสี่ยงน้อย,เสี่ยงน้อย,เสี่ยงปานกลาง,1,1,1,1,2,6,0,1,4,🟢 เสี่ยงต่ำ/ทั่วไป
1275,เชียงใหม่,แม่ออน,บ้านสหกรณ์,สหกรณ์5,เสี่ยงน้อย,เสี่ยงน้อย,เสี่ยงน้อย,เสี่ยงน้อย,เสี่ยงปานกลาง,1,1,1,1,2,6,0,1,4,🟢 เสี่ยงต่ำ/ทั่วไป
1276,เชียงใหม่,แม่ออน,บ้านสหกรณ์,สหกรณ์6,เสี่ยงน้อย,เสี่ยงน้อย,เสี่ยงน้อย,เสี่ยงน้อย,เสี่ยงปานกลาง,1,1,1,1,2,6,0,1,4,🟢 เสี่ยงต่ำ/ทั่วไป
1277,เชียงใหม่,แม่ออน,บ้านสหกรณ์,สหกรณ์7,เสี่ยงน้อย,เสี่ยงน้อย,เสี่ยงปานกลาง,เสี่ยงน้อย,เสี่ยงปานกลาง,1,1,2,1,2,7,0,2,3,🟢 เสี่ยงต่ำ/ทั่วไป
1278,เชียงใหม่,แม่ออน,บ้านสหกรณ์,สหกรณ์8,เสี่ยงน้อย,เสี่ยงน้อย,เสี่ยงน้อย,เสี่ยงน้อย,เสี่ยงปานกลาง,1,1,1,1,2,6,0,1,4,🟢 เสี่ยงต่ำ/ทั่วไป
1279,เชียงใหม่,แม่ออน,แม่ทา,ทาม่อน,เสี่ยงน้อย,เสี่ยงน้อย,เสี่ยงปานกลาง,เสี่ยงปานกลาง,เสี่ยงน้อย,1,1,2,2,1,7,0,2,3,🟢 เสี่ยงต่ำ/ทั่วไป
1280,เชียงใหม่,แม่ออน,แม่ทา,ท่าข้าม,เสี่ยงน้อย,เสี่ยงน้อย,เสี่ยงสูง,เสี่ยงน้อย,เสี่ยงน้อย,1,1,3,1,1,7,1,0,4,⚠️ เฝ้าระวังสูง (เสี่ยงสูง 1 ด้าน)
1281,เชียงใหม่,แม่ออน,แม่ทา,ค้อกลาง,เสี่ยงน้อย,เสี่ยงน้อย,เสี่ยงปานกลาง,เสี่ยงน้อย,เสี่ยงน้อย,1,1,2,1,1,6,0,1,4,🟢 เสี่ยงต่ำ/ทั่วไป
1282,เชียงใหม่,แม่ออน,แม่ทา,ห้วยทราย,เสี่ยงน้อย,เสี่ยงน้อย,เสี่ยงปานกลาง,เสี่ยงปานกลาง,เสี่ยงน้อย,1,1,2,2,1,7,0,2,3,🟢 เสี่ยงต่ำ/ทั่วไป
1283,เชียงใหม่,แม่ออน,แม่ทา,ป่าน๊อต,เสี่ยงน้อย,เสี่ยงน้อย,เสี่ยงปานกลาง,เสี่ยงน้อย,เสี่ยงน้อย,1,1,2,1,1,6,0,1,4,🟢 เสี่ยงต่ำ/ทั่วไป
1284,เชียงใหม่,แม่ออน,แม่ทา,ดอนชัย,เสี่ยงน้อย,เสี่ยงน้อย,เสี่ยงปานกลาง,เสี่ยงปานกลาง,เสี่ยงน้อย,1,1,2,2,1,7,0,2,3,🟢 เสี่ยงต่ำ/ทั่วไป
1285,เชียงใหม่,แม่ออน,แม่ทา,ใหม่ดอนชัย,เสี่ยงปานกลาง,เสี่ยงน้อย,เสี่ยงปานกลาง,เสี่ยงปานกลาง,เสี่ยงน้อย,2,1,2,2,1,8,0,3,2,🟡 เฝ้าระวังปานกลาง (เสี่ยงกลาง 3+ ด้าน)
1286,เชียงใหม่,แม่ออน,ห้วยแก้ว,ป๊อก,เสี่ยงปานกลาง,เสี่ยงน้อย,เสี่ยงน้อย,เสี่ยงน้อย,เสี่ยงน้อย,2,1,1,1,1,6,0,1,4,🟢 เสี่ยงต่ำ/ทั่วไป
1287,เชียงใหม่,แม่ออน,ห้วยแก้ว,แม่ลาย,เสี่ยงปานกลาง,เสี่ยงน้อย,เสี่ยงน้อย,เสี่ยงน้อย,เสี่ยงน้อย,2,1,1,1,1,6,0,1,4,🟢 เสี่ยงต่ำ/ทั่วไป
1288,เชียงใหม่,แม่ออน,ห้วยแก้ว,แม่กำปอง,เสี่ยงปานกลาง,เสี่ยงน้อย,เสี่ยงน้อย,เสี่ยงน้อย,เสี่ยงน้อย,2,1,1,1,1,6,0,1,4,🟢 เสี่ยงต่ำ/ทั่วไป
1289,เชียงใหม่,แม่ออน,ห้วยแก้ว,แม่เตาดิน,เสี่ยงน้อย,เสี่ยงน้อย,เสี่ยงปานกลาง,เสี่ยงน้อย,เสี่ยงน้อย,1,1,2,1,1,6,0,1,4,🟢 เสี่ยงต่ำ/ทั่วไป
1290,เชียงใหม่,แม่ออน,ห้วยแก้ว,ห้วยแก้ว,เสี่ยงน้อย,เสี่ยงน้อย,เสี่ยงปานกลาง,เสี่ยงน้อย,เสี่ยงน้อย,1,1,2,1,1,6,0,1,4,🟢 เสี่ยงต่ำ/ทั่วไป
1291,เชียงใหม่,แม่ออน,ห้วยแก้ว,ปางก๋อง,เสี่ยงน้อย,เสี่ยงน้อย,เสี่ยงปานกลาง,เสี่ยงน้อย,เสี่ยงน้อย,1,1,2,1,1,6,0,1,4,🟢 เสี่ยงต่ำ/ทั่วไป
1292,เชียงใหม่,แม่ออน,ห้วยแก้ว,ปางจำปี,เสี่ยงน้อย,เสี่ยงน้อย,เสี่ยงน้อย,เสี่ยงน้อย,เสี่ยงน้อย,1,1,1,1,1,5,0,0,5,🟢 เสี่ยงต่ำ/ทั่วไป
1293,เชียงใหม่,แม่ออน,ห้วยแก้ว,ธารทอง,เสี่ยงปานกลาง,เสี่ยงน้อย,เสี่ยงน้อย,เสี่ยงน้อย,เสี่ยงน้อย,2,1,1,1,1,6,0,1,4,🟢 เสี่ยงต่ำ/ทั่วไป
1294,เชียงใหม่,แม่ออน,ออนกลาง,ทุ่งเหล่า,เสี่ยงน้อย,เสี่ยงน้อย,เสี่ยงน้อย,เสี่ยงน้อย,เสี่ยงสูง,1,1,1,1,3,7,1,0,4,⚠️ เฝ้าระวังสูง (เสี่ยงสูง 1 ด้าน)
1295,เชียงใหม่,แม่ออน,ออนกลาง,แม่เลน,เสี่ยงปานกลาง,เสี่ยงปานกลาง,เสี่ยงปานกลาง,เสี่ยงน้อย,เสี่ยงสูง,2,2,2,1,3,10,1,3,1,⚠️ เฝ้าระวังสูง (เสี่ยงสูง 1 ด้าน)
1296,เชียงใหม่,แม่ออน,ออนกลาง,เปาสามขา,เสี่ยงน้อย,เสี่ยงน้อย,เสี่ยงปานกลาง,เสี่ยงปานกลาง,เสี่ยงสูง,1,1,2,2,3,9,1,2,2,⚠️ เฝ้าระวังสูง (เสี่ยงสูง 1 ด้าน)
1297,เชียงใหม่,แม่ออน,ออนกลาง,วาก,เสี่ยงปานกลาง,เสี่ยงน้อย,เสี่ยงปานกลาง,เสี่ยงปานกลาง,เสี่ยงสูง,2,1,2,2,3,10,1,3,1,⚠️ เฝ้าระวังสูง (เสี่ยงสูง 1 ด้าน)
1298,เชียงใหม่,แม่ออน,ออนกลาง,ป่าตันใต้,เสี่ยงน้อย,เสี่ยงปานกลาง,เสี่ยงปานกลาง,เสี่ยงปานกลาง,เสี่ยงสูง,1,2,2,2,3,10,1,3,1,⚠️ เฝ้าระวังสูง (เสี่ยงสูง 1 ด้าน)
1299,เชียงใหม่,แม่ออน,ออนกลาง,ป่าตัน,เสี่ยงน้อย,เสี่ยงปานกลาง,เสี่ยงปานกลาง,เสี่ยงน้อย,เสี่ยงสูง,1,2,2,1,3,9,1,2,2,⚠️ เฝ้าระวังสูง (เสี่ยงสูง 1 ด้าน)
1300,เชียงใหม่,แม่ออน,ออนกลาง,ออนกลาง,เสี่ยงน้อย,เสี่ยงน้อย,เสี่ยงปานกลาง,เสี่ยงน้อย,เสี่ยงสูง,1,1,2,1,3,8,1,1,3,⚠️ เฝ้าระวังสูง (เสี่ยงสูง 1 ด้าน)
1301,เชียงใหม่,แม่ออน,ออนกลาง,ออนกลาง,เสี่ยงน้อย,เสี่ยงน้อย,เสี่ยงปานกลาง,เสี่ยงน้อย,เสี่ยงสูง,1,1,2,1,3,8,1,1,3,⚠️ เฝ้าระวังสูง (เสี่ยงสูง 1 ด้าน)
1302,เชียงใหม่,แม่ออน,ออนกลาง,ออนกลางใต้,เสี่ยงน้อย,เสี่ยงน้อย,เสี่ยงน้อย,เสี่ยงน้อย,เสี่ยงสูง,1,1,1,1,3,7,1,0,4,⚠️ เฝ้าระวังสูง (เสี่ยงสูง 1 ด้าน)
1303,เชียงใหม่,แม่ออน,ออนกลาง,ป่าไม้,เสี่ยงน้อย,เสี่ยงน้อย,เสี่ยงน้อย,เสี่ยงน้อย,เสี่ยงสูง,1,1,1,1,3,7,1,0,4,⚠️ เฝ้าระวังสูง (เสี่ยงสูง 1 ด้าน)
1304,เชียงใหม่,แม่ออน,ออนกลาง,ออนกลางเหนือ,เสี่ยงน้อย,เสี่ยงน้อย,เสี่ยงปานกลาง,เสี่ยงปานกลาง,เสี่ยงสูง,1,1,2,2,3,9,1,2,2,⚠️ เฝ้าระวังสูง (เสี่ยงสูง 1 ด้าน)
1305,เชียงใหม่,แม่ออน,ออนเหนือ,แม่รวม,เสี่ยงน้อย,เสี่ยงน้อย,เสี่ยงน้อย,เสี่ยงน้อย,เสี่ยงน้อย,1,1,1,1,1,5,0,0,5,🟢 เสี่ยงต่ำ/ทั่วไป
1306,เชียงใหม่,แม่ออน,ออนเหนือ,หนองหอย,เสี่ยงน้อย,เสี่ยงน้อย,เสี่ยงน้อย,เสี่ยงน้อย,เสี่ยงน้อย,1,1,1,1,1,5,0,0,5,🟢 เสี่ยงต่ำ/ทั่วไป
1307,เชียงใหม่,แม่ออน,ออนเหนือ,ขุนออน,เสี่ยงน้อย,เสี่ยงน้อย,เสี่ยงน้อย,เสี่ยงน้อย,เสี่ยงน้อย,1,1,1,1,1,5,0,0,5,🟢 เสี่ยงต่ำ/ทั่วไป
1308,เชียงใหม่,แม่ออน,ออนเหนือ,แม่วอง,เสี่ยงน้อย,เสี่ยงน้อย,เสี่ยงน้อย,เสี่ยงน้อย,เสี่ยงน้อย,1,1,1,1,1,5,0,0,5,🟢 เสี่ยงต่ำ/ทั่วไป
1309,เชียงใหม่,แม่ออน,ออนเหนือ,หัวฝาย,เสี่ยงน้อย,เสี่ยงน้อย,เสี่ยงปานกลาง,เสี่ยงน้อย,เสี่ยงน้อย,1,1,2,1,1,6,0,1,4,🟢 เสี่ยงต่ำ/ทั่วไป
1310,เชียงใหม่,แม่ออน,ออนเหนือ,ออนหลวย,เสี่ยงน้อย,เสี่ยงน้อย,เสี่ยงน้อย,เสี่ยงน้อย,เสี่ยงน้อย,1,1,1,1,1,5,0,0,5,🟢 เสี่ยงต่ำ/ทั่วไป
1311,เชียงใหม่,แม่ออน,ออนเหนือ,ออนหลวย,เสี่ยงน้อย,เสี่ยงน้อย,เสี่ยงน้อย,เสี่ยงน้อย,เสี่ยงน้อย,1,1,1,1,1,5,0,0,5,🟢 เสี่ยงต่ำ/ทั่วไป
1312,เชียงใหม่,แม่ออน,ออนเหนือ,ดอนทราย,เสี่ยงน้อย,เสี่ยงน้อย,เสี่ยงน้อย,เสี่ยงน้อย,เสี่ยงน้อย,1,1,1,1,1,5,0,0,5,🟢 เสี่ยงต่ำ/ทั่วไป
1313,เชียงใหม่,แม่ออน,ออนเหนือ,ขุนทา,เสี่ยงน้อย,เสี่ยงน้อย,เสี่ยงน้อย,เสี่ยงน้อย,เสี่ยงน้อย,1,1,1,1,1,5,0,0,5,🟢 เสี่ยงต่ำ/ทั่วไป
1314,เชียงใหม่,แม่ออน,ออนเหนือ,ใหม่แม่ป่าขาง,เสี่ยงน้อย,เสี่ยงน้อย,เสี่ยงน้อย,เสี่ยงน้อย,เสี่ยงน้อย,1,1,1,1,1,5,0,0,5,🟢 เสี่ยงต่ำ/ทั่วไป
1315,เชียงใหม่,แม่อาย,ท่าตอน,ห้วยปู,เสี่ยงปานกลาง,เสี่ยงปานกลาง,เสี่ยงน้อย,เสี่ยงน้อย,เสี่ยงน้อย,2,2,1,1,1,7,0,2,3,🟢 เสี่ยงต่ำ/ทั่วไป
1316,เชียงใหม่,แม่อาย,ท่าตอน,ห้วยมะเฟือง,เสี่ยงปานกลาง,เสี่ยงปานกลาง,เสี่ยงปานกลาง,เสี่ยงปานกลาง,เสี่ยงน้อย,2,2,2,2,1,9,0,4,1,🟡 เฝ้าระวังปานกลาง (เสี่ยงกลาง 3+ ด้าน)
1317,เชียงใหม่,แม่อาย,ท่าตอน,ท่าตอน,เสี่ยงปานกลาง,เสี่ยงปานกลาง,เสี่ยงน้อย,เสี่ยงน้อย,เสี่ยงน้อย,2,2,1,1,1,7,0,2,3,🟢 เสี่ยงต่ำ/ทั่วไป
1318,เชียงใหม่,แม่อาย,ท่าตอน,ห้วยน้ำเย็น,เสี่ยงปานกลาง,เสี่ยงปานกลาง,เสี่ยงปานกลาง,เสี่ยงน้อย,เสี่ยงน้อย,2,2,2,1,1,8,0,3,2,🟡 เฝ้าระวังปานกลาง (เสี่ยงกลาง 3+ ด้าน)
1319,เชียงใหม่,แม่อาย,ท่าตอน,หาดชมพู,เสี่ยงปานกลาง,เสี่ยงปานกลาง,เสี่ยงน้อย,เสี่ยงน้อย,เสี่ยงน้อย,2,2,1,1,1,7,0,2,3,🟢 เสี่ยงต่ำ/ทั่วไป
1320,เชียงใหม่,แม่อาย,ท่าตอน,สันต้นดู่,เสี่ยงปานกลาง,เสี่ยงปานกลาง,เสี่ยงน้อย,เสี่ยงน้อย,เสี่ยงน้อย,2,2,1,1,1,7,0,2,3,🟢 เสี่ยงต่ำ/ทั่วไป
1321,เชียงใหม่,แม่อาย,ท่าตอน,ท่ามะแกง,เสี่ยงปานกลาง,เสี่ยงปานกลาง,เสี่ยงน้อย,เสี่ยงน้อย,เสี่ยงน้อย,2,2,1,1,1,7,0,2,3,🟢 เสี่ยงต่ำ/ทั่วไป
1322,เชียงใหม่,แม่อาย,ท่าตอน,ใหม่หมอกจ๋าม,เสี่ยงปานกลาง,เสี่ยงปานกลาง,เสี่ยงปานกลาง,เสี่ยงน้อย,เสี่ยงน้อย,2,2,2,1,1,8,0,3,2,🟡 เฝ้าระวังปานกลาง (เสี่ยงกลาง 3+ ด้าน)
1323,เชียงใหม่,แม่อาย,ท่าตอน,เมืองงาม,เสี่ยงปานกลาง,เสี่ยงปานกลาง,เสี่ยงปานกลาง,เสี่ยงน้อย,เสี่ยงน้อย,2,2,2,1,1,8,0,3,2,🟡 เฝ้าระวังปานกลาง (เสี่ยงกลาง 3+ ด้าน)
1324,เชียงใหม่,แม่อาย,ท่าตอน,ห้วยส้าน,เสี่ยงปานกลาง,เสี่ยงปานกลาง,เสี่ยงน้อย,เสี่ยงน้อย,เสี่ยงน้อย,2,2,1,1,1,7,0,2,3,🟢 เสี่ยงต่ำ/ทั่วไป
1325,เชียงใหม่,แม่อาย,ท่าตอน,หัวเมืองงาม,เสี่ยงปานกลาง,เสี่ยงปานกลาง,เสี่ยงน้อย,เสี่ยงน้อย,เสี่ยงน้อย,2,2,1,1,1,7,0,2,3,🟢 เสี่ยงต่ำ/ทั่วไป
1326,เชียงใหม่,แม่อาย,ท่าตอน,ผาใต้,เสี่ยงปานกลาง,เสี่ยงปานกลาง,เสี่ยงน้อย,เสี่ยงน้อย,เสี่ยงน้อย,2,2,1,1,1,7,0,2,3,🟢 เสี่ยงต่ำ/ทั่วไป
1327,เชียงใหม่,แม่อาย,ท่าตอน,เมืองงามใต้,เสี่ยงปานกลาง,เสี่ยงปานกลาง,เสี่ยงน้อย,เสี่ยงปานกลาง,เสี่ยงน้อย,2,2,1,2,1,8,0,3,2,🟡 เฝ้าระวังปานกลาง (เสี่ยงกลาง 3+ ด้าน)
1328,เชียงใหม่,แม่อาย,ท่าตอน,ร่มไทย,เสี่ยงปานกลาง,เสี่ยงปานกลาง,เสี่ยงน้อย,เสี่ยงน้อย,เสี่ยงน้อย,2,2,1,1,1,7,0,2,3,🟢 เสี่ยงต่ำ/ทั่วไป
1329,เชียงใหม่,แม่อาย,ท่าตอน,ห้วยศาลา,เสี่ยงปานกลาง,เสี่ยงปานกลาง,เสี่ยงน้อย,เสี่ยงน้อย,เสี่ยงน้อย,2,2,1,1,1,7,0,2,3,🟢 เสี่ยงต่ำ/ทั่วไป
1330,เชียงใหม่,แม่อาย,บ้านหลวง,หลวง,เสี่ยงน้อย,เสี่ยงน้อย,เสี่ยงน้อย,เสี่ยงน้อย,เสี่ยงสูง,1,1,1,1,3,7,1,0,4,⚠️ เฝ้าระวังสูง (เสี่ยงสูง 1 ด้าน)
1331,เชียงใหม่,แม่อาย,บ้านหลวง,ป่าแดด,เสี่ยงน้อย,เสี่ยงน้อย,เสี่ยงน้อย,เสี่ยงน้อย,เสี่ยงสูง,1,1,1,1,3,7,1,0,4,⚠️ เฝ้าระวังสูง (เสี่ยงสูง 1 ด้าน)
1332,เชียงใหม่,แม่อาย,บ้านหลวง,สันห้าง,เสี่ยงน้อย,เสี่ยงน้อย,เสี่ยงปานกลาง,เสี่ยงน้อย,เสี่ยงสูง,1,1,2,1,3,8,1,1,3,⚠️ เฝ้าระวังสูง (เสี่ยงสูง 1 ด้าน)
1333,เชียงใหม่,แม่อาย,บ้านหลวง,ป่าก๊อ,เสี่ยงน้อย,เสี่ยงน้อย,เสี่ยงปานกลาง,เสี่ยงน้อย,เสี่ยงสูง,1,1,2,1,3,8,1,1,3,⚠️ เฝ้าระวังสูง (เสี่ยงสูง 1 ด้าน)
1334,เชียงใหม่,แม่อาย,บ้านหลวง,ป่าแดง,เสี่ยงน้อย,เสี่ยงน้อย,เสี่ยงน้อย,เสี่ยงน้อย,เสี่ยงสูง,1,1,1,1,3,7,1,0,4,⚠️ เฝ้าระวังสูง (เสี่ยงสูง 1 ด้าน)
1335,เชียงใหม่,แม่อาย,บ้านหลวง,ใหม่โพธิ์งาม,เสี่ยงน้อย,เสี่ยงน้อย,เสี่ยงปานกลาง,เสี่ยงน้อย,เสี่ยงสูง,1,1,2,1,3,8,1,1,3,⚠️ เฝ้าระวังสูง (เสี่ยงสูง 1 ด้าน)
1336,เชียงใหม่,แม่อาย,บ้านหลวง,จัดสรร,เสี่ยงน้อย,เสี่ยงน้อย,เสี่ยงน้อย,เสี่ยงน้อย,เสี่ยงสูง,1,1,1,1,3,7,1,0,4,⚠️ เฝ้าระวังสูง (เสี่ยงสูง 1 ด้าน)
1337,เชียงใหม่,แม่อาย,บ้านหลวง,ใหม่ทรายคำ,เสี่ยงน้อย,เสี่ยงน้อย,เสี่ยงปานกลาง,เสี่ยงน้อย,เสี่ยงสูง,1,1,2,1,3,8,1,1,3,⚠️ เฝ้าระวังสูง (เสี่ยงสูง 1 ด้าน)
1338,เชียงใหม่,แม่อาย,บ้านหลวง,ป่าแดงอภิวัฒน์,เสี่ยงน้อย,เสี่ยงน้อย,เสี่ยงปานกลาง,เสี่ยงน้อย,เสี่ยงสูง,1,1,2,1,3,8,1,1,3,⚠️ เฝ้าระวังสูง (เสี่ยงสูง 1 ด้าน)
1339,เชียงใหม่,แม่อาย,บ้านหลวง,โปงพัฒนา,เสี่ยงน้อย,เสี่ยงน้อย,เสี่ยงปานกลาง,เสี่ยงน้อย,เสี่ยงสูง,1,1,2,1,3,8,1,1,3,⚠️ เฝ้าระวังสูง (เสี่ยงสูง 1 ด้าน)
1340,เชียงใหม่,แม่อาย,มะลิกา,ปางต้นฆ้อง,เสี่ยงปานกลาง,เสี่ยงน้อย,เสี่ยงน้อย,เสี่ยงน้อย,เสี่ยงน้อย,2,1,1,1,1,6,0,1,4,🟢 เสี่ยงต่ำ/ทั่วไป
1341,เชียงใหม่,แม่อาย,มะลิกา,ป่าบง,เสี่ยงน้อย,เสี่ยงน้อย,เสี่ยงน้อย,เสี่ยงน้อย,เสี่ยงน้อย,1,1,1,1,1,5,0,0,5,🟢 เสี่ยงต่ำ/ทั่วไป
1342,เชียงใหม่,แม่อาย,มะลิกา,สันต้นม่วง,เสี่ยงน้อย,เสี่ยงน้อย,เสี่ยงน้อย,เสี่ยงน้อย,เสี่ยงน้อย,1,1,1,1,1,5,0,0,5,🟢 เสี่ยงต่ำ/ทั่วไป
1343,เชียงใหม่,แม่อาย,มะลิกา,สันป่าเหียว,เสี่ยงน้อย,เสี่ยงน้อย,เสี่ยงน้อย,เสี่ยงน้อย,เสี่ยงน้อย,1,1,1,1,1,5,0,0,5,🟢 เสี่ยงต่ำ/ทั่วไป
1344,เชียงใหม่,แม่อาย,มะลิกา,สันผักหละ,เสี่ยงน้อย,เสี่ยงน้อย,เสี่ยงน้อย,เสี่ยงน้อย,เสี่ยงน้อย,1,1,1,1,1,5,0,0,5,🟢 เสี่ยงต่ำ/ทั่วไป
1345,เชียงใหม่,แม่อาย,มะลิกา,สันโค้ง,เสี่ยงน้อย,เสี่ยงน้อย,เสี่ยงน้อย,เสี่ยงน้อย,เสี่ยงน้อย,1,1,1,1,1,5,0,0,5,🟢 เสี่ยงต่ำ/ทั่วไป
1346,เชียงใหม่,แม่อาย,มะลิกา,ชัยสถาน,เสี่ยงน้อย,เสี่ยงน้อย,เสี่ยงน้อย,เสี่ยงน้อย,เสี่ยงน้อย,1,1,1,1,1,5,0,0,5,🟢 เสี่ยงต่ำ/ทั่วไป
1347,เชียงใหม่,แม่อาย,มะลิกา,เอก,เสี่ยงน้อย,เสี่ยงน้อย,เสี่ยงน้อย,เสี่ยงน้อย,เสี่ยงน้อย,1,1,1,1,1,5,0,0,5,🟢 เสี่ยงต่ำ/ทั่วไป
1348,เชียงใหม่,แม่อาย,มะลิกา,ป่าบงใต้,เสี่ยงน้อย,เสี่ยงน้อย,เสี่ยงน้อย,เสี่ยงน้อย,เสี่ยงน้อย,1,1,1,1,1,5,0,0,5,🟢 เสี่ยงต่ำ/ทั่วไป
1349,เชียงใหม่,แม่อาย,มะลิกา,มงคลนิมิต,เสี่ยงน้อย,เสี่ยงน้อย,เสี่ยงน้อย,เสี่ยงน้อย,เสี่ยงน้อย,1,1,1,1,1,5,0,0,5,🟢 เสี่ยงต่ำ/ทั่วไป
1350,เชียงใหม่,แม่อาย,แม่นาวาง,คายนอก,เสี่ยงน้อย,เสี่ยงปานกลาง,เสี่ยงน้อย,เสี่ยงน้อย,เสี่ยงน้อย,1,2,1,1,1,6,0,1,4,🟢 เสี่ยงต่ำ/ทั่วไป
1351,เชียงใหม่,แม่อาย,แม่นาวาง,คายใน,เสี่ยงน้อย,เสี่ยงปานกลาง,เสี่ยงปานกลาง,เสี่ยงน้อย,เสี่ยงน้อย,1,2,2,1,1,7,0,2,3,🟢 เสี่ยงต่ำ/ทั่วไป
1352,เชียงใหม่,แม่อาย,แม่นาวาง,หนองขี้นกยาง,เสี่ยงน้อย,เสี่ยงปานกลาง,เสี่ยงปานกลาง,เสี่ยงน้อย,เสี่ยงน้อย,1,2,2,1,1,7,0,2,3,🟢 เสี่ยงต่ำ/ทั่วไป
1353,เชียงใหม่,แม่อาย,แม่นาวาง,ฮ่างต่ำ,เสี่ยงน้อย,เสี่ยงปานกลาง,เสี่ยงปานกลาง,เสี่ยงน้อย,เสี่ยงน้อย,1,2,2,1,1,7,0,2,3,🟢 เสี่ยงต่ำ/ทั่วไป
1354,เชียงใหม่,แม่อาย,แม่นาวาง,ฮ่องห้าหลวง,เสี่ยงน้อย,เสี่ยงปานกลาง,เสี่ยงสูง,เสี่ยงน้อย,เสี่ยงน้อย,1,2,3,1,1,8,1,1,3,⚠️ เฝ้าระวังสูง (เสี่ยงสูง 1 ด้าน)
1355,เชียงใหม่,แม่อาย,แม่นาวาง,แม่สลัก,เสี่ยงปานกลาง,เสี่ยงปานกลาง,เสี่ยงน้อย,เสี่ยงน้อย,เสี่ยงน้อย,2,2,1,1,1,7,0,2,3,🟢 เสี่ยงต่ำ/ทั่วไป
1356,เชียงใหม่,แม่อาย,แม่นาวาง,ห้วยคอกหมู,เสี่ยงปานกลาง,เสี่ยงปานกลาง,เสี่ยงปานกลาง,เสี่ยงน้อย,เสี่ยงน้อย,2,2,2,1,1,8,0,3,2,🟡 เฝ้าระวังปานกลาง (เสี่ยงกลาง 3+ ด้าน)
1357,เชียงใหม่,แม่อาย,แม่นาวาง,ห้วยม่วง,เสี่ยงปานกลาง,เสี่ยงปานกลาง,เสี่ยงสูง,เสี่ยงน้อย,เสี่ยงน้อย,2,2,3,1,1,9,1,2,2,⚠️ เฝ้าระวังสูง (เสี่ยงสูง 1 ด้าน)
1358,เชียงใหม่,แม่อาย,แม่นาวาง,เด่นชัย,เสี่ยงน้อย,เสี่ยงน้อย,เสี่ยงปานกลาง,เสี่ยงน้อย,เสี่ยงน้อย,1,1,2,1,1,6,0,1,4,🟢 เสี่ยงต่ำ/ทั่วไป
1359,เชียงใหม่,แม่อาย,แม่นาวาง,ฮ่องถ่อนพัฒนา,เสี่ยงน้อย,เสี่ยงปานกลาง,เสี่ยงสูง,เสี่ยงน้อย,เสี่ยงน้อย,1,2,3,1,1,8,1,1,3,⚠️ เฝ้าระวังสูง (เสี่ยงสูง 1 ด้าน)
1360,เชียงใหม่,แม่อาย,แม่นาวาง,ท่าปู,เสี่ยงปานกลาง,เสี่ยงปานกลาง,เสี่ยงปานกลาง,เสี่ยงน้อย,เสี่ยงน้อย,2,2,2,1,1,8,0,3,2,🟡 เฝ้าระวังปานกลาง (เสี่ยงกลาง 3+ ด้าน)
1361,เชียงใหม่,แม่อาย,แม่นาวาง,เทพมงคล,เสี่ยงน้อย,เสี่ยงปานกลาง,เสี่ยงปานกลาง,เสี่ยงน้อย,เสี่ยงน้อย,1,2,2,1,1,7,0,2,3,🟢 เสี่ยงต่ำ/ทั่วไป
1362,เชียงใหม่,แม่อาย,แม่นาวาง,ห้วยหลวงพัฒนา,เสี่ยงน้อย,เสี่ยงปานกลาง,เสี่ยงน้อย,เสี่ยงน้อย,เสี่ยงน้อย,1,2,1,1,1,6,0,1,4,🟢 เสี่ยงต่ำ/ทั่วไป
1363,เชียงใหม่,แม่อาย,แม่นาวาง,แม่เมืองน้อย,เสี่ยงน้อย,เสี่ยงปานกลาง,เสี่ยงน้อย,เสี่ยงปานกลาง,เสี่ยงน้อย,1,2,1,2,1,7,0,2,3,🟢 เสี่ยงต่ำ/ทั่วไป
1364,เชียงใหม่,แม่อาย,แม่นาวาง,คายนอกพัฒนา,เสี่ยงปานกลาง,เสี่ยงปานกลาง,เสี่ยงปานกลาง,เสี่ยงน้อย,เสี่ยงน้อย,2,2,2,1,1,8,0,3,2,🟡 เฝ้าระวังปานกลาง (เสี่ยงกลาง 3+ ด้าน)
1365,เชียงใหม่,แม่อาย,แม่นาวาง,จอเจริญ,เสี่ยงปานกลาง,เสี่ยงปานกลาง,เสี่ยงน้อย,เสี่ยงน้อย,เสี่ยงน้อย,2,2,1,1,1,7,0,2,3,🟢 เสี่ยงต่ำ/ทั่วไป
1366,เชียงใหม่,แม่อาย,แม่นาวาง,ใหม่ร่องไคร้,เสี่ยงน้อย,เสี่ยงปานกลาง,เสี่ยงปานกลาง,เสี่ยงน้อย,เสี่ยงน้อย,1,2,2,1,1,7,0,2,3,🟢 เสี่ยงต่ำ/ทั่วไป
1367,เชียงใหม่,แม่อาย,แม่สาว,แม่สาว,เสี่ยงน้อย,เสี่ยงน้อย,เสี่ยงสูง,เสี่ยงน้อย,เสี่ยงน้อย,1,1,3,1,1,7,1,0,4,⚠️ เฝ้าระวังสูง (เสี่ยงสูง 1 ด้าน)
1368,เชียงใหม่,แม่อาย,แม่สาว,สันมะนาว,เสี่ยงน้อย,เสี่ยงปานกลาง,เสี่ยงน้อย,เสี่ยงน้อย,เสี่ยงน้อย,1,2,1,1,1,6,0,1,4,🟢 เสี่ยงต่ำ/ทั่วไป
1369,เชียงใหม่,แม่อาย,แม่สาว,หนองเต็ง,เสี่ยงน้อย,เสี่ยงปานกลาง,เสี่ยงสูง,เสี่ยงน้อย,เสี่ยงน้อย,1,2,3,1,1,8,1,1,3,⚠️ เฝ้าระวังสูง (เสี่ยงสูง 1 ด้าน)
1370,เชียงใหม่,แม่อาย,แม่สาว,ห้วยป่าซาง,เสี่ยงปานกลาง,เสี่ยงปานกลาง,เสี่ยงน้อย,เสี่ยงน้อย,เสี่ยงน้อย,2,2,1,1,1,7,0,2,3,🟢 เสี่ยงต่ำ/ทั่วไป
1371,เชียงใหม่,แม่อาย,แม่สาว,ดง,เสี่ยงปานกลาง,เสี่ยงปานกลาง,เสี่ยงปานกลาง,เสี่ยงน้อย,เสี่ยงน้อย,2,2,2,1,1,8,0,3,2,🟡 เฝ้าระวังปานกลาง (เสี่ยงกลาง 3+ ด้าน)
1372,เชียงใหม่,แม่อาย,แม่สาว,แม่ฮ่าง,เสี่ยงปานกลาง,เสี่ยงปานกลาง,เสี่ยงสูง,เสี่ยงปานกลาง,เสี่ยงน้อย,2,2,3,2,1,10,1,3,1,⚠️ เฝ้าระวังสูง (เสี่ยงสูง 1 ด้าน)
1373,เชียงใหม่,แม่อาย,แม่สาว,กาวิละ,เสี่ยงน้อย,เสี่ยงน้อย,เสี่ยงปานกลาง,เสี่ยงน้อย,เสี่ยงน้อย,1,1,2,1,1,6,0,1,4,🟢 เสี่ยงต่ำ/ทั่วไป
1374,เชียงใหม่,แม่อาย,แม่สาว,ศรีดอนแก้ว,เสี่ยงน้อย,เสี่ยงปานกลาง,เสี่ยงน้อย,เสี่ยงน้อย,เสี่ยงน้อย,1,2,1,1,1,6,0,1,4,🟢 เสี่ยงต่ำ/ทั่วไป
1375,เชียงใหม่,แม่อาย,แม่สาว,สันป่าข่า,เสี่ยงปานกลาง,เสี่ยงปานกลาง,เสี่ยงน้อย,เสี่ยงปานกลาง,เสี่ยงน้อย,2,2,1,2,1,8,0,3,2,🟡 เฝ้าระวังปานกลาง (เสี่ยงกลาง 3+ ด้าน)
1376,เชียงใหม่,แม่อาย,แม่สาว,เมืองหนอง,เสี่ยงปานกลาง,เสี่ยงปานกลาง,เสี่ยงสูง,เสี่ยงปานกลาง,เสี่ยงน้อย,2,2,3,2,1,10,1,3,1,⚠️ เฝ้าระวังสูง (เสี่ยงสูง 1 ด้าน)
1377,เชียงใหม่,แม่อาย,แม่สาว,ปัญจพัฒนา,เสี่ยงปานกลาง,เสี่ยงน้อย,เสี่ยงน้อย,เสี่ยงน้อย,เสี่ยงน้อย,2,1,1,1,1,6,0,1,4,🟢 เสี่ยงต่ำ/ทั่วไป
1378,เชียงใหม่,แม่อาย,แม่สาว,สัน,เสี่ยงปานกลาง,เสี่ยงปานกลาง,เสี่ยงน้อย,เสี่ยงน้อย,เสี่ยงน้อย,2,2,1,1,1,7,0,2,3,🟢 เสี่ยงต่ำ/ทั่วไป
1379,เชียงใหม่,แม่อาย,แม่สาว,ศรีบุญเรือง,เสี่ยงสูง,เสี่ยงปานกลาง,เสี่ยงปานกลาง,เสี่ยงปานกลาง,เสี่ยงน้อย,3,2,2,2,1,10,1,3,1,⚠️ เฝ้าระวังสูง (เสี่ยงสูง 1 ด้าน)
1380,เชียงใหม่,แม่อาย,แม่สาว,เมืองพาน,เสี่ยงน้อย,เสี่ยงปานกลาง,เสี่ยงปานกลาง,เสี่ยงน้อย,เสี่ยงน้อย,1,2,2,1,1,7,0,2,3,🟢 เสี่ยงต่ำ/ทั่วไป
1381,เชียงใหม่,แม่อาย,แม่สาว,โป่งไฮ,เสี่ยงน้อย,เสี่ยงน้อย,เสี่ยงปานกลาง,เสี่ยงน้อย,เสี่ยงน้อย,1,1,2,1,1,6,0,1,4,🟢 เสี่ยงต่ำ/ทั่วไป
1382,เชียงใหม่,แม่อาย,แม่สาว,ศรีเวียง,เสี่ยงน้อย,เสี่ยงปานกลาง,เสี่ยงน้อย,เสี่ยงน้อย,เสี่ยงน้อย,1,2,1,1,1,6,0,1,4,🟢 เสี่ยงต่ำ/ทั่วไป
1383,เชียงใหม่,แม่อาย,แม่อาย,ดอยแก้ว,เสี่ยงน้อย,เสี่ยงน้อย,เสี่ยงน้อย,เสี่ยงน้อย,เสี่ยงน้อย,1,1,1,1,1,5,0,0,5,🟢 เสี่ยงต่ำ/ทั่วไป
1384,เชียงใหม่,แม่อาย,แม่อาย,ดอนชัยใต้,เสี่ยงน้อย,เสี่ยงน้อย,เสี่ยงน้อย,เสี่ยงน้อย,เสี่ยงน้อย,1,1,1,1,1,5,0,0,5,🟢 เสี่ยงต่ำ/ทั่วไป
1385,เชียงใหม่,แม่อาย,แม่อาย,ดอนชัยเหนือ,เสี่ยงน้อย,เสี่ยงปานกลาง,เสี่ยงน้อย,เสี่ยงน้อย,เสี่ยงน้อย,1,2,1,1,1,6,0,1,4,🟢 เสี่ยงต่ำ/ทั่วไป
1386,เชียงใหม่,แม่อาย,แม่อาย,ใหม่ปู่แช่,เสี่ยงน้อย,เสี่ยงน้อย,เสี่ยงน้อย,เสี่ยงน้อย,เสี่ยงน้อย,1,1,1,1,1,5,0,0,5,🟢 เสี่ยงต่ำ/ทั่วไป
1387,เชียงใหม่,แม่อาย,แม่อาย,แม่อายหลวง,เสี่ยงน้อย,เสี่ยงน้อย,เสี่ยงน้อย,เสี่ยงน้อย,เสี่ยงน้อย,1,1,1,1,1,5,0,0,5,🟢 เสี่ยงต่ำ/ทั่วไป
1388,เชียงใหม่,แม่อาย,แม่อาย,โฮ่งน้อย,เสี่ยงน้อย,เสี่ยงน้อย,เสี่ยงปานกลาง,เสี่ยงน้อย,เสี่ยงน้อย,1,1,2,1,1,6,0,1,4,🟢 เสี่ยงต่ำ/ทั่วไป
1389,เชียงใหม่,แม่อาย,แม่อาย,โฮ่งหลวง,เสี่ยงน้อย,เสี่ยงน้อย,เสี่ยงน้อย,เสี่ยงน้อย,เสี่ยงน้อย,1,1,1,1,1,5,0,0,5,🟢 เสี่ยงต่ำ/ทั่วไป
1390,เชียงใหม่,แม่อาย,แม่อาย,โฮ่งเหนือ,เสี่ยงน้อย,เสี่ยงน้อย,เสี่ยงน้อย,เสี่ยงน้อย,เสี่ยงน้อย,1,1,1,1,1,5,0,0,5,🟢 เสี่ยงต่ำ/ทั่วไป
1391,เชียงใหม่,แม่อาย,แม่อาย,ปางต้นเดื่อ,เสี่ยงปานกลาง,เสี่ยงน้อย,เสี่ยงน้อย,เสี่ยงน้อย,เสี่ยงน้อย,2,1,1,1,1,6,0,1,4,🟢 เสี่ยงต่ำ/ทั่วไป
1392,เชียงใหม่,แม่อาย,แม่อาย,แม่แหลงป่าห้า,เสี่ยงน้อย,เสี่ยงน้อย,เสี่ยงน้อย,เสี่ยงน้อย,เสี่ยงน้อย,1,1,1,1,1,5,0,0,5,🟢 เสี่ยงต่ำ/ทั่วไป
1393,เชียงใหม่,แม่อาย,แม่อาย,แม่แหลงหลวง,เสี่ยงน้อย,เสี่ยงน้อย,เสี่ยงน้อย,เสี่ยงน้อย,เสี่ยงน้อย,1,1,1,1,1,5,0,0,5,🟢 เสี่ยงต่ำ/ทั่วไป
1394,เชียงใหม่,แม่อาย,แม่อาย,จะนะ,เสี่ยงปานกลาง,เสี่ยงน้อย,เสี่ยงน้อย,เสี่ยงปานกลาง,เสี่ยงน้อย,2,1,1,2,1,7,0,2,3,🟢 เสี่ยงต่ำ/ทั่วไป
1395,เชียงใหม่,แม่อาย,แม่อาย,ดอยแหลม,เสี่ยงปานกลาง,เสี่ยงน้อย,เสี่ยงน้อย,เสี่ยงปานกลาง,เสี่ยงน้อย,2,1,1,2,1,7,0,2,3,🟢 เสี่ยงต่ำ/ทั่วไป
1396,เชียงใหม่,แม่อาย,สันต้นหมื้อ,โล๊ะ,เสี่ยงปานกลาง,เสี่ยงปานกลาง,เสี่ยงน้อย,เสี่ยงปานกลาง,เสี่ยงสูง,2,2,1,2,3,10,1,3,1,⚠️ เฝ้าระวังสูง (เสี่ยงสูง 1 ด้าน)
1397,เชียงใหม่,แม่อาย,สันต้นหมื้อ,สันปอธง,เสี่ยงน้อย,เสี่ยงปานกลาง,เสี่ยงน้อย,เสี่ยงปานกลาง,เสี่ยงสูง,1,2,1,2,3,9,1,2,2,⚠️ เฝ้าระวังสูง (เสี่ยงสูง 1 ด้าน)
1398,เชียงใหม่,แม่อาย,สันต้นหมื้อ,ทรายแดง,เสี่ยงน้อย,เสี่ยงปานกลาง,เสี่ยงปานกลาง,เสี่ยงปานกลาง,เสี่ยงสูง,1,2,2,2,3,10,1,3,1,⚠️ เฝ้าระวังสูง (เสี่ยงสูง 1 ด้าน)
1399,เชียงใหม่,แม่อาย,สันต้นหมื้อ,สันต้นหมื้อ,เสี่ยงน้อย,เสี่ยงน้อย,เสี่ยงน้อย,เสี่ยงปานกลาง,เสี่ยงสูง,1,1,1,2,3,8,1,1,3,⚠️ เฝ้าระวังสูง (เสี่ยงสูง 1 ด้าน)
1400,เชียงใหม่,แม่อาย,สันต้นหมื้อ,ฮ่องห้าน้อย,เสี่ยงน้อย,เสี่ยงปานกลาง,เสี่ยงน้อย,เสี่ยงปานกลาง,เสี่ยงสูง,1,2,1,2,3,9,1,2,2,⚠️ เฝ้าระวังสูง (เสี่ยงสูง 1 ด้าน)
1401,เชียงใหม่,แม่อาย,สันต้นหมื้อ,ใหม่กองทราย,เสี่ยงน้อย,เสี่ยงปานกลาง,เสี่ยงน้อย,เสี่ยงปานกลาง,เสี่ยงสูง,1,2,1,2,3,9,1,2,2,⚠️ เฝ้าระวังสูง (เสี่ยงสูง 1 ด้าน)
1402,เชียงใหม่,แม่อาย,สันต้นหมื้อ,สันป่าเหียว,เสี่ยงน้อย,เสี่ยงปานกลาง,เสี่ยงปานกลาง,เสี่ยงปานกลาง,เสี่ยงสูง,1,2,2,2,3,10,1,3,1,⚠️ เฝ้าระวังสูง (เสี่ยงสูง 1 ด้าน)
1403,เชียงใหม่,แม่อาย,สันต้นหมื้อ,สันป๋อ,เสี่ยงน้อย,เสี่ยงปานกลาง,เสี่ยงน้อย,เสี่ยงปานกลาง,เสี่ยงสูง,1,2,1,2,3,9,1,2,2,⚠️ เฝ้าระวังสูง (เสี่ยงสูง 1 ด้าน)
1404,เชียงใหม่,แม่อาย,สันต้นหมื้อ,ป่าเหียก,เสี่ยงน้อย,เสี่ยงปานกลาง,เสี่ยงน้อย,เสี่ยงปานกลาง,เสี่ยงสูง,1,2,1,2,3,9,1,2,2,⚠️ เฝ้าระวังสูง (เสี่ยงสูง 1 ด้าน)
1405,เชียงใหม่,แม่อาย,สันต้นหมื้อ,สันลมจอย,เสี่ยงปานกลาง,เสี่ยงปานกลาง,เสี่ยงน้อย,เสี่ยงปานกลาง,เสี่ยงสูง,2,2,1,2,3,10,1,3,1,⚠️ เฝ้าระวังสูง (เสี่ยงสูง 1 ด้าน)
1406,เชียงใหม่,แม่อาย,สันต้นหมื้อ,ใหม่พัฒนา,เสี่ยงปานกลาง,เสี่ยงปานกลาง,เสี่ยงน้อย,เสี่ยงปานกลาง,เสี่ยงสูง,2,2,1,2,3,10,1,3,1,⚠️ เฝ้าระวังสูง (เสี่ยงสูง 1 ด้าน)
1407,เชียงใหม่,แม่อาย,สันต้นหมื้อ,ดอนใหม่,เสี่ยงปานกลาง,เสี่ยงปานกลาง,เสี่ยงน้อย,เสี่ยงปานกลาง,เสี่ยงสูง,2,2,1,2,3,10,1,3,1,⚠️ เฝ้าระวังสูง (เสี่ยงสูง 1 ด้าน)
1408,เชียงใหม่,เวียงแหง,เปียงหลวง,เปียงหลวง,เสี่ยงน้อย,เสี่ยงน้อย,เสี่ยงปานกลาง,เสี่ยงน้อย,เสี่ยงปานกลาง,1,1,2,1,2,7,0,2,3,🟢 เสี่ยงต่ำ/ทั่วไป
1409,เชียงใหม่,เวียงแหง,เปียงหลวง,จอง,เสี่ยงน้อย,เสี่ยงปานกลาง,เสี่ยงปานกลาง,เสี่ยงน้อย,เสี่ยงปานกลาง,1,2,2,1,2,8,0,3,2,🟡 เฝ้าระวังปานกลาง (เสี่ยงกลาง 3+ ด้าน)
1410,เชียงใหม่,เวียงแหง,เปียงหลวง,ใหม่มะกายอน,เสี่ยงปานกลาง,เสี่ยงปานกลาง,เสี่ยงสูง,เสี่ยงน้อย,เสี่ยงปานกลาง,2,2,3,1,2,10,1,3,1,⚠️ เฝ้าระวังสูง (เสี่ยงสูง 1 ด้าน)
1411,เชียงใหม่,เวียงแหง,เปียงหลวง,ม่วงเครือ,เสี่ยงน้อย,เสี่ยงน้อย,เสี่ยงสูง,เสี่ยงน้อย,เสี่ยงปานกลาง,1,1,3,1,2,8,1,1,3,⚠️ เฝ้าระวังสูง (เสี่ยงสูง 1 ด้าน)
1412,เชียงใหม่,เวียงแหง,เปียงหลวง,ห้วยไคร้,เสี่ยงน้อย,เสี่ยงปานกลาง,เสี่ยงสูง,เสี่ยงปานกลาง,เสี่ยงปานกลาง,1,2,3,2,2,10,1,3,1,⚠️ เฝ้าระวังสูง (เสี่ยงสูง 1 ด้าน)
1413,เชียงใหม่,เวียงแหง,เปียงหลวง,แปกแซม,เสี่ยงน้อย,เสี่ยงปานกลาง,เสี่ยงน้อย,เสี่ยงน้อย,เสี่ยงปานกลาง,1,2,1,1,2,7,0,2,3,🟢 เสี่ยงต่ำ/ทั่วไป
1414,เชียงใหม่,เวียงแหง,เมืองแหง,แม่หาด,เสี่ยงน้อย,เสี่ยงปานกลาง,เสี่ยงปานกลาง,เสี่ยงน้อย,เสี่ยงน้อย,1,2,2,1,1,7,0,2,3,🟢 เสี่ยงต่ำ/ทั่วไป
1415,เชียงใหม่,เวียงแหง,เมืองแหง,กองลม,เสี่ยงน้อย,เสี่ยงน้อย,เสี่ยงปานกลาง,เสี่ยงน้อย,เสี่ยงน้อย,1,1,2,1,1,6,0,1,4,🟢 เสี่ยงต่ำ/ทั่วไป
1416,เชียงใหม่,เวียงแหง,เมืองแหง,ป่าไผ่,เสี่ยงน้อย,เสี่ยงปานกลาง,เสี่ยงปานกลาง,เสี่ยงปานกลาง,เสี่ยงน้อย,1,2,2,2,1,8,0,3,2,🟡 เฝ้าระวังปานกลาง (เสี่ยงกลาง 3+ ด้าน)
1417,เชียงใหม่,เวียงแหง,เมืองแหง,เวียงแหง,เสี่ยงปานกลาง,เสี่ยงน้อย,เสี่ยงปานกลาง,เสี่ยงน้อย,เสี่ยงน้อย,2,1,2,1,1,7,0,2,3,🟢 เสี่ยงต่ำ/ทั่วไป
1418,เชียงใหม่,เวียงแหง,เมืองแหง,ห้วยหก,เสี่ยงน้อย,เสี่ยงปานกลาง,เสี่ยงปานกลาง,เสี่ยงปานกลาง,เสี่ยงน้อย,1,2,2,2,1,8,0,3,2,🟡 เฝ้าระวังปานกลาง (เสี่ยงกลาง 3+ ด้าน)
1419,เชียงใหม่,เวียงแหง,เมืองแหง,สามหมื่น,เสี่ยงปานกลาง,เสี่ยงปานกลาง,เสี่ยงน้อย,เสี่ยงน้อย,เสี่ยงน้อย,2,2,1,1,1,7,0,2,3,🟢 เสี่ยงต่ำ/ทั่วไป
1420,เชียงใหม่,เวียงแหง,เมืองแหง,นามน,เสี่ยงน้อย,เสี่ยงน้อย,เสี่ยงปานกลาง,เสี่ยงน้อย,เสี่ยงน้อย,1,1,2,1,1,6,0,1,4,🟢 เสี่ยงต่ำ/ทั่วไป
1421,เชียงใหม่,เวียงแหง,เมืองแหง,แม่แพม,เสี่ยงปานกลาง,เสี่ยงปานกลาง,เสี่ยงน้อย,เสี่ยงน้อย,เสี่ยงน้อย,2,2,1,1,1,7,0,2,3,🟢 เสี่ยงต่ำ/ทั่วไป
1422,เชียงใหม่,เวียงแหง,เมืองแหง,ปางควาย,เสี่ยงปานกลาง,เสี่ยงน้อย,เสี่ยงน้อย,เสี่ยงน้อย,เสี่ยงน้อย,2,1,1,1,1,6,0,1,4,🟢 เสี่ยงต่ำ/ทั่วไป
1423,เชียงใหม่,เวียงแหง,เมืองแหง,กองลมใหม่,เสี่ยงน้อย,เสี่ยงน้อย,เสี่ยงปานกลาง,เสี่ยงน้อย,เสี่ยงน้อย,1,1,2,1,1,6,0,1,4,🟢 เสี่ยงต่ำ/ทั่วไป
1424,เชียงใหม่,เวียงแหง,เมืองแหง,เลาวู,เสี่ยงปานกลาง,เสี่ยงปานกลาง,เสี่ยงน้อย,เสี่ยงน้อย,เสี่ยงน้อย,2,2,1,1,1,7,0,2,3,🟢 เสี่ยงต่ำ/ทั่วไป
1425,เชียงใหม่,เวียงแหง,เมืองแหง,แม่แตะ,เสี่ยงปานกลาง,เสี่ยงปานกลาง,เสี่ยงน้อย,เสี่ยงน้อย,เสี่ยงน้อย,2,2,1,1,1,7,0,2,3,🟢 เสี่ยงต่ำ/ทั่วไป
1426,เชียงใหม่,เวียงแหง,แสนไห,สันดวงดี,เสี่ยงน้อย,เสี่ยงปานกลาง,เสี่ยงปานกลาง,เสี่ยงน้อย,เสี่ยงน้อย,1,2,2,1,1,7,0,2,3,🟢 เสี่ยงต่ำ/ทั่วไป
1427,เชียงใหม่,เวียงแหง,แสนไห,สามปู,เสี่ยงน้อย,เสี่ยงปานกลาง,เสี่ยงปานกลาง,เสี่ยงปานกลาง,เสี่ยงน้อย,1,2,2,2,1,8,0,3,2,🟡 เฝ้าระวังปานกลาง (เสี่ยงกลาง 3+ ด้าน)
1428,เชียงใหม่,เวียงแหง,แสนไห,ม่วงป๊อก,เสี่ยงน้อย,เสี่ยงปานกลาง,เสี่ยงปานกลาง,เสี่ยงน้อย,เสี่ยงน้อย,1,2,2,1,1,7,0,2,3,🟢 เสี่ยงต่ำ/ทั่วไป
1429,เชียงใหม่,เวียงแหง,แสนไห,มหาธาตุ,เสี่ยงน้อย,เสี่ยงน้อย,เสี่ยงปานกลาง,เสี่ยงน้อย,เสี่ยงน้อย,1,1,2,1,1,6,0,1,4,🟢 เสี่ยงต่ำ/ทั่วไป
1430,เชียงใหม่,เวียงแหง,แสนไห,ปางป๋อ,เสี่ยงน้อย,เสี่ยงน้อย,เสี่ยงปานกลาง,เสี่ยงน้อย,เสี่ยงน้อย,1,1,2,1,1,6,0,1,4,🟢 เสี่ยงต่ำ/ทั่วไป
1431,เชียงใหม่,สะเมิง,บ่อแก้ว,ป่าเกี๊ยะนอก,เสี่ยงน้อย,เสี่ยงน้อย,เสี่ยงปานกลาง,เสี่ยงน้อย,เสี่ยงปานกลาง,1,1,2,1,2,7,0,2,3,🟢 เสี่ยงต่ำ/ทั่วไป
1432,เชียงใหม่,สะเมิง,บ่อแก้ว,แม่โต๋,เสี่ยงน้อย,เสี่ยงปานกลาง,เสี่ยงน้อย,เสี่ยงน้อย,เสี่ยงปานกลาง,1,2,1,1,2,7,0,2,3,🟢 เสี่ยงต่ำ/ทั่วไป
1433,เชียงใหม่,สะเมิง,บ่อแก้ว,แม่ขะปู,เสี่ยงน้อย,เสี่ยงปานกลาง,เสี่ยงปานกลาง,เสี่ยงน้อย,เสี่ยงปานกลาง,1,2,2,1,2,8,0,3,2,🟡 เฝ้าระวังปานกลาง (เสี่ยงกลาง 3+ ด้าน)
1434,เชียงใหม่,สะเมิง,บ่อแก้ว,แม่ยางห้า,เสี่ยงน้อย,เสี่ยงปานกลาง,เสี่ยงปานกลาง,เสี่ยงน้อย,เสี่ยงปานกลาง,1,2,2,1,2,8,0,3,2,🟡 เฝ้าระวังปานกลาง (เสี่ยงกลาง 3+ ด้าน)
1435,เชียงใหม่,สะเมิง,บ่อแก้ว,บ่อแก้ว,เสี่ยงน้อย,เสี่ยงน้อย,เสี่ยงปานกลาง,เสี่ยงน้อย,เสี่ยงปานกลาง,1,1,2,1,2,7,0,2,3,🟢 เสี่ยงต่ำ/ทั่วไป
1436,เชียงใหม่,สะเมิง,บ่อแก้ว,ห้วยน้ำจาง,เสี่ยงน้อย,เสี่ยงปานกลาง,เสี่ยงน้อย,เสี่ยงน้อย,เสี่ยงปานกลาง,1,2,1,1,2,7,0,2,3,🟢 เสี่ยงต่ำ/ทั่วไป
1437,เชียงใหม่,สะเมิง,บ่อแก้ว,ห้วยเต่า,เสี่ยงปานกลาง,เสี่ยงปานกลาง,เสี่ยงน้อย,เสี่ยงน้อย,เสี่ยงปานกลาง,2,2,1,1,2,8,0,3,2,🟡 เฝ้าระวังปานกลาง (เสี่ยงกลาง 3+ ด้าน)
1438,เชียงใหม่,สะเมิง,บ่อแก้ว,ป่าเกี๊ยะใน,เสี่ยงน้อย,เสี่ยงน้อย,เสี่ยงน้อย,เสี่ยงน้อย,เสี่ยงปานกลาง,1,1,1,1,2,6,0,1,4,🟢 เสี่ยงต่ำ/ทั่วไป
1439,เชียงใหม่,สะเมิง,บ่อแก้ว,เด่นฮ่อม,เสี่ยงน้อย,เสี่ยงปานกลาง,เสี่ยงปานกลาง,เสี่ยงน้อย,เสี่ยงปานกลาง,1,2,2,1,2,8,0,3,2,🟡 เฝ้าระวังปานกลาง (เสี่ยงกลาง 3+ ด้าน)
1440,เชียงใหม่,สะเมิง,บ่อแก้ว,หนองคีซูใน,เสี่ยงน้อย,เสี่ยงน้อย,เสี่ยงน้อย,เสี่ยงน้อย,เสี่ยงปานกลาง,1,1,1,1,2,6,0,1,4,🟢 เสี่ยงต่ำ/ทั่วไป
1441,เชียงใหม่,สะเมิง,แม่สาบ,แม่ขาน,เสี่ยงปานกลาง,เสี่ยงปานกลาง,เสี่ยงน้อย,เสี่ยงน้อย,เสี่ยงน้อย,2,2,1,1,1,7,0,2,3,🟢 เสี่ยงต่ำ/ทั่วไป
1442,เชียงใหม่,สะเมิง,แม่สาบ,อมลอง,เสี่ยงปานกลาง,เสี่ยงปานกลาง,เสี่ยงปานกลาง,เสี่ยงน้อย,เสี่ยงน้อย,2,2,2,1,1,8,0,3,2,🟡 เฝ้าระวังปานกลาง (เสี่ยงกลาง 3+ ด้าน)
1443,เชียงใหม่,สะเมิง,แม่สาบ,งาแมง,เสี่ยงน้อย,เสี่ยงปานกลาง,เสี่ยงปานกลาง,เสี่ยงน้อย,เสี่ยงน้อย,1,2,2,1,1,7,0,2,3,🟢 เสี่ยงต่ำ/ทั่วไป
1444,เชียงใหม่,สะเมิง,แม่สาบ,ปางเติม,เสี่ยงน้อย,เสี่ยงปานกลาง,เสี่ยงปานกลาง,เสี่ยงน้อย,เสี่ยงน้อย,1,2,2,1,1,7,0,2,3,🟢 เสี่ยงต่ำ/ทั่วไป
1445,เชียงใหม่,สะเมิง,แม่สาบ,แม่ตุงติง,เสี่ยงน้อย,เสี่ยงปานกลาง,เสี่ยงน้อย,เสี่ยงน้อย,เสี่ยงน้อย,1,2,1,1,1,6,0,1,4,🟢 เสี่ยงต่ำ/ทั่วไป
1446,เชียงใหม่,สะเมิง,แม่สาบ,ขุนสาบ,เสี่ยงปานกลาง,เสี่ยงปานกลาง,เสี่ยงน้อย,เสี่ยงน้อย,เสี่ยงน้อย,2,2,1,1,1,7,0,2,3,🟢 เสี่ยงต่ำ/ทั่วไป
1447,เชียงใหม่,สะเมิง,แม่สาบ,หาดส้มป่อย,เสี่ยงปานกลาง,เสี่ยงปานกลาง,เสี่ยงปานกลาง,เสี่ยงน้อย,เสี่ยงน้อย,2,2,2,1,1,8,0,3,2,🟡 เฝ้าระวังปานกลาง (เสี่ยงกลาง 3+ ด้าน)
1448,เชียงใหม่,สะเมิง,แม่สาบ,งิ้วเฒ่า,เสี่ยงน้อย,เสี่ยงปานกลาง,เสี่ยงสูง,เสี่ยงน้อย,เสี่ยงน้อย,1,2,3,1,1,8,1,1,3,⚠️ เฝ้าระวังสูง (เสี่ยงสูง 1 ด้าน)
1449,เชียงใหม่,สะเมิง,แม่สาบ,นากู่-ผายอง,เสี่ยงน้อย,เสี่ยงน้อย,เสี่ยงปานกลาง,เสี่ยงน้อย,เสี่ยงน้อย,1,1,2,1,1,6,0,1,4,🟢 เสี่ยงต่ำ/ทั่วไป
1450,เชียงใหม่,สะเมิง,แม่สาบ,ทุ่งยาว,เสี่ยงน้อย,เสี่ยงปานกลาง,เสี่ยงน้อย,เสี่ยงน้อย,เสี่ยงน้อย,1,2,1,1,1,6,0,1,4,🟢 เสี่ยงต่ำ/ทั่วไป
1451,เชียงใหม่,สะเมิง,ยั้งเมิน,ปางขุม,เสี่ยงปานกลาง,เสี่ยงปานกลาง,เสี่ยงปานกลาง,เสี่ยงน้อย,เสี่ยงน้อย,2,2,2,1,1,8,0,3,2,🟡 เฝ้าระวังปานกลาง (เสี่ยงกลาง 3+ ด้าน)
1452,เชียงใหม่,สะเมิง,ยั้งเมิน,แม่แว,เสี่ยงปานกลาง,เสี่ยงปานกลาง,เสี่ยงปานกลาง,เสี่ยงน้อย,เสี่ยงน้อย,2,2,2,1,1,8,0,3,2,🟡 เฝ้าระวังปานกลาง (เสี่ยงกลาง 3+ ด้าน)
1453,เชียงใหม่,สะเมิง,ยั้งเมิน,ยั้งเมิน,เสี่ยงน้อย,เสี่ยงน้อย,เสี่ยงปานกลาง,เสี่ยงน้อย,เสี่ยงน้อย,1,1,2,1,1,6,0,1,4,🟢 เสี่ยงต่ำ/ทั่วไป
1454,เชียงใหม่,สะเมิง,ยั้งเมิน,อังคาย,เสี่ยงปานกลาง,เสี่ยงปานกลาง,เสี่ยงสูง,เสี่ยงน้อย,เสี่ยงน้อย,2,2,3,1,1,9,1,2,2,⚠️ เฝ้าระวังสูง (เสี่ยงสูง 1 ด้าน)
1455,เชียงใหม่,สะเมิง,ยั้งเมิน,ห้วยทรายขาว,เสี่ยงปานกลาง,เสี่ยงปานกลาง,เสี่ยงปานกลาง,เสี่ยงน้อย,เสี่ยงน้อย,2,2,2,1,1,8,0,3,2,🟡 เฝ้าระวังปานกลาง (เสี่ยงกลาง 3+ ด้าน)
1456,เชียงใหม่,สะเมิง,ยั้งเมิน,กิ่วเสือ,เสี่ยงปานกลาง,เสี่ยงปานกลาง,เสี่ยงปานกลาง,เสี่ยงน้อย,เสี่ยงน้อย,2,2,2,1,1,8,0,3,2,🟡 เฝ้าระวังปานกลาง (เสี่ยงกลาง 3+ ด้าน)
1457,เชียงใหม่,สะเมิง,ยั้งเมิน,ใหม่ประชาชื่น,เสี่ยงน้อย,เสี่ยงปานกลาง,เสี่ยงปานกลาง,เสี่ยงน้อย,เสี่ยงน้อย,1,2,2,1,1,7,0,2,3,🟢 เสี่ยงต่ำ/ทั่วไป
1458,เชียงใหม่,สะเมิง,สะเมิงใต้,แม่สาบ,เสี่ยงน้อย,เสี่ยงน้อย,เสี่ยงปานกลาง,เสี่ยงน้อย,เสี่ยงปานกลาง,1,1,2,1,2,7,0,2,3,🟢 เสี่ยงต่ำ/ทั่วไป
1459,เชียงใหม่,สะเมิง,สะเมิงใต้,น้ำริน,เสี่ยงน้อย,เสี่ยงน้อย,เสี่ยงน้อย,เสี่ยงน้อย,เสี่ยงปานกลาง,1,1,1,1,2,6,0,1,4,🟢 เสี่ยงต่ำ/ทั่วไป
1460,เชียงใหม่,สะเมิง,สะเมิงใต้,ห้วยคอก,เสี่ยงน้อย,เสี่ยงน้อย,เสี่ยงน้อย,เสี่ยงน้อย,เสี่ยงปานกลาง,1,1,1,1,2,6,0,1,4,🟢 เสี่ยงต่ำ/ทั่วไป
1461,เชียงใหม่,สะเมิง,สะเมิงใต้,ศาลา,เสี่ยงน้อย,เสี่ยงน้อย,เสี่ยงน้อย,เสี่ยงน้อย,เสี่ยงปานกลาง,1,1,1,1,2,6,0,1,4,🟢 เสี่ยงต่ำ/ทั่วไป
1462,เชียงใหม่,สะเมิง,สะเมิงใต้,ทรายมูล,เสี่ยงน้อย,เสี่ยงน้อย,เสี่ยงปานกลาง,เสี่ยงน้อย,เสี่ยงปานกลาง,1,1,2,1,2,7,0,2,3,🟢 เสี่ยงต่ำ/ทั่วไป
1463,เชียงใหม่,สะเมิง,สะเมิงใต้,แม่ลานคำ,เสี่ยงน้อย,เสี่ยงน้อย,เสี่ยงน้อย,เสี่ยงน้อย,เสี่ยงปานกลาง,1,1,1,1,2,6,0,1,4,🟢 เสี่ยงต่ำ/ทั่วไป
1464,เชียงใหม่,สะเมิง,สะเมิงใต้,กองขากหลวง,เสี่ยงน้อย,เสี่ยงน้อย,เสี่ยงน้อย,เสี่ยงน้อย,เสี่ยงปานกลาง,1,1,1,1,2,6,0,1,4,🟢 เสี่ยงต่ำ/ทั่วไป
1465,เชียงใหม่,สะเมิง,สะเมิงใต้,กองขากน้อย,เสี่ยงน้อย,เสี่ยงน้อย,เสี่ยงน้อย,เสี่ยงน้อย,เสี่ยงปานกลาง,1,1,1,1,2,6,0,1,4,🟢 เสี่ยงต่ำ/ทั่วไป
1466,เชียงใหม่,สะเมิง,สะเมิงใต้,เหล่าแสนตอง,เสี่ยงน้อย,เสี่ยงน้อย,เสี่ยงน้อย,เสี่ยงน้อย,เสี่ยงปานกลาง,1,1,1,1,2,6,0,1,4,🟢 เสี่ยงต่ำ/ทั่วไป
1467,เชียงใหม่,สะเมิง,สะเมิงใต้,หัวดง,เสี่ยงน้อย,เสี่ยงน้อย,เสี่ยงน้อย,เสี่ยงน้อย,เสี่ยงปานกลาง,1,1,1,1,2,6,0,1,4,🟢 เสี่ยงต่ำ/ทั่วไป
1468,เชียงใหม่,สะเมิง,สะเมิงใต้,ป่าคา,เสี่ยงน้อย,เสี่ยงน้อย,เสี่ยงน้อย,เสี่ยงน้อย,เสี่ยงปานกลาง,1,1,1,1,2,6,0,1,4,🟢 เสี่ยงต่ำ/ทั่วไป
1469,เชียงใหม่,สะเมิง,สะเมิงเหนือ,แม่เลย,เสี่ยงปานกลาง,เสี่ยงปานกลาง,เสี่ยงน้อย,เสี่ยงน้อย,เสี่ยงน้อย,2,2,1,1,1,7,0,2,3,🟢 เสี่ยงต่ำ/ทั่วไป
1470,เชียงใหม่,สะเมิง,สะเมิงเหนือ,แม่แพะ,เสี่ยงปานกลาง,เสี่ยงปานกลาง,เสี่ยงน้อย,เสี่ยงน้อย,เสี่ยงน้อย,2,2,1,1,1,7,0,2,3,🟢 เสี่ยงต่ำ/ทั่วไป
1471,เชียงใหม่,สะเมิง,สะเมิงเหนือ,โป่งกวาว,เสี่ยงปานกลาง,เสี่ยงปานกลาง,เสี่ยงน้อย,เสี่ยงน้อย,เสี่ยงน้อย,2,2,1,1,1,7,0,2,3,🟢 เสี่ยงต่ำ/ทั่วไป
1472,เชียงใหม่,สะเมิง,สะเมิงเหนือ,ป่าลาน,เสี่ยงปานกลาง,เสี่ยงปานกลาง,เสี่ยงปานกลาง,เสี่ยงน้อย,เสี่ยงน้อย,2,2,2,1,1,8,0,3,2,🟡 เฝ้าระวังปานกลาง (เสี่ยงกลาง 3+ ด้าน)
1473,เชียงใหม่,สะเมิง,สะเมิงเหนือ,ป๊อก,เสี่ยงน้อย,เสี่ยงน้อย,เสี่ยงปานกลาง,เสี่ยงน้อย,เสี่ยงน้อย,1,1,2,1,1,6,0,1,4,🟢 เสี่ยงต่ำ/ทั่วไป
1474,เชียงใหม่,สะเมิง,สะเมิงเหนือ,แม่ปะ,เสี่ยงปานกลาง,เสี่ยงปานกลาง,เสี่ยงน้อย,เสี่ยงน้อย,เสี่ยงน้อย,2,2,1,1,1,7,0,2,3,🟢 เสี่ยงต่ำ/ทั่วไป
1475,เชียงใหม่,สันกำแพง,แช่ช้าง,ดอยยาว,เสี่ยงปานกลาง,เสี่ยงปานกลาง,เสี่ยงปานกลาง,เสี่ยงสูง,เสี่ยงน้อย,2,2,2,3,1,10,1,3,1,⚠️ เฝ้าระวังสูง (เสี่ยงสูง 1 ด้าน)
1476,เชียงใหม่,สันกำแพง,แช่ช้าง,ม่วงชุม,เสี่ยงปานกลาง,เสี่ยงปานกลาง,เสี่ยงปานกลาง,เสี่ยงสูง,เสี่ยงน้อย,2,2,2,3,1,10,1,3,1,⚠️ เฝ้าระวังสูง (เสี่ยงสูง 1 ด้าน)
1477,เชียงใหม่,สันกำแพง,แช่ช้าง,ป่าเปา,เสี่ยงปานกลาง,เสี่ยงปานกลาง,เสี่ยงปานกลาง,เสี่ยงปานกลาง,เสี่ยงน้อย,2,2,2,2,1,9,0,4,1,🟡 เฝ้าระวังปานกลาง (เสี่ยงกลาง 3+ ด้าน)
1478,เชียงใหม่,สันกำแพง,แช่ช้าง,ดงขี้เหล็ก,เสี่ยงปานกลาง,เสี่ยงปานกลาง,เสี่ยงปานกลาง,เสี่ยงสูง,เสี่ยงน้อย,2,2,2,3,1,10,1,3,1,⚠️ เฝ้าระวังสูง (เสี่ยงสูง 1 ด้าน)
1479,เชียงใหม่,สันกำแพง,แช่ช้าง,ดอนปิน,เสี่ยงปานกลาง,เสี่ยงปานกลาง,เสี่ยงปานกลาง,เสี่ยงปานกลาง,เสี่ยงน้อย,2,2,2,2,1,9,0,4,1,🟡 เฝ้าระวังปานกลาง (เสี่ยงกลาง 3+ ด้าน)
1480,เชียงใหม่,สันกำแพง,แช่ช้าง,ป่าไผ่น้ำโจ้,เสี่ยงปานกลาง,เสี่ยงปานกลาง,เสี่ยงปานกลาง,เสี่ยงปานกลาง,เสี่ยงน้อย,2,2,2,2,1,9,0,4,1,🟡 เฝ้าระวังปานกลาง (เสี่ยงกลาง 3+ ด้าน)
1481,เชียงใหม่,สันกำแพง,แช่ช้าง,ป่าไผ่กลาง,เสี่ยงน้อย,เสี่ยงน้อย,เสี่ยงปานกลาง,เสี่ยงปานกลาง,เสี่ยงน้อย,1,1,2,2,1,7,0,2,3,🟢 เสี่ยงต่ำ/ทั่วไป
1482,เชียงใหม่,สันกำแพง,แช่ช้าง,ป่าไผ่ใต้,เสี่ยงน้อย,เสี่ยงน้อย,เสี่ยงปานกลาง,เสี่ยงปานกลาง,เสี่ยงน้อย,1,1,2,2,1,7,0,2,3,🟢 เสี่ยงต่ำ/ทั่วไป
1483,เชียงใหม่,สันกำแพง,แช่ช้าง,หัวฝาย,เสี่ยงปานกลาง,เสี่ยงปานกลาง,เสี่ยงปานกลาง,เสี่ยงสูง,เสี่ยงน้อย,2,2,2,3,1,10,1,3,1,⚠️ เฝ้าระวังสูง (เสี่ยงสูง 1 ด้าน)
1484,เชียงใหม่,สันกำแพง,แช่ช้าง,แม่ซ้อโค้งงาม,เสี่ยงปานกลาง,เสี่ยงปานกลาง,เสี่ยงปานกลาง,เสี่ยงปานกลาง,เสี่ยงน้อย,2,2,2,2,1,9,0,4,1,🟡 เฝ้าระวังปานกลาง (เสี่ยงกลาง 3+ ด้าน)
1485,เชียงใหม่,สันกำแพง,ต้นเปา,ต้นเปา,เสี่ยงน้อย,เสี่ยงน้อย,เสี่ยงปานกลาง,เสี่ยงปานกลาง,เสี่ยงปานกลาง,1,1,2,2,2,8,0,3,2,🟡 เฝ้าระวังปานกลาง (เสี่ยงกลาง 3+ ด้าน)
1486,เชียงใหม่,สันกำแพง,ต้นเปา,หนองโค้ง,เสี่ยงน้อย,เสี่ยงน้อย,เสี่ยงปานกลาง,เสี่ยงปานกลาง,เสี่ยงปานกลาง,1,1,2,2,2,8,0,3,2,🟡 เฝ้าระวังปานกลาง (เสี่ยงกลาง 3+ ด้าน)
1487,เชียงใหม่,สันกำแพง,ต้นเปา,บ่อสร้าง,เสี่ยงน้อย,เสี่ยงน้อย,เสี่ยงปานกลาง,เสี่ยงปานกลาง,เสี่ยงปานกลาง,1,1,2,2,2,8,0,3,2,🟡 เฝ้าระวังปานกลาง (เสี่ยงกลาง 3+ ด้าน)
1488,เชียงใหม่,สันกำแพง,ต้นเปา,บวกเป็ด,เสี่ยงน้อย,เสี่ยงน้อย,เสี่ยงปานกลาง,เสี่ยงปานกลาง,เสี่ยงปานกลาง,1,1,2,2,2,8,0,3,2,🟡 เฝ้าระวังปานกลาง (เสี่ยงกลาง 3+ ด้าน)
1489,เชียงใหม่,สันกำแพง,ต้นเปา,สันพระเจ้างาม,เสี่ยงน้อย,เสี่ยงน้อย,เสี่ยงปานกลาง,เสี่ยงปานกลาง,เสี่ยงปานกลาง,1,1,2,2,2,8,0,3,2,🟡 เฝ้าระวังปานกลาง (เสี่ยงกลาง 3+ ด้าน)
1490,เชียงใหม่,สันกำแพง,ต้นเปา,ต้นผึ้ง,เสี่ยงน้อย,เสี่ยงน้อย,เสี่ยงปานกลาง,เสี่ยงปานกลาง,เสี่ยงปานกลาง,1,1,2,2,2,8,0,3,2,🟡 เฝ้าระวังปานกลาง (เสี่ยงกลาง 3+ ด้าน)
1491,เชียงใหม่,สันกำแพง,ต้นเปา,สันมะฮกฟ้า,เสี่ยงน้อย,เสี่ยงน้อย,เสี่ยงปานกลาง,เสี่ยงปานกลาง,เสี่ยงปานกลาง,1,1,2,2,2,8,0,3,2,🟡 เฝ้าระวังปานกลาง (เสี่ยงกลาง 3+ ด้าน)
1492,เชียงใหม่,สันกำแพง,ต้นเปา,สันป่าค่า,เสี่ยงน้อย,เสี่ยงน้อย,เสี่ยงปานกลาง,เสี่ยงปานกลาง,เสี่ยงปานกลาง,1,1,2,2,2,8,0,3,2,🟡 เฝ้าระวังปานกลาง (เสี่ยงกลาง 3+ ด้าน)
1493,เชียงใหม่,สันกำแพง,ต้นเปา,แม่โฮม,เสี่ยงน้อย,เสี่ยงน้อย,เสี่ยงปานกลาง,เสี่ยงปานกลาง,เสี่ยงปานกลาง,1,1,2,2,2,8,0,3,2,🟡 เฝ้าระวังปานกลาง (เสี่ยงกลาง 3+ ด้าน)
1494,เชียงใหม่,สันกำแพง,ต้นเปา,สันช้างมูบ,เสี่ยงน้อย,เสี่ยงน้อย,เสี่ยงปานกลาง,เสี่ยงปานกลาง,เสี่ยงปานกลาง,1,1,2,2,2,8,0,3,2,🟡 เฝ้าระวังปานกลาง (เสี่ยงกลาง 3+ ด้าน)
1495,เชียงใหม่,สันกำแพง,ทรายมูล,ดอนมูล,เสี่ยงน้อย,เสี่ยงปานกลาง,เสี่ยงปานกลาง,เสี่ยงปานกลาง,เสี่ยงสูง,1,2,2,2,3,10,1,3,1,⚠️ เฝ้าระวังสูง (เสี่ยงสูง 1 ด้าน)
1496,เชียงใหม่,สันกำแพง,ทรายมูล,สันโค้งใหม่,เสี่ยงน้อย,เสี่ยงปานกลาง,เสี่ยงปานกลาง,เสี่ยงปานกลาง,เสี่ยงสูง,1,2,2,2,3,10,1,3,1,⚠️ เฝ้าระวังสูง (เสี่ยงสูง 1 ด้าน)
1497,เชียงใหม่,สันกำแพง,ทรายมูล,ป่าเป้า,เสี่ยงน้อย,เสี่ยงปานกลาง,เสี่ยงปานกลาง,เสี่ยงปานกลาง,เสี่ยงสูง,1,2,2,2,3,10,1,3,1,⚠️ เฝ้าระวังสูง (เสี่ยงสูง 1 ด้าน)
1498,เชียงใหม่,สันกำแพง,ทรายมูล,สันโค้งเก่า,เสี่ยงน้อย,เสี่ยงปานกลาง,เสี่ยงปานกลาง,เสี่ยงปานกลาง,เสี่ยงสูง,1,2,2,2,3,10,1,3,1,⚠️ เฝ้าระวังสูง (เสี่ยงสูง 1 ด้าน)
1499,เชียงใหม่,สันกำแพง,ทรายมูล,หัวทุ่ง,เสี่ยงน้อย,เสี่ยงปานกลาง,เสี่ยงปานกลาง,เสี่ยงปานกลาง,เสี่ยงสูง,1,2,2,2,3,10,1,3,1,⚠️ เฝ้าระวังสูง (เสี่ยงสูง 1 ด้าน)
1500,เชียงใหม่,สันกำแพง,ทรายมูล,สันก้างปลา,เสี่ยงน้อย,เสี่ยงปานกลาง,เสี่ยงปานกลาง,เสี่ยงปานกลาง,เสี่ยงสูง,1,2,2,2,3,10,1,3,1,⚠️ เฝ้าระวังสูง (เสี่ยงสูง 1 ด้าน)
1501,เชียงใหม่,สันกำแพง,ทรายมูล,ทรายมูล,เสี่ยงน้อย,เสี่ยงปานกลาง,เสี่ยงปานกลาง,เสี่ยงปานกลาง,เสี่ยงสูง,1,2,2,2,3,10,1,3,1,⚠️ เฝ้าระวังสูง (เสี่ยงสูง 1 ด้าน)
1502,เชียงใหม่,สันกำแพง,บวกค้าง,บวกค้าง,เสี่ยงน้อย,เสี่ยงน้อย,เสี่ยงปานกลาง,เสี่ยงปานกลาง,เสี่ยงสูง,1,1,2,2,3,9,1,2,2,⚠️ เฝ้าระวังสูง (เสี่ยงสูง 1 ด้าน)
1503,เชียงใหม่,สันกำแพง,บวกค้าง,บวกค้าง,เสี่ยงน้อย,เสี่ยงน้อย,เสี่ยงปานกลาง,เสี่ยงปานกลาง,เสี่ยงสูง,1,1,2,2,3,9,1,2,2,⚠️ เฝ้าระวังสูง (เสี่ยงสูง 1 ด้าน)
1504,เชียงใหม่,สันกำแพง,บวกค้าง,ต้นดู่,เสี่ยงน้อย,เสี่ยงปานกลาง,เสี่ยงสูง,เสี่ยงสูง,เสี่ยงสูง,1,2,3,3,3,12,3,1,1,🚨 วิกฤติเร่งด่วน (เสี่ยงสูง 2+ ด้าน)
1505,เชียงใหม่,สันกำแพง,บวกค้าง,ป่าตาล,เสี่ยงน้อย,เสี่ยงน้อย,เสี่ยงสูง,เสี่ยงปานกลาง,เสี่ยงสูง,1,1,3,2,3,10,2,1,2,🚨 วิกฤติเร่งด่วน (เสี่ยงสูง 2+ ด้าน)
1506,เชียงใหม่,สันกำแพง,บวกค้าง,แม่แต,เสี่ยงน้อย,เสี่ยงปานกลาง,เสี่ยงปานกลาง,เสี่ยงปานกลาง,เสี่ยงสูง,1,2,2,2,3,10,1,3,1,⚠️ เฝ้าระวังสูง (เสี่ยงสูง 1 ด้าน)
1507,เชียงใหม่,สันกำแพง,บวกค้าง,ร้อยพร้อม,เสี่ยงน้อย,เสี่ยงปานกลาง,เสี่ยงปานกลาง,เสี่ยงปานกลาง,เสี่ยงสูง,1,2,2,2,3,10,1,3,1,⚠️ เฝ้าระวังสูง (เสี่ยงสูง 1 ด้าน)
1508,เชียงใหม่,สันกำแพง,บวกค้าง,ย่าปาย,เสี่ยงน้อย,เสี่ยงปานกลาง,เสี่ยงปานกลาง,เสี่ยงปานกลาง,เสี่ยงสูง,1,2,2,2,3,10,1,3,1,⚠️ เฝ้าระวังสูง (เสี่ยงสูง 1 ด้าน)
1509,เชียงใหม่,สันกำแพง,บวกค้าง,กอสะเลียม,เสี่ยงปานกลาง,เสี่ยงปานกลาง,เสี่ยงสูง,เสี่ยงสูง,เสี่ยงสูง,2,2,3,3,3,13,3,2,0,🚨 วิกฤติเร่งด่วน (เสี่ยงสูง 2+ ด้าน)
1510,เชียงใหม่,สันกำแพง,บวกค้าง,ร้องก่องข้าว,เสี่ยงน้อย,เสี่ยงน้อย,เสี่ยงสูง,เสี่ยงสูง,เสี่ยงสูง,1,1,3,3,3,11,3,0,2,🚨 วิกฤติเร่งด่วน (เสี่ยงสูง 2+ ด้าน)
1511,เชียงใหม่,สันกำแพง,บวกค้าง,ช่างเพี้ยน,เสี่ยงน้อย,เสี่ยงปานกลาง,เสี่ยงสูง,เสี่ยงปานกลาง,เสี่ยงสูง,1,2,3,2,3,11,2,2,1,🚨 วิกฤติเร่งด่วน (เสี่ยงสูง 2+ ด้าน)
1512,เชียงใหม่,สันกำแพง,บวกค้าง,โป่ง,เสี่ยงน้อย,เสี่ยงปานกลาง,เสี่ยงสูง,เสี่ยงปานกลาง,เสี่ยงสูง,1,2,3,2,3,11,2,2,1,🚨 วิกฤติเร่งด่วน (เสี่ยงสูง 2+ ด้าน)
1513,เชียงใหม่,สันกำแพง,บวกค้าง,ร้องก่องข้าวใต้,เสี่ยงน้อย,เสี่ยงน้อย,เสี่ยงสูง,เสี่ยงปานกลาง,เสี่ยงสูง,1,1,3,2,3,10,2,1,2,🚨 วิกฤติเร่งด่วน (เสี่ยงสูง 2+ ด้าน)
1514,เชียงใหม่,สันกำแพง,บวกค้าง,หนองเหนี่ยง,เสี่ยงน้อย,เสี่ยงปานกลาง,เสี่ยงปานกลาง,เสี่ยงปานกลาง,เสี่ยงสูง,1,2,2,2,3,10,1,3,1,⚠️ เฝ้าระวังสูง (เสี่ยงสูง 1 ด้าน)
1515,เชียงใหม่,สันกำแพง,แม่ปูคา,ป่าสักยาว,เสี่ยงน้อย,เสี่ยงปานกลาง,เสี่ยงปานกลาง,เสี่ยงสูง,เสี่ยงน้อย,1,2,2,3,1,9,1,2,2,⚠️ เฝ้าระวังสูง (เสี่ยงสูง 1 ด้าน)
1516,เชียงใหม่,สันกำแพง,แม่ปูคา,สันมะแปบ,เสี่ยงน้อย,เสี่ยงปานกลาง,เสี่ยงปานกลาง,เสี่ยงสูง,เสี่ยงน้อย,1,2,2,3,1,9,1,2,2,⚠️ เฝ้าระวังสูง (เสี่ยงสูง 1 ด้าน)
1517,เชียงใหม่,สันกำแพง,แม่ปูคา,ป่าสักน้อย,เสี่ยงน้อย,เสี่ยงปานกลาง,เสี่ยงปานกลาง,เสี่ยงสูง,เสี่ยงน้อย,1,2,2,3,1,9,1,2,2,⚠️ เฝ้าระวังสูง (เสี่ยงสูง 1 ด้าน)
1518,เชียงใหม่,สันกำแพง,แม่ปูคา,ปงป่าเอื้อง,เสี่ยงน้อย,เสี่ยงปานกลาง,เสี่ยงปานกลาง,เสี่ยงสูง,เสี่ยงน้อย,1,2,2,3,1,9,1,2,2,⚠️ เฝ้าระวังสูง (เสี่ยงสูง 1 ด้าน)
1519,เชียงใหม่,สันกำแพง,แม่ปูคา,ปูคาเหนือ,เสี่ยงน้อย,เสี่ยงปานกลาง,เสี่ยงปานกลาง,เสี่ยงสูง,เสี่ยงน้อย,1,2,2,3,1,9,1,2,2,⚠️ เฝ้าระวังสูง (เสี่ยงสูง 1 ด้าน)
1520,เชียงใหม่,สันกำแพง,แม่ปูคา,ปูคากลาง,เสี่ยงน้อย,เสี่ยงปานกลาง,เสี่ยงปานกลาง,เสี่ยงสูง,เสี่ยงน้อย,1,2,2,3,1,9,1,2,2,⚠️ เฝ้าระวังสูง (เสี่ยงสูง 1 ด้าน)
1521,เชียงใหม่,สันกำแพง,แม่ปูคา,ปูคาใต้,เสี่ยงน้อย,เสี่ยงปานกลาง,เสี่ยงปานกลาง,เสี่ยงสูง,เสี่ยงน้อย,1,2,2,3,1,9,1,2,2,⚠️ เฝ้าระวังสูง (เสี่ยงสูง 1 ด้าน)
1522,เชียงใหม่,สันกำแพง,แม่ปูคา,ไร่พัฒนา,เสี่ยงปานกลาง,เสี่ยงปานกลาง,เสี่ยงปานกลาง,เสี่ยงสูง,เสี่ยงน้อย,2,2,2,3,1,10,1,3,1,⚠️ เฝ้าระวังสูง (เสี่ยงสูง 1 ด้าน)
1523,เชียงใหม่,สันกำแพง,แม่ปูคา,ปูคาหัว,เสี่ยงน้อย,เสี่ยงปานกลาง,เสี่ยงปานกลาง,เสี่ยงสูง,เสี่ยงน้อย,1,2,2,3,1,9,1,2,2,⚠️ เฝ้าระวังสูง (เสี่ยงสูง 1 ด้าน)
1524,เชียงใหม่,สันกำแพง,ร้องวัวแดง,วังธาร,เสี่ยงน้อย,เสี่ยงน้อย,เสี่ยงน้อย,เสี่ยงปานกลาง,เสี่ยงน้อย,1,1,1,2,1,6,0,1,4,🟢 เสี่ยงต่ำ/ทั่วไป
1525,เชียงใหม่,สันกำแพง,ร้องวัวแดง,ใหม่,เสี่ยงปานกลาง,เสี่ยงน้อย,เสี่ยงสูง,เสี่ยงปานกลาง,เสี่ยงน้อย,2,1,3,2,1,9,1,2,2,⚠️ เฝ้าระวังสูง (เสี่ยงสูง 1 ด้าน)
1526,เชียงใหม่,สันกำแพง,ร้องวัวแดง,ร้องวัวแดง,เสี่ยงน้อย,เสี่ยงน้อย,เสี่ยงสูง,เสี่ยงปานกลาง,เสี่ยงน้อย,1,1,3,2,1,8,1,1,3,⚠️ เฝ้าระวังสูง (เสี่ยงสูง 1 ด้าน)
1527,เชียงใหม่,สันกำแพง,ร้องวัวแดง,ม่วงเขียว,เสี่ยงน้อย,เสี่ยงน้อย,เสี่ยงสูง,เสี่ยงสูง,เสี่ยงน้อย,1,1,3,3,1,9,2,0,3,🚨 วิกฤติเร่งด่วน (เสี่ยงสูง 2+ ด้าน)
1528,เชียงใหม่,สันกำแพง,ร้องวัวแดง,น้ำจำ,เสี่ยงน้อย,เสี่ยงน้อย,เสี่ยงปานกลาง,เสี่ยงปานกลาง,เสี่ยงน้อย,1,1,2,2,1,7,0,2,3,🟢 เสี่ยงต่ำ/ทั่วไป
1529,เชียงใหม่,สันกำแพง,ร้องวัวแดง,น้ำจำ,เสี่ยงน้อย,เสี่ยงน้อย,เสี่ยงปานกลาง,เสี่ยงปานกลาง,เสี่ยงน้อย,1,1,2,2,1,7,0,2,3,🟢 เสี่ยงต่ำ/ทั่วไป
1530,เชียงใหม่,สันกำแพง,ร้องวัวแดง,ร้องวัวแดง,เสี่ยงน้อย,เสี่ยงน้อย,เสี่ยงปานกลาง,เสี่ยงปานกลาง,เสี่ยงน้อย,1,1,2,2,1,7,0,2,3,🟢 เสี่ยงต่ำ/ทั่วไป
1531,เชียงใหม่,สันกำแพง,ร้องวัวแดง,ม่วงม้าเหนือ,เสี่ยงน้อย,เสี่ยงน้อย,เสี่ยงปานกลาง,เสี่ยงสูง,เสี่ยงน้อย,1,1,2,3,1,8,1,1,3,⚠️ เฝ้าระวังสูง (เสี่ยงสูง 1 ด้าน)
1532,เชียงใหม่,สันกำแพง,ร้องวัวแดง,ม่วงม้าใต้,เสี่ยงน้อย,เสี่ยงน้อย,เสี่ยงปานกลาง,เสี่ยงสูง,เสี่ยงน้อย,1,1,2,3,1,8,1,1,3,⚠️ เฝ้าระวังสูง (เสี่ยงสูง 1 ด้าน)
1533,เชียงใหม่,สันกำแพง,ร้องวัวแดง,ใหม่,เสี่ยงปานกลาง,เสี่ยงน้อย,เสี่ยงน้อย,เสี่ยงปานกลาง,เสี่ยงน้อย,2,1,1,2,1,7,0,2,3,🟢 เสี่ยงต่ำ/ทั่วไป
1534,เชียงใหม่,สันกำแพง,ร้องวัวแดง,ร้อง,เสี่ยงน้อย,เสี่ยงน้อย,เสี่ยงปานกลาง,เสี่ยงปานกลาง,เสี่ยงน้อย,1,1,2,2,1,7,0,2,3,🟢 เสี่ยงต่ำ/ทั่วไป
1535,เชียงใหม่,สันกำแพง,สันกลาง,มอญเหนือ,เสี่ยงปานกลาง,เสี่ยงปานกลาง,เสี่ยงสูง,เสี่ยงปานกลาง,เสี่ยงสูง,2,2,3,2,3,12,2,3,0,🚨 วิกฤติเร่งด่วน (เสี่ยงสูง 2+ ด้าน)
1536,เชียงใหม่,สันกำแพง,สันกลาง,มอญใต้,เสี่ยงสูง,เสี่ยงปานกลาง,เสี่ยงสูง,เสี่ยงสูง,เสี่ยงสูง,3,2,3,3,3,14,4,1,0,🚨 วิกฤติเร่งด่วน (เสี่ยงสูง 2+ ด้าน)
1537,เชียงใหม่,สันกำแพง,สันกลาง,สันกลางเหนือ,เสี่ยงปานกลาง,เสี่ยงปานกลาง,เสี่ยงสูง,เสี่ยงสูง,เสี่ยงสูง,2,2,3,3,3,13,3,2,0,🚨 วิกฤติเร่งด่วน (เสี่ยงสูง 2+ ด้าน)
1538,เชียงใหม่,สันกำแพง,สันกลาง,สันกลางเหนือ,เสี่ยงปานกลาง,เสี่ยงปานกลาง,เสี่ยงปานกลาง,เสี่ยงสูง,เสี่ยงสูง,2,2,2,3,3,12,2,3,0,🚨 วิกฤติเร่งด่วน (เสี่ยงสูง 2+ ด้าน)
1539,เชียงใหม่,สันกำแพง,สันกลาง,สันกลางใต้,เสี่ยงปานกลาง,เสี่ยงปานกลาง,เสี่ยงปานกลาง,เสี่ยงสูง,เสี่ยงสูง,2,2,2,3,3,12,2,3,0,🚨 วิกฤติเร่งด่วน (เสี่ยงสูง 2+ ด้าน)
1540,เชียงใหม่,สันกำแพง,สันกลาง,สันกลางใต้,เสี่ยงปานกลาง,เสี่ยงปานกลาง,เสี่ยงปานกลาง,เสี่ยงสูง,เสี่ยงสูง,2,2,2,3,3,12,2,3,0,🚨 วิกฤติเร่งด่วน (เสี่ยงสูง 2+ ด้าน)
1541,เชียงใหม่,สันกำแพง,สันกลาง,ริมกวง,เสี่ยงปานกลาง,เสี่ยงปานกลาง,เสี่ยงปานกลาง,เสี่ยงสูง,เสี่ยงสูง,2,2,2,3,3,12,2,3,0,🚨 วิกฤติเร่งด่วน (เสี่ยงสูง 2+ ด้าน)
1542,เชียงใหม่,สันกำแพง,สันกำแพง,ป่าเส้า,เสี่ยงน้อย,เสี่ยงปานกลาง,เสี่ยงปานกลาง,เสี่ยงปานกลาง,เสี่ยงน้อย,1,2,2,2,1,8,0,3,2,🟡 เฝ้าระวังปานกลาง (เสี่ยงกลาง 3+ ด้าน)
1543,เชียงใหม่,สันกำแพง,สันกำแพง,ป่าเหว,เสี่ยงน้อย,เสี่ยงน้อย,เสี่ยงปานกลาง,เสี่ยงปานกลาง,เสี่ยงน้อย,1,1,2,2,1,7,0,2,3,🟢 เสี่ยงต่ำ/ทั่วไป
1544,เชียงใหม่,สันกำแพง,สันกำแพง,เหล่า,เสี่ยงน้อย,เสี่ยงปานกลาง,เสี่ยงปานกลาง,เสี่ยงปานกลาง,เสี่ยงน้อย,1,2,2,2,1,8,0,3,2,🟡 เฝ้าระวังปานกลาง (เสี่ยงกลาง 3+ ด้าน)
1545,เชียงใหม่,สันกำแพง,สันกำแพง,ต้นโจ้ก,เสี่ยงปานกลาง,เสี่ยงปานกลาง,เสี่ยงปานกลาง,เสี่ยงปานกลาง,เสี่ยงน้อย,2,2,2,2,1,9,0,4,1,🟡 เฝ้าระวังปานกลาง (เสี่ยงกลาง 3+ ด้าน)
1546,เชียงใหม่,สันกำแพง,สันกำแพง,สันเหนือ,เสี่ยงน้อย,เสี่ยงน้อย,เสี่ยงปานกลาง,เสี่ยงปานกลาง,เสี่ยงน้อย,1,1,2,2,1,7,0,2,3,🟢 เสี่ยงต่ำ/ทั่วไป
1547,เชียงใหม่,สันกำแพง,สันกำแพง,ตลาด,เสี่ยงน้อย,เสี่ยงน้อย,เสี่ยงปานกลาง,เสี่ยงปานกลาง,เสี่ยงน้อย,1,1,2,2,1,7,0,2,3,🟢 เสี่ยงต่ำ/ทั่วไป
1548,เชียงใหม่,สันกำแพง,สันกำแพง,สันเหนือ,เสี่ยงน้อย,เสี่ยงน้อย,เสี่ยงปานกลาง,เสี่ยงปานกลาง,เสี่ยงน้อย,1,1,2,2,1,7,0,2,3,🟢 เสี่ยงต่ำ/ทั่วไป
1549,เชียงใหม่,สันกำแพง,สันกำแพง,สันใต้,เสี่ยงน้อย,เสี่ยงน้อย,เสี่ยงปานกลาง,เสี่ยงปานกลาง,เสี่ยงน้อย,1,1,2,2,1,7,0,2,3,🟢 เสี่ยงต่ำ/ทั่วไป
1550,เชียงใหม่,สันกำแพง,สันกำแพง,สันใต้,เสี่ยงน้อย,เสี่ยงน้อย,เสี่ยงปานกลาง,เสี่ยงปานกลาง,เสี่ยงน้อย,1,1,2,2,1,7,0,2,3,🟢 เสี่ยงต่ำ/ทั่วไป
1551,เชียงใหม่,สันกำแพง,สันกำแพง,สันไร่,เสี่ยงน้อย,เสี่ยงปานกลาง,เสี่ยงปานกลาง,เสี่ยงปานกลาง,เสี่ยงน้อย,1,2,2,2,1,8,0,3,2,🟡 เฝ้าระวังปานกลาง (เสี่ยงกลาง 3+ ด้าน)
1552,เชียงใหม่,สันกำแพง,สันกำแพง,น้อย,เสี่ยงปานกลาง,เสี่ยงปานกลาง,เสี่ยงปานกลาง,เสี่ยงสูง,เสี่ยงน้อย,2,2,2,3,1,10,1,3,1,⚠️ เฝ้าระวังสูง (เสี่ยงสูง 1 ด้าน)
1553,เชียงใหม่,สันกำแพง,สันกำแพง,สันต้นบง,เสี่ยงน้อย,เสี่ยงน้อย,เสี่ยงปานกลาง,เสี่ยงปานกลาง,เสี่ยงน้อย,1,1,2,2,1,7,0,2,3,🟢 เสี่ยงต่ำ/ทั่วไป
1554,เชียงใหม่,สันกำแพง,สันกำแพง,ป่าสักขวาง,เสี่ยงน้อย,เสี่ยงปานกลาง,เสี่ยงปานกลาง,เสี่ยงปานกลาง,เสี่ยงน้อย,1,2,2,2,1,8,0,3,2,🟡 เฝ้าระวังปานกลาง (เสี่ยงกลาง 3+ ด้าน)
1555,เชียงใหม่,สันกำแพง,สันกำแพง,ออน,เสี่ยงปานกลาง,เสี่ยงปานกลาง,เสี่ยงสูง,เสี่ยงสูง,เสี่ยงน้อย,2,2,3,3,1,11,2,2,1,🚨 วิกฤติเร่งด่วน (เสี่ยงสูง 2+ ด้าน)
1556,เชียงใหม่,สันกำแพง,ห้วยทราย,แม่ตาด,เสี่ยงน้อย,เสี่ยงปานกลาง,เสี่ยงปานกลาง,เสี่ยงน้อย,เสี่ยงสูง,1,2,2,1,3,9,1,2,2,⚠️ เฝ้าระวังสูง (เสี่ยงสูง 1 ด้าน)
1557,เชียงใหม่,สันกำแพง,ห้วยทราย,หนองแสะ,เสี่ยงน้อย,เสี่ยงปานกลาง,เสี่ยงปานกลาง,เสี่ยงปานกลาง,เสี่ยงสูง,1,2,2,2,3,10,1,3,1,⚠️ เฝ้าระวังสูง (เสี่ยงสูง 1 ด้าน)
1558,เชียงใหม่,สันกำแพง,ห้วยทราย,ล้านตอง,เสี่ยงน้อย,เสี่ยงปานกลาง,เสี่ยงสูง,เสี่ยงปานกลาง,เสี่ยงสูง,1,2,3,2,3,11,2,2,1,🚨 วิกฤติเร่งด่วน (เสี่ยงสูง 2+ ด้าน)
1559,เชียงใหม่,สันกำแพง,ห้วยทราย,สันข้าวแคบกลาง,เสี่ยงน้อย,เสี่ยงปานกลาง,เสี่ยงน้อย,เสี่ยงน้อย,เสี่ยงสูง,1,2,1,1,3,8,1,1,3,⚠️ เฝ้าระวังสูง (เสี่ยงสูง 1 ด้าน)
1560,เชียงใหม่,สันกำแพง,ห้วยทราย,หม้อ,เสี่ยงปานกลาง,เสี่ยงปานกลาง,เสี่ยงสูง,เสี่ยงน้อย,เสี่ยงสูง,2,2,3,1,3,11,2,2,1,🚨 วิกฤติเร่งด่วน (เสี่ยงสูง 2+ ด้าน)
1561,เชียงใหม่,สันกำแพง,ห้วยทราย,ดอยซิว,เสี่ยงน้อย,เสี่ยงน้อย,เสี่ยงปานกลาง,เสี่ยงปานกลาง,เสี่ยงสูง,1,1,2,2,3,9,1,2,2,⚠️ เฝ้าระวังสูง (เสี่ยงสูง 1 ด้าน)
1562,เชียงใหม่,สันกำแพง,ห้วยทราย,ป่าตึง,เสี่ยงน้อย,เสี่ยงปานกลาง,เสี่ยงปานกลาง,เสี่ยงปานกลาง,เสี่ยงสูง,1,2,2,2,3,10,1,3,1,⚠️ เฝ้าระวังสูง (เสี่ยงสูง 1 ด้าน)
1563,เชียงใหม่,สันกำแพง,ห้วยทราย,ห้วยทราย,เสี่ยงน้อย,เสี่ยงน้อย,เสี่ยงปานกลาง,เสี่ยงน้อย,เสี่ยงสูง,1,1,2,1,3,8,1,1,3,⚠️ เฝ้าระวังสูง (เสี่ยงสูง 1 ด้าน)
1564,เชียงใหม่,สันกำแพง,ออนใต้,ป่าเหียง,เสี่ยงปานกลาง,เสี่ยงน้อย,เสี่ยงน้อย,เสี่ยงปานกลาง,เสี่ยงปานกลาง,2,1,1,2,2,8,0,3,2,🟡 เฝ้าระวังปานกลาง (เสี่ยงกลาง 3+ ด้าน)
1565,เชียงใหม่,สันกำแพง,ออนใต้,โห้ง,เสี่ยงปานกลาง,เสี่ยงน้อย,เสี่ยงปานกลาง,เสี่ยงปานกลาง,เสี่ยงปานกลาง,2,1,2,2,2,9,0,4,1,🟡 เฝ้าระวังปานกลาง (เสี่ยงกลาง 3+ ด้าน)
1566,เชียงใหม่,สันกำแพง,ออนใต้,ริมออน,เสี่ยงปานกลาง,เสี่ยงน้อย,เสี่ยงน้อย,เสี่ยงปานกลาง,เสี่ยงปานกลาง,2,1,1,2,2,8,0,3,2,🟡 เฝ้าระวังปานกลาง (เสี่ยงกลาง 3+ ด้าน)
1567,เชียงใหม่,สันกำแพง,ออนใต้,ป่าแงะ,เสี่ยงปานกลาง,เสี่ยงน้อย,เสี่ยงน้อย,เสี่ยงปานกลาง,เสี่ยงปานกลาง,2,1,1,2,2,8,0,3,2,🟡 เฝ้าระวังปานกลาง (เสี่ยงกลาง 3+ ด้าน)
1568,เชียงใหม่,สันกำแพง,ออนใต้,ริมออนใต้,เสี่ยงปานกลาง,เสี่ยงปานกลาง,เสี่ยงปานกลาง,เสี่ยงปานกลาง,เสี่ยงปานกลาง,2,2,2,2,2,10,0,5,0,🟡 เฝ้าระวังปานกลาง (เสี่ยงกลาง 3+ ด้าน)
1569,เชียงใหม่,สันกำแพง,ออนใต้,แม่ผาแหน,เสี่ยงปานกลาง,เสี่ยงปานกลาง,เสี่ยงน้อย,เสี่ยงปานกลาง,เสี่ยงปานกลาง,2,2,1,2,2,9,0,4,1,🟡 เฝ้าระวังปานกลาง (เสี่ยงกลาง 3+ ด้าน)
1570,เชียงใหม่,สันกำแพง,ออนใต้,ป่าตึง,เสี่ยงปานกลาง,เสี่ยงปานกลาง,เสี่ยงน้อย,เสี่ยงปานกลาง,เสี่ยงปานกลาง,2,2,1,2,2,9,0,4,1,🟡 เฝ้าระวังปานกลาง (เสี่ยงกลาง 3+ ด้าน)
1571,เชียงใหม่,สันกำแพง,ออนใต้,ปง,เสี่ยงปานกลาง,เสี่ยงน้อย,เสี่ยงน้อย,เสี่ยงน้อย,เสี่ยงปานกลาง,2,1,1,1,2,7,0,2,3,🟢 เสี่ยงต่ำ/ทั่วไป
1572,เชียงใหม่,สันกำแพง,ออนใต้,ป่าห้า,เสี่ยงปานกลาง,เสี่ยงน้อย,เสี่ยงน้อย,เสี่ยงน้อย,เสี่ยงปานกลาง,2,1,1,1,2,7,0,2,3,🟢 เสี่ยงต่ำ/ทั่วไป
1573,เชียงใหม่,สันกำแพง,ออนใต้,แพะ,เสี่ยงปานกลาง,เสี่ยงน้อย,เสี่ยงน้อย,เสี่ยงปานกลาง,เสี่ยงปานกลาง,2,1,1,2,2,8,0,3,2,🟡 เฝ้าระวังปานกลาง (เสี่ยงกลาง 3+ ด้าน)
1574,เชียงใหม่,สันกำแพง,ออนใต้,ป่าเปางาม,เสี่ยงปานกลาง,เสี่ยงน้อย,เสี่ยงน้อย,เสี่ยงน้อย,เสี่ยงปานกลาง,2,1,1,1,2,7,0,2,3,🟢 เสี่ยงต่ำ/ทั่วไป
1575,เชียงใหม่,สันทราย,ป่าไผ่,เมืองขอน,เสี่ยงน้อย,เสี่ยงน้อย,เสี่ยงปานกลาง,เสี่ยงสูง,เสี่ยงสูง,1,1,2,3,3,10,2,1,2,🚨 วิกฤติเร่งด่วน (เสี่ยงสูง 2+ ด้าน)
1576,เชียงใหม่,สันทราย,ป่าไผ่,หนองเต่าคำ,เสี่ยงน้อย,เสี่ยงน้อย,เสี่ยงปานกลาง,เสี่ยงปานกลาง,เสี่ยงสูง,1,1,2,2,3,9,1,2,2,⚠️ เฝ้าระวังสูง (เสี่ยงสูง 1 ด้าน)
1577,เชียงใหม่,สันทราย,ป่าไผ่,ป่าไผ่,เสี่ยงน้อย,เสี่ยงน้อย,เสี่ยงปานกลาง,เสี่ยงปานกลาง,เสี่ยงสูง,1,1,2,2,3,9,1,2,2,⚠️ เฝ้าระวังสูง (เสี่ยงสูง 1 ด้าน)
1578,เชียงใหม่,สันทราย,ป่าไผ่,ป่าเหมือด,เสี่ยงน้อย,เสี่ยงน้อย,เสี่ยงปานกลาง,เสี่ยงปานกลาง,เสี่ยงสูง,1,1,2,2,3,9,1,2,2,⚠️ เฝ้าระวังสูง (เสี่ยงสูง 1 ด้าน)
1579,เชียงใหม่,สันทราย,ป่าไผ่,แม่แก๊ดน้อย,เสี่ยงน้อย,เสี่ยงปานกลาง,เสี่ยงน้อย,เสี่ยงปานกลาง,เสี่ยงสูง,1,2,1,2,3,9,1,2,2,⚠️ เฝ้าระวังสูง (เสี่ยงสูง 1 ด้าน)
1580,เชียงใหม่,สันทราย,ป่าไผ่,โปง,เสี่ยงน้อย,เสี่ยงปานกลาง,เสี่ยงน้อย,เสี่ยงปานกลาง,เสี่ยงสูง,1,2,1,2,3,9,1,2,2,⚠️ เฝ้าระวังสูง (เสี่ยงสูง 1 ด้าน)
1581,เชียงใหม่,สันทราย,ป่าไผ่,ศรีบุญเรือง,เสี่ยงน้อย,เสี่ยงน้อย,เสี่ยงน้อย,เสี่ยงปานกลาง,เสี่ยงสูง,1,1,1,2,3,8,1,1,3,⚠️ เฝ้าระวังสูง (เสี่ยงสูง 1 ด้าน)
1582,เชียงใหม่,สันทราย,ป่าไผ่,ศรีวังธาร,เสี่ยงน้อย,เสี่ยงปานกลาง,เสี่ยงปานกลาง,เสี่ยงปานกลาง,เสี่ยงสูง,1,2,2,2,3,10,1,3,1,⚠️ เฝ้าระวังสูง (เสี่ยงสูง 1 ด้าน)
1583,เชียงใหม่,สันทราย,ป่าไผ่,หนองเต่าคำใหม่,เสี่ยงน้อย,เสี่ยงปานกลาง,เสี่ยงปานกลาง,เสี่ยงปานกลาง,เสี่ยงสูง,1,2,2,2,3,10,1,3,1,⚠️ เฝ้าระวังสูง (เสี่ยงสูง 1 ด้าน)
1584,เชียงใหม่,สันทราย,ป่าไผ่,ป่าไผ่,เสี่ยงน้อย,เสี่ยงปานกลาง,เสี่ยงปานกลาง,เสี่ยงปานกลาง,เสี่ยงสูง,1,2,2,2,3,10,1,3,1,⚠️ เฝ้าระวังสูง (เสี่ยงสูง 1 ด้าน)
1585,เชียงใหม่,สันทราย,ป่าไผ่,ท่ายาว,เสี่ยงน้อย,เสี่ยงปานกลาง,เสี่ยงปานกลาง,เสี่ยงปานกลาง,เสี่ยงสูง,1,2,2,2,3,10,1,3,1,⚠️ เฝ้าระวังสูง (เสี่ยงสูง 1 ด้าน)
1586,เชียงใหม่,สันทราย,ป่าไผ่,หม้อ,เสี่ยงน้อย,เสี่ยงน้อย,เสี่ยงปานกลาง,เสี่ยงสูง,เสี่ยงสูง,1,1,2,3,3,10,2,1,2,🚨 วิกฤติเร่งด่วน (เสี่ยงสูง 2+ ด้าน)
1587,เชียงใหม่,สันทราย,ป่าไผ่,พัฒนาทรายแก้ว,เสี่ยงน้อย,เสี่ยงน้อย,เสี่ยงปานกลาง,เสี่ยงสูง,เสี่ยงสูง,1,1,2,3,3,10,2,1,2,🚨 วิกฤติเร่งด่วน (เสี่ยงสูง 2+ ด้าน)
1588,เชียงใหม่,สันทราย,ป่าไผ่,หนองหลวงพัฒนา,เสี่ยงน้อย,เสี่ยงน้อย,เสี่ยงปานกลาง,เสี่ยงปานกลาง,เสี่ยงสูง,1,1,2,2,3,9,1,2,2,⚠️ เฝ้าระวังสูง (เสี่ยงสูง 1 ด้าน)
1589,เชียงใหม่,สันทราย,ป่าไผ่,เกษตรพัฒนา,เสี่ยงน้อย,เสี่ยงปานกลาง,เสี่ยงปานกลาง,เสี่ยงสูง,เสี่ยงสูง,1,2,2,3,3,11,2,2,1,🚨 วิกฤติเร่งด่วน (เสี่ยงสูง 2+ ด้าน)
1590,เชียงใหม่,สันทราย,ป่าไผ่,หนองป่าข้าว,เสี่ยงน้อย,เสี่ยงน้อย,เสี่ยงปานกลาง,เสี่ยงสูง,เสี่ยงสูง,1,1,2,3,3,10,2,1,2,🚨 วิกฤติเร่งด่วน (เสี่ยงสูง 2+ ด้าน)
1591,เชียงใหม่,สันทราย,ป่าไผ่,แพะใต้พัฒนา,เสี่ยงน้อย,เสี่ยงปานกลาง,เสี่ยงปานกลาง,เสี่ยงปานกลาง,เสี่ยงสูง,1,2,2,2,3,10,1,3,1,⚠️ เฝ้าระวังสูง (เสี่ยงสูง 1 ด้าน)
1592,เชียงใหม่,สันทราย,ป่าไผ่,ชุมชนแม่ดู่,เสี่ยงน้อย,เสี่ยงน้อย,เสี่ยงปานกลาง,เสี่ยงปานกลาง,เสี่ยงสูง,1,1,2,2,3,9,1,2,2,⚠️ เฝ้าระวังสูง (เสี่ยงสูง 1 ด้าน)
1593,เชียงใหม่,สันทราย,ป่าไผ่,ชุมชนหนองทราย,เสี่ยงน้อย,เสี่ยงน้อย,เสี่ยงปานกลาง,เสี่ยงปานกลาง,เสี่ยงสูง,1,1,2,2,3,9,1,2,2,⚠️ เฝ้าระวังสูง (เสี่ยงสูง 1 ด้าน)
1594,เชียงใหม่,สันทราย,ป่าไผ่,ชุมชนหลิ่งมื่น,เสี่ยงน้อย,เสี่ยงน้อย,เสี่ยงปานกลาง,เสี่ยงปานกลาง,เสี่ยงสูง,1,1,2,2,3,9,1,2,2,⚠️ เฝ้าระวังสูง (เสี่ยงสูง 1 ด้าน)
1595,เชียงใหม่,สันทราย,ป่าไผ่,ชุมชนพัฒนาทรายแก้ว,เสี่ยงน้อย,เสี่ยงน้อย,เสี่ยงปานกลาง,เสี่ยงปานกลาง,เสี่ยงสูง,1,1,2,2,3,9,1,2,2,⚠️ เฝ้าระวังสูง (เสี่ยงสูง 1 ด้าน)
1596,เชียงใหม่,สันทราย,เมืองเล็น,เมืองวะ,เสี่ยงน้อย,เสี่ยงปานกลาง,เสี่ยงปานกลาง,เสี่ยงสูง,เสี่ยงปานกลาง,1,2,2,3,2,10,1,3,1,⚠️ เฝ้าระวังสูง (เสี่ยงสูง 1 ด้าน)
1597,เชียงใหม่,สันทราย,เมืองเล็น,เมืองเล็น,เสี่ยงน้อย,เสี่ยงน้อย,เสี่ยงปานกลาง,เสี่ยงปานกลาง,เสี่ยงปานกลาง,1,1,2,2,2,8,0,3,2,🟡 เฝ้าระวังปานกลาง (เสี่ยงกลาง 3+ ด้าน)
1598,เชียงใหม่,สันทราย,เมืองเล็น,หัวฝาย,เสี่ยงน้อย,เสี่ยงปานกลาง,เสี่ยงปานกลาง,เสี่ยงปานกลาง,เสี่ยงปานกลาง,1,2,2,2,2,9,0,4,1,🟡 เฝ้าระวังปานกลาง (เสี่ยงกลาง 3+ ด้าน)
1599,เชียงใหม่,สันทราย,เมืองเล็น,เมืองวะ,เสี่ยงน้อย,เสี่ยงปานกลาง,เสี่ยงปานกลาง,เสี่ยงสูง,เสี่ยงปานกลาง,1,2,2,3,2,10,1,3,1,⚠️ เฝ้าระวังสูง (เสี่ยงสูง 1 ด้าน)
1600,เชียงใหม่,สันทราย,เมืองเล็น,หนองก้นครุ,เสี่ยงสูง,เสี่ยงปานกลาง,เสี่ยงปานกลาง,เสี่ยงปานกลาง,เสี่ยงปานกลาง,3,2,2,2,2,11,1,4,0,⚠️ เฝ้าระวังสูง (เสี่ยงสูง 1 ด้าน)
1601,เชียงใหม่,สันทราย,แม่แฝก,หนองมะจับ,เสี่ยงปานกลาง,เสี่ยงปานกลาง,เสี่ยงปานกลาง,เสี่ยงปานกลาง,เสี่ยงปานกลาง,2,2,2,2,2,10,0,5,0,🟡 เฝ้าระวังปานกลาง (เสี่ยงกลาง 3+ ด้าน)
1602,เชียงใหม่,สันทราย,แม่แฝก,โป่ง,เสี่ยงปานกลาง,เสี่ยงปานกลาง,เสี่ยงปานกลาง,เสี่ยงน้อย,เสี่ยงปานกลาง,2,2,2,1,2,9,0,4,1,🟡 เฝ้าระวังปานกลาง (เสี่ยงกลาง 3+ ด้าน)
1603,เชียงใหม่,สันทราย,แม่แฝก,ห้วยแก้ว,เสี่ยงปานกลาง,เสี่ยงปานกลาง,เสี่ยงน้อย,เสี่ยงน้อย,เสี่ยงปานกลาง,2,2,1,1,2,8,0,3,2,🟡 เฝ้าระวังปานกลาง (เสี่ยงกลาง 3+ ด้าน)
1604,เชียงใหม่,สันทราย,แม่แฝก,ร่มหลวง,เสี่ยงปานกลาง,เสี่ยงน้อย,เสี่ยงปานกลาง,เสี่ยงปานกลาง,เสี่ยงปานกลาง,2,1,2,2,2,9,0,4,1,🟡 เฝ้าระวังปานกลาง (เสี่ยงกลาง 3+ ด้าน)
1605,เชียงใหม่,สันทราย,แม่แฝก,ศรีงาม,เสี่ยงปานกลาง,เสี่ยงปานกลาง,เสี่ยงน้อย,เสี่ยงปานกลาง,เสี่ยงปานกลาง,2,2,1,2,2,9,0,4,1,🟡 เฝ้าระวังปานกลาง (เสี่ยงกลาง 3+ ด้าน)
1606,เชียงใหม่,สันทราย,แม่แฝก,แม่แต,เสี่ยงปานกลาง,เสี่ยงน้อย,เสี่ยงน้อย,เสี่ยงน้อย,เสี่ยงปานกลาง,2,1,1,1,2,7,0,2,3,🟢 เสี่ยงต่ำ/ทั่วไป
1607,เชียงใหม่,สันทราย,แม่แฝก,สหกรณ์นิคม,เสี่ยงน้อย,เสี่ยงน้อย,เสี่ยงปานกลาง,เสี่ยงน้อย,เสี่ยงปานกลาง,1,1,2,1,2,7,0,2,3,🟢 เสี่ยงต่ำ/ทั่วไป
1608,เชียงใหม่,สันทราย,แม่แฝก,หนองแสะ,เสี่ยงปานกลาง,เสี่ยงปานกลาง,เสี่ยงน้อย,เสี่ยงน้อย,เสี่ยงปานกลาง,2,2,1,1,2,8,0,3,2,🟡 เฝ้าระวังปานกลาง (เสี่ยงกลาง 3+ ด้าน)
1609,เชียงใหม่,สันทราย,แม่แฝก,พระธาตุ,เสี่ยงปานกลาง,เสี่ยงน้อย,เสี่ยงน้อย,เสี่ยงปานกลาง,เสี่ยงปานกลาง,2,1,1,2,2,8,0,3,2,🟡 เฝ้าระวังปานกลาง (เสี่ยงกลาง 3+ ด้าน)
1610,เชียงใหม่,สันทราย,แม่แฝก,ศรีงามพัฒนา,เสี่ยงปานกลาง,เสี่ยงปานกลาง,เสี่ยงน้อย,เสี่ยงน้อย,เสี่ยงปานกลาง,2,2,1,1,2,8,0,3,2,🟡 เฝ้าระวังปานกลาง (เสี่ยงกลาง 3+ ด้าน)
1611,เชียงใหม่,สันทราย,แม่แฝก,ร่มโพธิ์ทอง,เสี่ยงปานกลาง,เสี่ยงน้อย,เสี่ยงปานกลาง,เสี่ยงปานกลาง,เสี่ยงปานกลาง,2,1,2,2,2,9,0,4,1,🟡 เฝ้าระวังปานกลาง (เสี่ยงกลาง 3+ ด้าน)
1612,เชียงใหม่,สันทราย,แม่แฝก,หนองไหว,เสี่ยงปานกลาง,เสี่ยงน้อย,เสี่ยงน้อย,เสี่ยงปานกลาง,เสี่ยงปานกลาง,2,1,1,2,2,8,0,3,2,🟡 เฝ้าระวังปานกลาง (เสี่ยงกลาง 3+ ด้าน)
1613,เชียงใหม่,สันทราย,แม่แฝกใหม่,แม่แฝก,เสี่ยงน้อย,เสี่ยงน้อย,เสี่ยงน้อย,เสี่ยงน้อย,เสี่ยงน้อย,1,1,1,1,1,5,0,0,5,🟢 เสี่ยงต่ำ/ทั่วไป
1614,เชียงใหม่,สันทราย,แม่แฝกใหม่,สบแฝก,เสี่ยงน้อย,เสี่ยงปานกลาง,เสี่ยงน้อย,เสี่ยงน้อย,เสี่ยงน้อย,1,2,1,1,1,6,0,1,4,🟢 เสี่ยงต่ำ/ทั่วไป
1615,เชียงใหม่,สันทราย,แม่แฝกใหม่,เจดีย์แม่ครัว,เสี่ยงน้อย,เสี่ยงปานกลาง,เสี่ยงปานกลาง,เสี่ยงน้อย,เสี่ยงน้อย,1,2,2,1,1,7,0,2,3,🟢 เสี่ยงต่ำ/ทั่วไป
1616,เชียงใหม่,สันทราย,แม่แฝกใหม่,ขัวมุง,เสี่ยงน้อย,เสี่ยงปานกลาง,เสี่ยงน้อย,เสี่ยงน้อย,เสี่ยงน้อย,1,2,1,1,1,6,0,1,4,🟢 เสี่ยงต่ำ/ทั่วไป
1617,เชียงใหม่,สันทราย,แม่แฝกใหม่,ห้วยบง,เสี่ยงน้อย,เสี่ยงปานกลาง,เสี่ยงน้อย,เสี่ยงน้อย,เสี่ยงน้อย,1,2,1,1,1,6,0,1,4,🟢 เสี่ยงต่ำ/ทั่วไป
1618,เชียงใหม่,สันทราย,แม่แฝกใหม่,แพะเจดีย์,เสี่ยงน้อย,เสี่ยงปานกลาง,เสี่ยงน้อย,เสี่ยงปานกลาง,เสี่ยงน้อย,1,2,1,2,1,7,0,2,3,🟢 เสี่ยงต่ำ/ทั่วไป
1619,เชียงใหม่,สันทราย,แม่แฝกใหม่,วังขุมเงิน,เสี่ยงน้อย,เสี่ยงปานกลาง,เสี่ยงน้อย,เสี่ยงน้อย,เสี่ยงน้อย,1,2,1,1,1,6,0,1,4,🟢 เสี่ยงต่ำ/ทั่วไป
1620,เชียงใหม่,สันทราย,แม่แฝกใหม่,แพะห้วยบง,เสี่ยงน้อย,เสี่ยงน้อย,เสี่ยงน้อย,เสี่ยงน้อย,เสี่ยงน้อย,1,1,1,1,1,5,0,0,5,🟢 เสี่ยงต่ำ/ทั่วไป
1621,เชียงใหม่,สันทราย,แม่แฝกใหม่,กลางพัฒนา,เสี่ยงน้อย,เสี่ยงปานกลาง,เสี่ยงปานกลาง,เสี่ยงน้อย,เสี่ยงน้อย,1,2,2,1,1,7,0,2,3,🟢 เสี่ยงต่ำ/ทั่วไป
1622,เชียงใหม่,สันทราย,แม่แฝกใหม่,แพะแม่แฝกใหม่,เสี่ยงน้อย,เสี่ยงน้อย,เสี่ยงน้อย,เสี่ยงน้อย,เสี่ยงน้อย,1,1,1,1,1,5,0,0,5,🟢 เสี่ยงต่ำ/ทั่วไป
1623,เชียงใหม่,สันทราย,แม่แฝกใหม่,เจดีย์พัฒนา,เสี่ยงน้อย,เสี่ยงปานกลาง,เสี่ยงน้อย,เสี่ยงปานกลาง,เสี่ยงน้อย,1,2,1,2,1,7,0,2,3,🟢 เสี่ยงต่ำ/ทั่วไป
1624,เชียงใหม่,สันทราย,แม่แฝกใหม่,ป่าป๋อ,เสี่ยงน้อย,เสี่ยงปานกลาง,เสี่ยงน้อย,เสี่ยงน้อย,เสี่ยงน้อย,1,2,1,1,1,6,0,1,4,🟢 เสี่ยงต่ำ/ทั่วไป
1625,เชียงใหม่,สันทราย,แม่แฝกใหม่,พระธาตุเจดีย์,เสี่ยงน้อย,เสี่ยงปานกลาง,เสี่ยงน้อย,เสี่ยงน้อย,เสี่ยงน้อย,1,2,1,1,1,6,0,1,4,🟢 เสี่ยงต่ำ/ทั่วไป
1626,เชียงใหม่,สันทราย,แม่แฝกใหม่,เจดีย์เจริญ,เสี่ยงน้อย,เสี่ยงปานกลาง,เสี่ยงปานกลาง,เสี่ยงน้อย,เสี่ยงน้อย,1,2,2,1,1,7,0,2,3,🟢 เสี่ยงต่ำ/ทั่วไป
1627,เชียงใหม่,สันทราย,สันทรายน้อย,แม่ย้อย,เสี่ยงน้อย,เสี่ยงปานกลาง,เสี่ยงปานกลาง,เสี่ยงปานกลาง,เสี่ยงน้อย,1,2,2,2,1,8,0,3,2,🟡 เฝ้าระวังปานกลาง (เสี่ยงกลาง 3+ ด้าน)
1628,เชียงใหม่,สันทราย,สันทรายน้อย,แม่ย้อยใต้,เสี่ยงน้อย,เสี่ยงปานกลาง,เสี่ยงปานกลาง,เสี่ยงปานกลาง,เสี่ยงน้อย,1,2,2,2,1,8,0,3,2,🟡 เฝ้าระวังปานกลาง (เสี่ยงกลาง 3+ ด้าน)
1629,เชียงใหม่,สันทราย,สันทรายน้อย,สันทรายมูล,เสี่ยงน้อย,เสี่ยงปานกลาง,เสี่ยงปานกลาง,เสี่ยงปานกลาง,เสี่ยงน้อย,1,2,2,2,1,8,0,3,2,🟡 เฝ้าระวังปานกลาง (เสี่ยงกลาง 3+ ด้าน)
1630,เชียงใหม่,สันทราย,สันทรายน้อย,สันคะยอม,เสี่ยงน้อย,เสี่ยงปานกลาง,เสี่ยงปานกลาง,เสี่ยงปานกลาง,เสี่ยงน้อย,1,2,2,2,1,8,0,3,2,🟡 เฝ้าระวังปานกลาง (เสี่ยงกลาง 3+ ด้าน)
1631,เชียงใหม่,สันทราย,สันทรายน้อย,โจ้,เสี่ยงน้อย,เสี่ยงปานกลาง,เสี่ยงปานกลาง,เสี่ยงปานกลาง,เสี่ยงน้อย,1,2,2,2,1,8,0,3,2,🟡 เฝ้าระวังปานกลาง (เสี่ยงกลาง 3+ ด้าน)
1632,เชียงใหม่,สันทราย,สันทรายน้อย,ทรายทอง,เสี่ยงน้อย,เสี่ยงปานกลาง,เสี่ยงปานกลาง,เสี่ยงปานกลาง,เสี่ยงน้อย,1,2,2,2,1,8,0,3,2,🟡 เฝ้าระวังปานกลาง (เสี่ยงกลาง 3+ ด้าน)
1633,เชียงใหม่,สันทราย,สันทรายน้อย,สันคะยอมใต้,เสี่ยงน้อย,เสี่ยงปานกลาง,เสี่ยงปานกลาง,เสี่ยงปานกลาง,เสี่ยงน้อย,1,2,2,2,1,8,0,3,2,🟡 เฝ้าระวังปานกลาง (เสี่ยงกลาง 3+ ด้าน)
1634,เชียงใหม่,สันทราย,สันทรายน้อย,เด่นสันคะยอม,เสี่ยงน้อย,เสี่ยงปานกลาง,เสี่ยงปานกลาง,เสี่ยงปานกลาง,เสี่ยงน้อย,1,2,2,2,1,8,0,3,2,🟡 เฝ้าระวังปานกลาง (เสี่ยงกลาง 3+ ด้าน)
1635,เชียงใหม่,สันทราย,สันทรายน้อย,สันทรายน้อย,เสี่ยงน้อย,เสี่ยงปานกลาง,เสี่ยงปานกลาง,เสี่ยงปานกลาง,เสี่ยงน้อย,1,2,2,2,1,8,0,3,2,🟡 เฝ้าระวังปานกลาง (เสี่ยงกลาง 3+ ด้าน)
1636,เชียงใหม่,สันทราย,สันทรายน้อย,สันทรายเงิน,เสี่ยงน้อย,เสี่ยงปานกลาง,เสี่ยงปานกลาง,เสี่ยงปานกลาง,เสี่ยงน้อย,1,2,2,2,1,8,0,3,2,🟡 เฝ้าระวังปานกลาง (เสี่ยงกลาง 3+ ด้าน)
1637,เชียงใหม่,สันทราย,สันทรายหลวง,ทุ่งยาว,เสี่ยงน้อย,เสี่ยงน้อย,เสี่ยงปานกลาง,เสี่ยงปานกลาง,เสี่ยงปานกลาง,1,1,2,2,2,8,0,3,2,🟡 เฝ้าระวังปานกลาง (เสี่ยงกลาง 3+ ด้าน)
1638,เชียงใหม่,สันทราย,สันทรายหลวง,ป่าลาน,เสี่ยงน้อย,เสี่ยงน้อย,เสี่ยงปานกลาง,เสี่ยงปานกลาง,เสี่ยงปานกลาง,1,1,2,2,2,8,0,3,2,🟡 เฝ้าระวังปานกลาง (เสี่ยงกลาง 3+ ด้าน)
1639,เชียงใหม่,สันทราย,สันทรายหลวง,ข้าวแท่นหลวง,เสี่ยงน้อย,เสี่ยงน้อย,เสี่ยงปานกลาง,เสี่ยงปานกลาง,เสี่ยงปานกลาง,1,1,2,2,2,8,0,3,2,🟡 เฝ้าระวังปานกลาง (เสี่ยงกลาง 3+ ด้าน)
1640,เชียงใหม่,สันทราย,สันทรายหลวง,สันทรายหลวง,เสี่ยงน้อย,เสี่ยงน้อย,เสี่ยงปานกลาง,เสี่ยงปานกลาง,เสี่ยงปานกลาง,1,1,2,2,2,8,0,3,2,🟡 เฝ้าระวังปานกลาง (เสี่ยงกลาง 3+ ด้าน)
1641,เชียงใหม่,สันทราย,สันทรายหลวง,ท่อ,เสี่ยงน้อย,เสี่ยงน้อย,เสี่ยงปานกลาง,เสี่ยงปานกลาง,เสี่ยงปานกลาง,1,1,2,2,2,8,0,3,2,🟡 เฝ้าระวังปานกลาง (เสี่ยงกลาง 3+ ด้าน)
1642,เชียงใหม่,สันทราย,สันทรายหลวง,สันป่าสัก,เสี่ยงน้อย,เสี่ยงน้อย,เสี่ยงปานกลาง,เสี่ยงปานกลาง,เสี่ยงปานกลาง,1,1,2,2,2,8,0,3,2,🟡 เฝ้าระวังปานกลาง (เสี่ยงกลาง 3+ ด้าน)
1643,เชียงใหม่,สันทราย,สันทรายหลวง,ต้นซาง,เสี่ยงน้อย,เสี่ยงน้อย,เสี่ยงปานกลาง,เสี่ยงปานกลาง,เสี่ยงปานกลาง,1,1,2,2,2,8,0,3,2,🟡 เฝ้าระวังปานกลาง (เสี่ยงกลาง 3+ ด้าน)
1644,เชียงใหม่,สันทราย,สันทรายหลวง,ปินดก,เสี่ยงน้อย,เสี่ยงน้อย,เสี่ยงปานกลาง,เสี่ยงปานกลาง,เสี่ยงปานกลาง,1,1,2,2,2,8,0,3,2,🟡 เฝ้าระวังปานกลาง (เสี่ยงกลาง 3+ ด้าน)
1645,เชียงใหม่,สันทราย,สันทรายหลวง,สันทรายก้อม,เสี่ยงน้อย,เสี่ยงน้อย,เสี่ยงปานกลาง,เสี่ยงปานกลาง,เสี่ยงปานกลาง,1,1,2,2,2,8,0,3,2,🟡 เฝ้าระวังปานกลาง (เสี่ยงกลาง 3+ ด้าน)
1646,เชียงใหม่,สันทราย,สันนาเม็ง,ร้องสัก,เสี่ยงน้อย,เสี่ยงปานกลาง,เสี่ยงปานกลาง,เสี่ยงปานกลาง,เสี่ยงน้อย,1,2,2,2,1,8,0,3,2,🟡 เฝ้าระวังปานกลาง (เสี่ยงกลาง 3+ ด้าน)
1647,เชียงใหม่,สันทราย,สันนาเม็ง,ป่ากล้วย,เสี่ยงน้อย,เสี่ยงปานกลาง,เสี่ยงปานกลาง,เสี่ยงปานกลาง,เสี่ยงน้อย,1,2,2,2,1,8,0,3,2,🟡 เฝ้าระวังปานกลาง (เสี่ยงกลาง 3+ ด้าน)
1648,เชียงใหม่,สันทราย,สันนาเม็ง,สันนาเม็ง,เสี่ยงน้อย,เสี่ยงปานกลาง,เสี่ยงปานกลาง,เสี่ยงปานกลาง,เสี่ยงน้อย,1,2,2,2,1,8,0,3,2,🟡 เฝ้าระวังปานกลาง (เสี่ยงกลาง 3+ ด้าน)
1649,เชียงใหม่,สันทราย,สันนาเม็ง,สันหลวง,เสี่ยงน้อย,เสี่ยงปานกลาง,เสี่ยงปานกลาง,เสี่ยงปานกลาง,เสี่ยงน้อย,1,2,2,2,1,8,0,3,2,🟡 เฝ้าระวังปานกลาง (เสี่ยงกลาง 3+ ด้าน)
1650,เชียงใหม่,สันทราย,สันนาเม็ง,หลักปัน,เสี่ยงน้อย,เสี่ยงปานกลาง,เสี่ยงสูง,เสี่ยงปานกลาง,เสี่ยงน้อย,1,2,3,2,1,9,1,2,2,⚠️ เฝ้าระวังสูง (เสี่ยงสูง 1 ด้าน)
1651,เชียงใหม่,สันทราย,สันนาเม็ง,แม่กวง,เสี่ยงน้อย,เสี่ยงปานกลาง,เสี่ยงสูง,เสี่ยงปานกลาง,เสี่ยงน้อย,1,2,3,2,1,9,1,2,2,⚠️ เฝ้าระวังสูง (เสี่ยงสูง 1 ด้าน)
1652,เชียงใหม่,สันทราย,สันนาเม็ง,คอกหมูป่า,เสี่ยงน้อย,เสี่ยงปานกลาง,เสี่ยงปานกลาง,เสี่ยงปานกลาง,เสี่ยงน้อย,1,2,2,2,1,8,0,3,2,🟡 เฝ้าระวังปานกลาง (เสี่ยงกลาง 3+ ด้าน)
1653,เชียงใหม่,สันทราย,สันนาเม็ง,ร้องบอนเหนือ,เสี่ยงน้อย,เสี่ยงปานกลาง,เสี่ยงปานกลาง,เสี่ยงปานกลาง,เสี่ยงน้อย,1,2,2,2,1,8,0,3,2,🟡 เฝ้าระวังปานกลาง (เสี่ยงกลาง 3+ ด้าน)
1654,เชียงใหม่,สันทราย,สันนาเม็ง,หลักชัย,เสี่ยงน้อย,เสี่ยงปานกลาง,เสี่ยงปานกลาง,เสี่ยงปานกลาง,เสี่ยงน้อย,1,2,2,2,1,8,0,3,2,🟡 เฝ้าระวังปานกลาง (เสี่ยงกลาง 3+ ด้าน)
1655,เชียงใหม่,สันทราย,สันนาเม็ง,คุรุสภา,เสี่ยงน้อย,เสี่ยงปานกลาง,เสี่ยงสูง,เสี่ยงปานกลาง,เสี่ยงน้อย,1,2,3,2,1,9,1,2,2,⚠️ เฝ้าระวังสูง (เสี่ยงสูง 1 ด้าน)
1656,เชียงใหม่,สันทราย,สันนาเม็ง,แม่กวงใต้,เสี่ยงน้อย,เสี่ยงปานกลาง,เสี่ยงปานกลาง,เสี่ยงปานกลาง,เสี่ยงน้อย,1,2,2,2,1,8,0,3,2,🟡 เฝ้าระวังปานกลาง (เสี่ยงกลาง 3+ ด้าน)
1657,เชียงใหม่,สันทราย,สันนาเม็ง,เจซีการ์เด้นวิลล์,เสี่ยงน้อย,เสี่ยงปานกลาง,เสี่ยงปานกลาง,เสี่ยงปานกลาง,เสี่ยงน้อย,1,2,2,2,1,8,0,3,2,🟡 เฝ้าระวังปานกลาง (เสี่ยงกลาง 3+ ด้าน)
1658,เชียงใหม่,สันทราย,สันป่าเปา,สันต้นเปา,เสี่ยงปานกลาง,เสี่ยงปานกลาง,เสี่ยงปานกลาง,เสี่ยงปานกลาง,เสี่ยงสูง,2,2,2,2,3,11,1,4,0,⚠️ เฝ้าระวังสูง (เสี่ยงสูง 1 ด้าน)
1659,เชียงใหม่,สันทราย,สันป่าเปา,ป่าก้าง,เสี่ยงน้อย,เสี่ยงปานกลาง,เสี่ยงปานกลาง,เสี่ยงสูง,เสี่ยงสูง,1,2,2,3,3,11,2,2,1,🚨 วิกฤติเร่งด่วน (เสี่ยงสูง 2+ ด้าน)
1660,เชียงใหม่,สันทราย,สันป่าเปา,บ่อหิน,เสี่ยงน้อย,เสี่ยงปานกลาง,เสี่ยงปานกลาง,เสี่ยงสูง,เสี่ยงสูง,1,2,2,3,3,11,2,2,1,🚨 วิกฤติเร่งด่วน (เสี่ยงสูง 2+ ด้าน)
1661,เชียงใหม่,สันทราย,สันป่าเปา,ขัวโก,เสี่ยงน้อย,เสี่ยงปานกลาง,เสี่ยงปานกลาง,เสี่ยงสูง,เสี่ยงสูง,1,2,2,3,3,11,2,2,1,🚨 วิกฤติเร่งด่วน (เสี่ยงสูง 2+ ด้าน)
1662,เชียงใหม่,สันทราย,สันป่าเปา,หนองอึ่ง,เสี่ยงน้อย,เสี่ยงปานกลาง,เสี่ยงปานกลาง,เสี่ยงสูง,เสี่ยงสูง,1,2,2,3,3,11,2,2,1,🚨 วิกฤติเร่งด่วน (เสี่ยงสูง 2+ ด้าน)
1663,เชียงใหม่,สันทราย,สันป่าเปา,พยากน้อย,เสี่ยงน้อย,เสี่ยงปานกลาง,เสี่ยงปานกลาง,เสี่ยงสูง,เสี่ยงสูง,1,2,2,3,3,11,2,2,1,🚨 วิกฤติเร่งด่วน (เสี่ยงสูง 2+ ด้าน)
1664,เชียงใหม่,สันทราย,สันพระเนตร,สันศรี,เสี่ยงน้อย,เสี่ยงปานกลาง,เสี่ยงปานกลาง,เสี่ยงปานกลาง,เสี่ยงสูง,1,2,2,2,3,10,1,3,1,⚠️ เฝ้าระวังสูง (เสี่ยงสูง 1 ด้าน)
1665,เชียงใหม่,สันทราย,สันพระเนตร,แม่คาว,เสี่ยงน้อย,เสี่ยงปานกลาง,เสี่ยงปานกลาง,เสี่ยงปานกลาง,เสี่ยงสูง,1,2,2,2,3,10,1,3,1,⚠️ เฝ้าระวังสูง (เสี่ยงสูง 1 ด้าน)
1666,เชียงใหม่,สันทราย,สันพระเนตร,ป่าไผ่,เสี่ยงน้อย,เสี่ยงปานกลาง,เสี่ยงปานกลาง,เสี่ยงปานกลาง,เสี่ยงสูง,1,2,2,2,3,10,1,3,1,⚠️ เฝ้าระวังสูง (เสี่ยงสูง 1 ด้าน)
1667,เชียงใหม่,สันทราย,สันพระเนตร,สันพระเนตร,เสี่ยงน้อย,เสี่ยงปานกลาง,เสี่ยงปานกลาง,เสี่ยงปานกลาง,เสี่ยงสูง,1,2,2,2,3,10,1,3,1,⚠️ เฝ้าระวังสูง (เสี่ยงสูง 1 ด้าน)
1668,เชียงใหม่,สันทราย,สันพระเนตร,ใหม่สามัคคี,เสี่ยงน้อย,เสี่ยงปานกลาง,เสี่ยงปานกลาง,เสี่ยงปานกลาง,เสี่ยงสูง,1,2,2,2,3,10,1,3,1,⚠️ เฝ้าระวังสูง (เสี่ยงสูง 1 ด้าน)
1669,เชียงใหม่,สันทราย,สันพระเนตร,แม่ย่อยสันศรี,เสี่ยงปานกลาง,เสี่ยงปานกลาง,เสี่ยงปานกลาง,เสี่ยงปานกลาง,เสี่ยงสูง,2,2,2,2,3,11,1,4,0,⚠️ เฝ้าระวังสูง (เสี่ยงสูง 1 ด้าน)
1670,เชียงใหม่,สันทราย,สันพระเนตร,ท่าทุ่ม,เสี่ยงน้อย,เสี่ยงปานกลาง,เสี่ยงปานกลาง,เสี่ยงสูง,เสี่ยงสูง,1,2,2,3,3,11,2,2,1,🚨 วิกฤติเร่งด่วน (เสี่ยงสูง 2+ ด้าน)
1671,เชียงใหม่,สันทราย,หนองจ๊อม,ฟ้ามุ่ย,เสี่ยงน้อย,เสี่ยงสูง,เสี่ยงปานกลาง,เสี่ยงสูง,เสี่ยงน้อย,1,3,2,3,1,10,2,1,2,🚨 วิกฤติเร่งด่วน (เสี่ยงสูง 2+ ด้าน)
1672,เชียงใหม่,สันทราย,หนองจ๊อม,นางเหลียว,เสี่ยงน้อย,เสี่ยงสูง,เสี่ยงปานกลาง,เสี่ยงสูง,เสี่ยงน้อย,1,3,2,3,1,10,2,1,2,🚨 วิกฤติเร่งด่วน (เสี่ยงสูง 2+ ด้าน)
1673,เชียงใหม่,สันทราย,หนองจ๊อม,โป่ง,เสี่ยงน้อย,เสี่ยงสูง,เสี่ยงปานกลาง,เสี่ยงสูง,เสี่ยงน้อย,1,3,2,3,1,10,2,1,2,🚨 วิกฤติเร่งด่วน (เสี่ยงสูง 2+ ด้าน)
1674,เชียงใหม่,สันทราย,หนองจ๊อม,ท่าเกวียน,เสี่ยงน้อย,เสี่ยงสูง,เสี่ยงปานกลาง,เสี่ยงสูง,เสี่ยงน้อย,1,3,2,3,1,10,2,1,2,🚨 วิกฤติเร่งด่วน (เสี่ยงสูง 2+ ด้าน)
1675,เชียงใหม่,สันทราย,หนองจ๊อม,แม่แก๊ดหลวง,เสี่ยงน้อย,เสี่ยงสูง,เสี่ยงปานกลาง,เสี่ยงสูง,เสี่ยงน้อย,1,3,2,3,1,10,2,1,2,🚨 วิกฤติเร่งด่วน (เสี่ยงสูง 2+ ด้าน)
1676,เชียงใหม่,สันทราย,หนองจ๊อม,หนองไคร้,เสี่ยงปานกลาง,เสี่ยงสูง,เสี่ยงปานกลาง,เสี่ยงสูง,เสี่ยงน้อย,2,3,2,3,1,11,2,2,1,🚨 วิกฤติเร่งด่วน (เสี่ยงสูง 2+ ด้าน)
1677,เชียงใหม่,สันทราย,หนองจ๊อม,ชุมชนศรีสหกรณ์,เสี่ยงน้อย,เสี่ยงปานกลาง,เสี่ยงปานกลาง,เสี่ยงปานกลาง,เสี่ยงน้อย,1,2,2,2,1,8,0,3,2,🟡 เฝ้าระวังปานกลาง (เสี่ยงกลาง 3+ ด้าน)
1678,เชียงใหม่,สันทราย,หนองจ๊อม,หนองไคร้หลวง,เสี่ยงน้อย,เสี่ยงปานกลาง,เสี่ยงปานกลาง,เสี่ยงสูง,เสี่ยงน้อย,1,2,2,3,1,9,1,2,2,⚠️ เฝ้าระวังสูง (เสี่ยงสูง 1 ด้าน)
1679,เชียงใหม่,สันทราย,หนองจ๊อม,ต้นจันทร์,เสี่ยงน้อย,เสี่ยงปานกลาง,เสี่ยงปานกลาง,เสี่ยงปานกลาง,เสี่ยงน้อย,1,2,2,2,1,8,0,3,2,🟡 เฝ้าระวังปานกลาง (เสี่ยงกลาง 3+ ด้าน)
1680,เชียงใหม่,สันทราย,หนองจ๊อม,ชุมชนแพะป่าห้า,เสี่ยงน้อย,เสี่ยงปานกลาง,เสี่ยงปานกลาง,เสี่ยงปานกลาง,เสี่ยงน้อย,1,2,2,2,1,8,0,3,2,🟡 เฝ้าระวังปานกลาง (เสี่ยงกลาง 3+ ด้าน)
1681,เชียงใหม่,สันทราย,หนองหาร,แม่เตาไห,เสี่ยงน้อย,เสี่ยงปานกลาง,เสี่ยงน้อย,เสี่ยงปานกลาง,เสี่ยงปานกลาง,1,2,1,2,2,8,0,3,2,🟡 เฝ้าระวังปานกลาง (เสี่ยงกลาง 3+ ด้าน)
1682,เชียงใหม่,สันทราย,หนองหาร,หนองหาร,เสี่ยงน้อย,เสี่ยงปานกลาง,เสี่ยงสูง,เสี่ยงปานกลาง,เสี่ยงปานกลาง,1,2,3,2,2,10,1,3,1,⚠️ เฝ้าระวังสูง (เสี่ยงสูง 1 ด้าน)
1683,เชียงใหม่,สันทราย,หนองหาร,วิเวก,เสี่ยงน้อย,เสี่ยงปานกลาง,เสี่ยงปานกลาง,เสี่ยงปานกลาง,เสี่ยงปานกลาง,1,2,2,2,2,9,0,4,1,🟡 เฝ้าระวังปานกลาง (เสี่ยงกลาง 3+ ด้าน)
1684,เชียงใหม่,สันทราย,หนองหาร,เกษตรใหม่,เสี่ยงน้อย,เสี่ยงปานกลาง,เสี่ยงปานกลาง,เสี่ยงปานกลาง,เสี่ยงปานกลาง,1,2,2,2,2,9,0,4,1,🟡 เฝ้าระวังปานกลาง (เสี่ยงกลาง 3+ ด้าน)
1685,เชียงใหม่,สันทราย,หนองหาร,ดอยน้อยพัฒนา,เสี่ยงน้อย,เสี่ยงปานกลาง,เสี่ยงปานกลาง,เสี่ยงปานกลาง,เสี่ยงปานกลาง,1,2,2,2,2,9,0,4,1,🟡 เฝ้าระวังปานกลาง (เสี่ยงกลาง 3+ ด้าน)
1686,เชียงใหม่,สันทราย,หนองหาร,ชุมชนแม่เตาไห1,เสี่ยงน้อย,เสี่ยงปานกลาง,เสี่ยงปานกลาง,เสี่ยงปานกลาง,เสี่ยงปานกลาง,1,2,2,2,2,9,0,4,1,🟡 เฝ้าระวังปานกลาง (เสี่ยงกลาง 3+ ด้าน)
1687,เชียงใหม่,สันทราย,หนองหาร,ชุมชนแม่เตาไห2,เสี่ยงน้อย,เสี่ยงปานกลาง,เสี่ยงน้อย,เสี่ยงปานกลาง,เสี่ยงปานกลาง,1,2,1,2,2,8,0,3,2,🟡 เฝ้าระวังปานกลาง (เสี่ยงกลาง 3+ ด้าน)
1688,เชียงใหม่,สันทราย,หนองหาร,ชุมชนป่าบง,เสี่ยงน้อย,เสี่ยงปานกลาง,เสี่ยงปานกลาง,เสี่ยงปานกลาง,เสี่ยงปานกลาง,1,2,2,2,2,9,0,4,1,🟡 เฝ้าระวังปานกลาง (เสี่ยงกลาง 3+ ด้าน)
1689,เชียงใหม่,สันทราย,หนองหาร,ชุมชนป่าขาม,เสี่ยงน้อย,เสี่ยงปานกลาง,เสี่ยงปานกลาง,เสี่ยงปานกลาง,เสี่ยงปานกลาง,1,2,2,2,2,9,0,4,1,🟡 เฝ้าระวังปานกลาง (เสี่ยงกลาง 3+ ด้าน)
1690,เชียงใหม่,สันทราย,หนองหาร,ชุมชนห้วยเกี๋ยง,เสี่ยงน้อย,เสี่ยงปานกลาง,เสี่ยงปานกลาง,เสี่ยงปานกลาง,เสี่ยงปานกลาง,1,2,2,2,2,9,0,4,1,🟡 เฝ้าระวังปานกลาง (เสี่ยงกลาง 3+ ด้าน)
1691,เชียงใหม่,สันทราย,หนองหาร,ชุมชนแม่โจ้,เสี่ยงน้อย,เสี่ยงปานกลาง,เสี่ยงปานกลาง,เสี่ยงปานกลาง,เสี่ยงปานกลาง,1,2,2,2,2,9,0,4,1,🟡 เฝ้าระวังปานกลาง (เสี่ยงกลาง 3+ ด้าน)
1692,เชียงใหม่,สันทราย,หนองหาร,ชุมชนสหกรณ์นิคม1,เสี่ยงน้อย,เสี่ยงปานกลาง,เสี่ยงปานกลาง,เสี่ยงปานกลาง,เสี่ยงปานกลาง,1,2,2,2,2,9,0,4,1,🟡 เฝ้าระวังปานกลาง (เสี่ยงกลาง 3+ ด้าน)
1693,เชียงใหม่,สันทราย,หนองหาร,ชุมชนสหกรณ์นิคม2,เสี่ยงน้อย,เสี่ยงปานกลาง,เสี่ยงสูง,เสี่ยงปานกลาง,เสี่ยงปานกลาง,1,2,3,2,2,10,1,3,1,⚠️ เฝ้าระวังสูง (เสี่ยงสูง 1 ด้าน)
1694,เชียงใหม่,สันทราย,หนองหาร,ชุมชนทุ่งป่าเก็ด,เสี่ยงน้อย,เสี่ยงปานกลาง,เสี่ยงสูง,เสี่ยงปานกลาง,เสี่ยงปานกลาง,1,2,3,2,2,10,1,3,1,⚠️ เฝ้าระวังสูง (เสี่ยงสูง 1 ด้าน)
1695,เชียงใหม่,สันทราย,หนองหาร,ชุมชนทุ่งหมื่นน้อย,เสี่ยงน้อย,เสี่ยงปานกลาง,เสี่ยงปานกลาง,เสี่ยงปานกลาง,เสี่ยงปานกลาง,1,2,2,2,2,9,0,4,1,🟡 เฝ้าระวังปานกลาง (เสี่ยงกลาง 3+ ด้าน)
1696,เชียงใหม่,สันทราย,หนองหาร,ชุมชนเกษตรใหม่,เสี่ยงน้อย,เสี่ยงปานกลาง,เสี่ยงสูง,เสี่ยงปานกลาง,เสี่ยงปานกลาง,1,2,3,2,2,10,1,3,1,⚠️ เฝ้าระวังสูง (เสี่ยงสูง 1 ด้าน)
1697,เชียงใหม่,สันทราย,หนองหาร,ชุมชนไร่สหกรณ์,เสี่ยงน้อย,เสี่ยงปานกลาง,เสี่ยงปานกลาง,เสี่ยงปานกลาง,เสี่ยงปานกลาง,1,2,2,2,2,9,0,4,1,🟡 เฝ้าระวังปานกลาง (เสี่ยงกลาง 3+ ด้าน)
1698,เชียงใหม่,สันทราย,หนองหาร,ชุมชนแม่โจ้ใหม่,เสี่ยงน้อย,เสี่ยงปานกลาง,เสี่ยงปานกลาง,เสี่ยงปานกลาง,เสี่ยงปานกลาง,1,2,2,2,2,9,0,4,1,🟡 เฝ้าระวังปานกลาง (เสี่ยงกลาง 3+ ด้าน)
1699,เชียงใหม่,สันทราย,หนองแหย่ง,หนองแหย่ง,เสี่ยงน้อย,เสี่ยงน้อย,เสี่ยงปานกลาง,เสี่ยงปานกลาง,เสี่ยงปานกลาง,1,1,2,2,2,8,0,3,2,🟡 เฝ้าระวังปานกลาง (เสี่ยงกลาง 3+ ด้าน)
1700,เชียงใหม่,สันทราย,หนองแหย่ง,ร้องเม็ง,เสี่ยงปานกลาง,เสี่ยงน้อย,เสี่ยงปานกลาง,เสี่ยงปานกลาง,เสี่ยงปานกลาง,2,1,2,2,2,9,0,4,1,🟡 เฝ้าระวังปานกลาง (เสี่ยงกลาง 3+ ด้าน)
1701,เชียงใหม่,สันทราย,หนองแหย่ง,บวกเปา,เสี่ยงน้อย,เสี่ยงน้อย,เสี่ยงปานกลาง,เสี่ยงปานกลาง,เสี่ยงปานกลาง,1,1,2,2,2,8,0,3,2,🟡 เฝ้าระวังปานกลาง (เสี่ยงกลาง 3+ ด้าน)
1702,เชียงใหม่,สันทราย,หนองแหย่ง,ทุ่งข้าวตอก,เสี่ยงปานกลาง,เสี่ยงน้อย,เสี่ยงปานกลาง,เสี่ยงปานกลาง,เสี่ยงปานกลาง,2,1,2,2,2,9,0,4,1,🟡 เฝ้าระวังปานกลาง (เสี่ยงกลาง 3+ ด้าน)
1703,เชียงใหม่,สันทราย,หนองแหย่ง,หนองบัว,เสี่ยงน้อย,เสี่ยงน้อย,เสี่ยงปานกลาง,เสี่ยงปานกลาง,เสี่ยงปานกลาง,1,1,2,2,2,8,0,3,2,🟡 เฝ้าระวังปานกลาง (เสี่ยงกลาง 3+ ด้าน)
1704,เชียงใหม่,สันทราย,หนองแหย่ง,ดงเจริญชัย,เสี่ยงน้อย,เสี่ยงน้อย,เสี่ยงน้อย,เสี่ยงปานกลาง,เสี่ยงปานกลาง,1,1,1,2,2,7,0,2,3,🟢 เสี่ยงต่ำ/ทั่วไป
1705,เชียงใหม่,สันทราย,หนองแหย่ง,ดอย,เสี่ยงน้อย,เสี่ยงน้อย,เสี่ยงน้อย,เสี่ยงปานกลาง,เสี่ยงปานกลาง,1,1,1,2,2,7,0,2,3,🟢 เสี่ยงต่ำ/ทั่วไป
1706,เชียงใหม่,สันทราย,หนองแหย่ง,ทุ่งข้าวตอก,เสี่ยงปานกลาง,เสี่ยงน้อย,เสี่ยงปานกลาง,เสี่ยงปานกลาง,เสี่ยงปานกลาง,2,1,2,2,2,9,0,4,1,🟡 เฝ้าระวังปานกลาง (เสี่ยงกลาง 3+ ด้าน)
1707,เชียงใหม่,สันทราย,หนองแหย่ง,แม่ฮักพัฒนา,เสี่ยงน้อย,เสี่ยงน้อย,เสี่ยงน้อย,เสี่ยงปานกลาง,เสี่ยงปานกลาง,1,1,1,2,2,7,0,2,3,🟢 เสี่ยงต่ำ/ทั่วไป
1708,เชียงใหม่,สันทราย,หนองแหย่ง,พระบาท,เสี่ยงน้อย,เสี่ยงน้อย,เสี่ยงน้อย,เสี่ยงปานกลาง,เสี่ยงปานกลาง,1,1,1,2,2,7,0,2,3,🟢 เสี่ยงต่ำ/ทั่วไป
1709,เชียงใหม่,สันทราย,หนองแหย่ง,แม่ฮักพัฒนาเฉลิมพระเกียรติ,เสี่ยงน้อย,เสี่ยงน้อย,เสี่ยงน้อย,เสี่ยงปานกลาง,เสี่ยงปานกลาง,1,1,1,2,2,7,0,2,3,🟢 เสี่ยงต่ำ/ทั่วไป
1710,เชียงใหม่,สันป่าตอง,ท่าวังพร้าว,ต้นแหนหลวง,เสี่ยงน้อย,เสี่ยงน้อย,เสี่ยงน้อย,เสี่ยงปานกลาง,เสี่ยงสูง,1,1,1,2,3,8,1,1,3,⚠️ เฝ้าระวังสูง (เสี่ยงสูง 1 ด้าน)
1711,เชียงใหม่,สันป่าตอง,ท่าวังพร้าว,ทุ่งแป้ง,เสี่ยงน้อย,เสี่ยงน้อย,เสี่ยงน้อย,เสี่ยงปานกลาง,เสี่ยงสูง,1,1,1,2,3,8,1,1,3,⚠️ เฝ้าระวังสูง (เสี่ยงสูง 1 ด้าน)
1712,เชียงใหม่,สันป่าตอง,ท่าวังพร้าว,ทุ่งหลุก,เสี่ยงน้อย,เสี่ยงน้อย,เสี่ยงปานกลาง,เสี่ยงปานกลาง,เสี่ยงสูง,1,1,2,2,3,9,1,2,2,⚠️ เฝ้าระวังสูง (เสี่ยงสูง 1 ด้าน)
1713,เชียงใหม่,สันป่าตอง,ท่าวังพร้าว,ทุ่งหลุก,เสี่ยงน้อย,เสี่ยงน้อย,เสี่ยงปานกลาง,เสี่ยงปานกลาง,เสี่ยงสูง,1,1,2,2,3,9,1,2,2,⚠️ เฝ้าระวังสูง (เสี่ยงสูง 1 ด้าน)
1714,เชียงใหม่,สันป่าตอง,ท่าวังพร้าว,ท่าวังพร้าว,เสี่ยงน้อย,เสี่ยงน้อย,เสี่ยงน้อย,เสี่ยงปานกลาง,เสี่ยงสูง,1,1,1,2,3,8,1,1,3,⚠️ เฝ้าระวังสูง (เสี่ยงสูง 1 ด้าน)
1715,เชียงใหม่,สันป่าตอง,ท่าวังพร้าว,ท่าตุ้ม,เสี่ยงน้อย,เสี่ยงน้อย,เสี่ยงน้อย,เสี่ยงปานกลาง,เสี่ยงสูง,1,1,1,2,3,8,1,1,3,⚠️ เฝ้าระวังสูง (เสี่ยงสูง 1 ด้าน)
1716,เชียงใหม่,สันป่าตอง,ท่าวังพร้าว,ต้นแหนน้อย,เสี่ยงน้อย,เสี่ยงน้อย,เสี่ยงน้อย,เสี่ยงปานกลาง,เสี่ยงสูง,1,1,1,2,3,8,1,1,3,⚠️ เฝ้าระวังสูง (เสี่ยงสูง 1 ด้าน)
1717,เชียงใหม่,สันป่าตอง,ทุ่งต้อม,ช่างกระดาษ,เสี่ยงน้อย,เสี่ยงน้อย,เสี่ยงปานกลาง,เสี่ยงปานกลาง,เสี่ยงน้อย,1,1,2,2,1,7,0,2,3,🟢 เสี่ยงต่ำ/ทั่วไป
1718,เชียงใหม่,สันป่าตอง,ทุ่งต้อม,ป่าลาน,เสี่ยงน้อย,เสี่ยงปานกลาง,เสี่ยงสูง,เสี่ยงปานกลาง,เสี่ยงน้อย,1,2,3,2,1,9,1,2,2,⚠️ เฝ้าระวังสูง (เสี่ยงสูง 1 ด้าน)
1719,เชียงใหม่,สันป่าตอง,ทุ่งต้อม,สบหาร,เสี่ยงปานกลาง,เสี่ยงปานกลาง,เสี่ยงสูง,เสี่ยงปานกลาง,เสี่ยงน้อย,2,2,3,2,1,10,1,3,1,⚠️ เฝ้าระวังสูง (เสี่ยงสูง 1 ด้าน)
1720,เชียงใหม่,สันป่าตอง,ทุ่งต้อม,ก่อเก๊า,เสี่ยงปานกลาง,เสี่ยงปานกลาง,เสี่ยงสูง,เสี่ยงปานกลาง,เสี่ยงน้อย,2,2,3,2,1,10,1,3,1,⚠️ เฝ้าระวังสูง (เสี่ยงสูง 1 ด้าน)
1721,เชียงใหม่,สันป่าตอง,ทุ่งต้อม,ไร่,เสี่ยงน้อย,เสี่ยงปานกลาง,เสี่ยงสูง,เสี่ยงปานกลาง,เสี่ยงน้อย,1,2,3,2,1,9,1,2,2,⚠️ เฝ้าระวังสูง (เสี่ยงสูง 1 ด้าน)
1722,เชียงใหม่,สันป่าตอง,ทุ่งต้อม,แม่กุ้งหลวง,เสี่ยงปานกลาง,เสี่ยงปานกลาง,เสี่ยงสูง,เสี่ยงปานกลาง,เสี่ยงน้อย,2,2,3,2,1,10,1,3,1,⚠️ เฝ้าระวังสูง (เสี่ยงสูง 1 ด้าน)
1723,เชียงใหม่,สันป่าตอง,ทุ่งต้อม,สันจิกุ่ง,เสี่ยงปานกลาง,เสี่ยงน้อย,เสี่ยงสูง,เสี่ยงปานกลาง,เสี่ยงน้อย,2,1,3,2,1,9,1,2,2,⚠️ เฝ้าระวังสูง (เสี่ยงสูง 1 ด้าน)
1724,เชียงใหม่,สันป่าตอง,ทุ่งต้อม,แม่กุ้งน้อย,เสี่ยงปานกลาง,เสี่ยงน้อย,เสี่ยงสูง,เสี่ยงปานกลาง,เสี่ยงน้อย,2,1,3,2,1,9,1,2,2,⚠️ เฝ้าระวังสูง (เสี่ยงสูง 1 ด้าน)
1725,เชียงใหม่,สันป่าตอง,ทุ่งต้อม,แม่กุ้งน้อย,เสี่ยงปานกลาง,เสี่ยงน้อย,เสี่ยงสูง,เสี่ยงปานกลาง,เสี่ยงน้อย,2,1,3,2,1,9,1,2,2,⚠️ เฝ้าระวังสูง (เสี่ยงสูง 1 ด้าน)
1726,เชียงใหม่,สันป่าตอง,ทุ่งต้อม,เหล่า,เสี่ยงสูง,เสี่ยงปานกลาง,เสี่ยงสูง,เสี่ยงปานกลาง,เสี่ยงน้อย,3,2,3,2,1,11,2,2,1,🚨 วิกฤติเร่งด่วน (เสี่ยงสูง 2+ ด้าน)
1727,เชียงใหม่,สันป่าตอง,ทุ่งต้อม,ศรีโพธิ์งาม,เสี่ยงปานกลาง,เสี่ยงน้อย,เสี่ยงสูง,เสี่ยงปานกลาง,เสี่ยงน้อย,2,1,3,2,1,9,1,2,2,⚠️ เฝ้าระวังสูง (เสี่ยงสูง 1 ด้าน)
1728,เชียงใหม่,สันป่าตอง,ทุ่งสะโตก,ป่าจี้,เสี่ยงน้อย,เสี่ยงปานกลาง,เสี่ยงปานกลาง,เสี่ยงปานกลาง,เสี่ยงน้อย,1,2,2,2,1,8,0,3,2,🟡 เฝ้าระวังปานกลาง (เสี่ยงกลาง 3+ ด้าน)
1729,เชียงใหม่,สันป่าตอง,ทุ่งสะโตก,ป่าลาน,เสี่ยงน้อย,เสี่ยงปานกลาง,เสี่ยงปานกลาง,เสี่ยงปานกลาง,เสี่ยงน้อย,1,2,2,2,1,8,0,3,2,🟡 เฝ้าระวังปานกลาง (เสี่ยงกลาง 3+ ด้าน)
1730,เชียงใหม่,สันป่าตอง,ทุ่งสะโตก,พนัง,เสี่ยงน้อย,เสี่ยงปานกลาง,เสี่ยงปานกลาง,เสี่ยงปานกลาง,เสี่ยงน้อย,1,2,2,2,1,8,0,3,2,🟡 เฝ้าระวังปานกลาง (เสี่ยงกลาง 3+ ด้าน)
1731,เชียงใหม่,สันป่าตอง,ทุ่งสะโตก,ร้องส้มป่อย,เสี่ยงน้อย,เสี่ยงปานกลาง,เสี่ยงปานกลาง,เสี่ยงสูง,เสี่ยงน้อย,1,2,2,3,1,9,1,2,2,⚠️ เฝ้าระวังสูง (เสี่ยงสูง 1 ด้าน)
1732,เชียงใหม่,สันป่าตอง,ทุ่งสะโตก,ป่าอ้อย,เสี่ยงน้อย,เสี่ยงปานกลาง,เสี่ยงปานกลาง,เสี่ยงสูง,เสี่ยงน้อย,1,2,2,3,1,9,1,2,2,⚠️ เฝ้าระวังสูง (เสี่ยงสูง 1 ด้าน)
1733,เชียงใหม่,สันป่าตอง,ทุ่งสะโตก,ร้อง,เสี่ยงน้อย,เสี่ยงปานกลาง,เสี่ยงปานกลาง,เสี่ยงสูง,เสี่ยงน้อย,1,2,2,3,1,9,1,2,2,⚠️ เฝ้าระวังสูง (เสี่ยงสูง 1 ด้าน)
1734,เชียงใหม่,สันป่าตอง,ทุ่งสะโตก,ดงก๋ำ,เสี่ยงน้อย,เสี่ยงปานกลาง,เสี่ยงสูง,เสี่ยงสูง,เสี่ยงน้อย,1,2,3,3,1,10,2,1,2,🚨 วิกฤติเร่งด่วน (เสี่ยงสูง 2+ ด้าน)
1735,เชียงใหม่,สันป่าตอง,ทุ่งสะโตก,ท่าจำปี,เสี่ยงน้อย,เสี่ยงปานกลาง,เสี่ยงปานกลาง,เสี่ยงสูง,เสี่ยงน้อย,1,2,2,3,1,9,1,2,2,⚠️ เฝ้าระวังสูง (เสี่ยงสูง 1 ด้าน)
1736,เชียงใหม่,สันป่าตอง,ทุ่งสะโตก,กลาง,เสี่ยงน้อย,เสี่ยงปานกลาง,เสี่ยงปานกลาง,เสี่ยงปานกลาง,เสี่ยงน้อย,1,2,2,2,1,8,0,3,2,🟡 เฝ้าระวังปานกลาง (เสี่ยงกลาง 3+ ด้าน)
1737,เชียงใหม่,สันป่าตอง,ทุ่งสะโตก,ทุ่งสะโตก,เสี่ยงน้อย,เสี่ยงปานกลาง,เสี่ยงสูง,เสี่ยงปานกลาง,เสี่ยงน้อย,1,2,3,2,1,9,1,2,2,⚠️ เฝ้าระวังสูง (เสี่ยงสูง 1 ด้าน)
1738,เชียงใหม่,สันป่าตอง,ทุ่งสะโตก,หัวริน,เสี่ยงน้อย,เสี่ยงปานกลาง,เสี่ยงปานกลาง,เสี่ยงสูง,เสี่ยงน้อย,1,2,2,3,1,9,1,2,2,⚠️ เฝ้าระวังสูง (เสี่ยงสูง 1 ด้าน)
1739,เชียงใหม่,สันป่าตอง,ทุ่งสะโตก,ทุ่งเกี๋ยง,เสี่ยงน้อย,เสี่ยงปานกลาง,เสี่ยงปานกลาง,เสี่ยงปานกลาง,เสี่ยงน้อย,1,2,2,2,1,8,0,3,2,🟡 เฝ้าระวังปานกลาง (เสี่ยงกลาง 3+ ด้าน)
1740,เชียงใหม่,สันป่าตอง,น้ำบ่อหลวง,โรงวัว,เสี่ยงน้อย,เสี่ยงน้อย,เสี่ยงปานกลาง,เสี่ยงปานกลาง,เสี่ยงน้อย,1,1,2,2,1,7,0,2,3,🟢 เสี่ยงต่ำ/ทั่วไป
1741,เชียงใหม่,สันป่าตอง,น้ำบ่อหลวง,น้ำบ่อหลวง,เสี่ยงน้อย,เสี่ยงปานกลาง,เสี่ยงปานกลาง,เสี่ยงน้อย,เสี่ยงน้อย,1,2,2,1,1,7,0,2,3,🟢 เสี่ยงต่ำ/ทั่วไป
1742,เชียงใหม่,สันป่าตอง,น้ำบ่อหลวง,แพะสันใหม่,เสี่ยงน้อย,เสี่ยงปานกลาง,เสี่ยงน้อย,เสี่ยงน้อย,เสี่ยงน้อย,1,2,1,1,1,6,0,1,4,🟢 เสี่ยงต่ำ/ทั่วไป
1743,เชียงใหม่,สันป่าตอง,น้ำบ่อหลวง,จอมแจ้ง,เสี่ยงน้อย,เสี่ยงปานกลาง,เสี่ยงน้อย,เสี่ยงน้อย,เสี่ยงน้อย,1,2,1,1,1,6,0,1,4,🟢 เสี่ยงต่ำ/ทั่วไป
1744,เชียงใหม่,สันป่าตอง,น้ำบ่อหลวง,หนองห้า,เสี่ยงน้อย,เสี่ยงปานกลาง,เสี่ยงน้อย,เสี่ยงน้อย,เสี่ยงน้อย,1,2,1,1,1,6,0,1,4,🟢 เสี่ยงต่ำ/ทั่วไป
1745,เชียงใหม่,สันป่าตอง,น้ำบ่อหลวง,หนองไหว,เสี่ยงน้อย,เสี่ยงปานกลาง,เสี่ยงน้อย,เสี่ยงน้อย,เสี่ยงน้อย,1,2,1,1,1,6,0,1,4,🟢 เสี่ยงต่ำ/ทั่วไป
1746,เชียงใหม่,สันป่าตอง,น้ำบ่อหลวง,หัวฝาย,เสี่ยงน้อย,เสี่ยงปานกลาง,เสี่ยงน้อย,เสี่ยงน้อย,เสี่ยงน้อย,1,2,1,1,1,6,0,1,4,🟢 เสี่ยงต่ำ/ทั่วไป
1747,เชียงใหม่,สันป่าตอง,น้ำบ่อหลวง,ห้วยโท้ง,เสี่ยงน้อย,เสี่ยงปานกลาง,เสี่ยงน้อย,เสี่ยงน้อย,เสี่ยงน้อย,1,2,1,1,1,6,0,1,4,🟢 เสี่ยงต่ำ/ทั่วไป
1748,เชียงใหม่,สันป่าตอง,น้ำบ่อหลวง,ต้นแก้ว,เสี่ยงน้อย,เสี่ยงปานกลาง,เสี่ยงปานกลาง,เสี่ยงน้อย,เสี่ยงน้อย,1,2,2,1,1,7,0,2,3,🟢 เสี่ยงต่ำ/ทั่วไป
1749,เชียงใหม่,สันป่าตอง,น้ำบ่อหลวง,สันเหนือ,เสี่ยงน้อย,เสี่ยงปานกลาง,เสี่ยงน้อย,เสี่ยงน้อย,เสี่ยงน้อย,1,2,1,1,1,6,0,1,4,🟢 เสี่ยงต่ำ/ทั่วไป
1750,เชียงใหม่,สันป่าตอง,น้ำบ่อหลวง,หนองหวาย,เสี่ยงน้อย,เสี่ยงปานกลาง,เสี่ยงปานกลาง,เสี่ยงปานกลาง,เสี่ยงน้อย,1,2,2,2,1,8,0,3,2,🟡 เฝ้าระวังปานกลาง (เสี่ยงกลาง 3+ ด้าน)
1751,เชียงใหม่,สันป่าตอง,บ้านกลาง,ปวงสนุก,เสี่ยงน้อย,เสี่ยงน้อย,เสี่ยงน้อย,เสี่ยงปานกลาง,เสี่ยงน้อย,1,1,1,2,1,6,0,1,4,🟢 เสี่ยงต่ำ/ทั่วไป
1752,เชียงใหม่,สันป่าตอง,บ้านกลาง,หนองแท่น,เสี่ยงน้อย,เสี่ยงน้อย,เสี่ยงน้อย,เสี่ยงปานกลาง,เสี่ยงน้อย,1,1,1,2,1,6,0,1,4,🟢 เสี่ยงต่ำ/ทั่วไป
1753,เชียงใหม่,สันป่าตอง,บ้านกลาง,ทุ่งเสี้ยว,เสี่ยงน้อย,เสี่ยงน้อย,เสี่ยงน้อย,เสี่ยงปานกลาง,เสี่ยงน้อย,1,1,1,2,1,6,0,1,4,🟢 เสี่ยงต่ำ/ทั่วไป
1754,เชียงใหม่,สันป่าตอง,บ้านกลาง,ต้นกอก,เสี่ยงน้อย,เสี่ยงปานกลาง,เสี่ยงปานกลาง,เสี่ยงปานกลาง,เสี่ยงน้อย,1,2,2,2,1,8,0,3,2,🟡 เฝ้าระวังปานกลาง (เสี่ยงกลาง 3+ ด้าน)
1755,เชียงใหม่,สันป่าตอง,บ้านกลาง,ท่ากาน,เสี่ยงน้อย,เสี่ยงน้อย,เสี่ยงน้อย,เสี่ยงปานกลาง,เสี่ยงน้อย,1,1,1,2,1,6,0,1,4,🟢 เสี่ยงต่ำ/ทั่วไป
1756,เชียงใหม่,สันป่าตอง,บ้านกลาง,พระเจ้าทองทิพย์,เสี่ยงน้อย,เสี่ยงปานกลาง,เสี่ยงปานกลาง,เสี่ยงปานกลาง,เสี่ยงน้อย,1,2,2,2,1,8,0,3,2,🟡 เฝ้าระวังปานกลาง (เสี่ยงกลาง 3+ ด้าน)
1757,เชียงใหม่,สันป่าตอง,บ้านกลาง,สันห่าว,เสี่ยงน้อย,เสี่ยงน้อย,เสี่ยงปานกลาง,เสี่ยงปานกลาง,เสี่ยงน้อย,1,1,2,2,1,7,0,2,3,🟢 เสี่ยงต่ำ/ทั่วไป
1758,เชียงใหม่,สันป่าตอง,บ้านกลาง,ใหม่สามหลัง,เสี่ยงน้อย,เสี่ยงน้อย,เสี่ยงปานกลาง,เสี่ยงปานกลาง,เสี่ยงน้อย,1,1,2,2,1,7,0,2,3,🟢 เสี่ยงต่ำ/ทั่วไป
1759,เชียงใหม่,สันป่าตอง,บ้านกลาง,ป่าสัก,เสี่ยงน้อย,เสี่ยงน้อย,เสี่ยงน้อย,เสี่ยงปานกลาง,เสี่ยงน้อย,1,1,1,2,1,6,0,1,4,🟢 เสี่ยงต่ำ/ทั่วไป
1760,เชียงใหม่,สันป่าตอง,บ้านกลาง,สันกอเก็ด,เสี่ยงน้อย,เสี่ยงน้อย,เสี่ยงปานกลาง,เสี่ยงปานกลาง,เสี่ยงน้อย,1,1,2,2,1,7,0,2,3,🟢 เสี่ยงต่ำ/ทั่วไป
1761,เชียงใหม่,สันป่าตอง,บ้านกลาง,ท้องฝาย,เสี่ยงน้อย,เสี่ยงน้อย,เสี่ยงน้อย,เสี่ยงปานกลาง,เสี่ยงน้อย,1,1,1,2,1,6,0,1,4,🟢 เสี่ยงต่ำ/ทั่วไป
1762,เชียงใหม่,สันป่าตอง,บ้านแม,เหมืองฟู,เสี่ยงน้อย,เสี่ยงปานกลาง,เสี่ยงน้อย,เสี่ยงปานกลาง,เสี่ยงสูง,1,2,1,2,3,9,1,2,2,⚠️ เฝ้าระวังสูง (เสี่ยงสูง 1 ด้าน)
1763,เชียงใหม่,สันป่าตอง,บ้านแม,เด่น,เสี่ยงน้อย,เสี่ยงปานกลาง,เสี่ยงน้อย,เสี่ยงปานกลาง,เสี่ยงสูง,1,2,1,2,3,9,1,2,2,⚠️ เฝ้าระวังสูง (เสี่ยงสูง 1 ด้าน)
1764,เชียงใหม่,สันป่าตอง,บ้านแม,ท่าโป่ง,เสี่ยงน้อย,เสี่ยงปานกลาง,เสี่ยงน้อย,เสี่ยงปานกลาง,เสี่ยงสูง,1,2,1,2,3,9,1,2,2,⚠️ เฝ้าระวังสูง (เสี่ยงสูง 1 ด้าน)
1765,เชียงใหม่,สันป่าตอง,บ้านแม,ฉิมพลี,เสี่ยงน้อย,เสี่ยงปานกลาง,เสี่ยงน้อย,เสี่ยงปานกลาง,เสี่ยงสูง,1,2,1,2,3,9,1,2,2,⚠️ เฝ้าระวังสูง (เสี่ยงสูง 1 ด้าน)
1766,เชียงใหม่,สันป่าตอง,บ้านแม,ร้องธาร,เสี่ยงน้อย,เสี่ยงปานกลาง,เสี่ยงน้อย,เสี่ยงปานกลาง,เสี่ยงสูง,1,2,1,2,3,9,1,2,2,⚠️ เฝ้าระวังสูง (เสี่ยงสูง 1 ด้าน)
1767,เชียงใหม่,สันป่าตอง,บ้านแม,สัน,เสี่ยงน้อย,เสี่ยงปานกลาง,เสี่ยงน้อย,เสี่ยงปานกลาง,เสี่ยงสูง,1,2,1,2,3,9,1,2,2,⚠️ เฝ้าระวังสูง (เสี่ยงสูง 1 ด้าน)
1768,เชียงใหม่,สันป่าตอง,บ้านแม,ร้องขุ้ม,เสี่ยงน้อย,เสี่ยงปานกลาง,เสี่ยงน้อย,เสี่ยงปานกลาง,เสี่ยงสูง,1,2,1,2,3,9,1,2,2,⚠️ เฝ้าระวังสูง (เสี่ยงสูง 1 ด้าน)
1769,เชียงใหม่,สันป่าตอง,บ้านแม,แม,เสี่ยงน้อย,เสี่ยงปานกลาง,เสี่ยงน้อย,เสี่ยงปานกลาง,เสี่ยงสูง,1,2,1,2,3,9,1,2,2,⚠️ เฝ้าระวังสูง (เสี่ยงสูง 1 ด้าน)
1770,เชียงใหม่,สันป่าตอง,บ้านแม,เจดีย์เนิ้ง,เสี่ยงน้อย,เสี่ยงปานกลาง,เสี่ยงน้อย,เสี่ยงปานกลาง,เสี่ยงสูง,1,2,1,2,3,9,1,2,2,⚠️ เฝ้าระวังสูง (เสี่ยงสูง 1 ด้าน)
1771,เชียงใหม่,สันป่าตอง,บ้านแม,กิ่วแลน้อย,เสี่ยงน้อย,เสี่ยงปานกลาง,เสี่ยงปานกลาง,เสี่ยงปานกลาง,เสี่ยงสูง,1,2,2,2,3,10,1,3,1,⚠️ เฝ้าระวังสูง (เสี่ยงสูง 1 ด้าน)
1772,เชียงใหม่,สันป่าตอง,บ้านแม,ดง,เสี่ยงน้อย,เสี่ยงปานกลาง,เสี่ยงปานกลาง,เสี่ยงปานกลาง,เสี่ยงสูง,1,2,2,2,3,10,1,3,1,⚠️ เฝ้าระวังสูง (เสี่ยงสูง 1 ด้าน)
1773,เชียงใหม่,สันป่าตอง,บ้านแม,ท่าเดื่อ,เสี่ยงน้อย,เสี่ยงปานกลาง,เสี่ยงน้อย,เสี่ยงปานกลาง,เสี่ยงสูง,1,2,1,2,3,9,1,2,2,⚠️ เฝ้าระวังสูง (เสี่ยงสูง 1 ด้าน)
1774,เชียงใหม่,สันป่าตอง,บ้านแม,เปียง,เสี่ยงน้อย,เสี่ยงปานกลาง,เสี่ยงน้อย,เสี่ยงปานกลาง,เสี่ยงสูง,1,2,1,2,3,9,1,2,2,⚠️ เฝ้าระวังสูง (เสี่ยงสูง 1 ด้าน)
1775,เชียงใหม่,สันป่าตอง,มะขามหลวง,กวน,เสี่ยงน้อย,เสี่ยงปานกลาง,เสี่ยงปานกลาง,เสี่ยงปานกลาง,เสี่ยงสูง,1,2,2,2,3,10,1,3,1,⚠️ เฝ้าระวังสูง (เสี่ยงสูง 1 ด้าน)
1776,เชียงใหม่,สันป่าตอง,มะขามหลวง,มะขามหลวง,เสี่ยงน้อย,เสี่ยงน้อย,เสี่ยงปานกลาง,เสี่ยงปานกลาง,เสี่ยงสูง,1,1,2,2,3,9,1,2,2,⚠️ เฝ้าระวังสูง (เสี่ยงสูง 1 ด้าน)
1777,เชียงใหม่,สันป่าตอง,มะขามหลวง,สันคะยอม,เสี่ยงน้อย,เสี่ยงปานกลาง,เสี่ยงปานกลาง,เสี่ยงปานกลาง,เสี่ยงสูง,1,2,2,2,3,10,1,3,1,⚠️ เฝ้าระวังสูง (เสี่ยงสูง 1 ด้าน)
1778,เชียงใหม่,สันป่าตอง,มะขามหลวง,ป่าจู้,เสี่ยงน้อย,เสี่ยงปานกลาง,เสี่ยงปานกลาง,เสี่ยงสูง,เสี่ยงสูง,1,2,2,3,3,11,2,2,1,🚨 วิกฤติเร่งด่วน (เสี่ยงสูง 2+ ด้าน)
1779,เชียงใหม่,สันป่าตอง,มะขามหลวง,ทุ่งฟ้าบด,เสี่ยงน้อย,เสี่ยงน้อย,เสี่ยงน้อย,เสี่ยงปานกลาง,เสี่ยงสูง,1,1,1,2,3,8,1,1,3,⚠️ เฝ้าระวังสูง (เสี่ยงสูง 1 ด้าน)
1780,เชียงใหม่,สันป่าตอง,มะขามหลวง,ต้นแก้ว,เสี่ยงน้อย,เสี่ยงปานกลาง,เสี่ยงปานกลาง,เสี่ยงสูง,เสี่ยงสูง,1,2,2,3,3,11,2,2,1,🚨 วิกฤติเร่งด่วน (เสี่ยงสูง 2+ ด้าน)
1781,เชียงใหม่,สันป่าตอง,มะขามหลวง,ร่องน้ำ,เสี่ยงน้อย,เสี่ยงน้อย,เสี่ยงปานกลาง,เสี่ยงปานกลาง,เสี่ยงสูง,1,1,2,2,3,9,1,2,2,⚠️ เฝ้าระวังสูง (เสี่ยงสูง 1 ด้าน)
1782,เชียงใหม่,สันป่าตอง,มะขามหลวง,ข่วงมื่น,เสี่ยงน้อย,เสี่ยงน้อย,เสี่ยงน้อย,เสี่ยงปานกลาง,เสี่ยงสูง,1,1,1,2,3,8,1,1,3,⚠️ เฝ้าระวังสูง (เสี่ยงสูง 1 ด้าน)
1783,เชียงใหม่,สันป่าตอง,มะขามหลวง,ดงขี้เหล็ก,เสี่ยงน้อย,เสี่ยงปานกลาง,เสี่ยงปานกลาง,เสี่ยงปานกลาง,เสี่ยงสูง,1,2,2,2,3,10,1,3,1,⚠️ เฝ้าระวังสูง (เสี่ยงสูง 1 ด้าน)
1784,เชียงใหม่,สันป่าตอง,มะขุนหวาน,สันทราย,เสี่ยงน้อย,เสี่ยงปานกลาง,เสี่ยงสูง,เสี่ยงปานกลาง,เสี่ยงน้อย,1,2,3,2,1,9,1,2,2,⚠️ เฝ้าระวังสูง (เสี่ยงสูง 1 ด้าน)
1785,เชียงใหม่,สันป่าตอง,มะขุนหวาน,ขุนคง,เสี่ยงปานกลาง,เสี่ยงปานกลาง,เสี่ยงสูง,เสี่ยงปานกลาง,เสี่ยงน้อย,2,2,3,2,1,10,1,3,1,⚠️ เฝ้าระวังสูง (เสี่ยงสูง 1 ด้าน)
1786,เชียงใหม่,สันป่าตอง,มะขุนหวาน,ยั้งหวีด,เสี่ยงน้อย,เสี่ยงน้อย,เสี่ยงปานกลาง,เสี่ยงปานกลาง,เสี่ยงน้อย,1,1,2,2,1,7,0,2,3,🟢 เสี่ยงต่ำ/ทั่วไป
1787,เชียงใหม่,สันป่าตอง,มะขุนหวาน,ม่วงพี่น้อง,เสี่ยงน้อย,เสี่ยงน้อย,เสี่ยงปานกลาง,เสี่ยงปานกลาง,เสี่ยงน้อย,1,1,2,2,1,7,0,2,3,🟢 เสี่ยงต่ำ/ทั่วไป
1788,เชียงใหม่,สันป่าตอง,มะขุนหวาน,มะขุนหวาน,เสี่ยงน้อย,เสี่ยงน้อย,เสี่ยงสูง,เสี่ยงปานกลาง,เสี่ยงน้อย,1,1,3,2,1,8,1,1,3,⚠️ เฝ้าระวังสูง (เสี่ยงสูง 1 ด้าน)
1789,เชียงใหม่,สันป่าตอง,มะขุนหวาน,ดงป่าซาง,เสี่ยงน้อย,เสี่ยงน้อย,เสี่ยงปานกลาง,เสี่ยงปานกลาง,เสี่ยงน้อย,1,1,2,2,1,7,0,2,3,🟢 เสี่ยงต่ำ/ทั่วไป
1790,เชียงใหม่,สันป่าตอง,มะขุนหวาน,ดงป่างิ้ว,เสี่ยงน้อย,เสี่ยงน้อย,เสี่ยงปานกลาง,เสี่ยงปานกลาง,เสี่ยงน้อย,1,1,2,2,1,7,0,2,3,🟢 เสี่ยงต่ำ/ทั่วไป
1791,เชียงใหม่,สันป่าตอง,มะขุนหวาน,พระเจ้าสององค์,เสี่ยงน้อย,เสี่ยงน้อย,เสี่ยงปานกลาง,เสี่ยงปานกลาง,เสี่ยงน้อย,1,1,2,2,1,7,0,2,3,🟢 เสี่ยงต่ำ/ทั่วไป
1792,เชียงใหม่,สันป่าตอง,แม่ก๊า,สันโป่ง,เสี่ยงน้อย,เสี่ยงปานกลาง,เสี่ยงปานกลาง,เสี่ยงปานกลาง,เสี่ยงปานกลาง,1,2,2,2,2,9,0,4,1,🟡 เฝ้าระวังปานกลาง (เสี่ยงกลาง 3+ ด้าน)
1793,เชียงใหม่,สันป่าตอง,แม่ก๊า,โรงวัว,เสี่ยงน้อย,เสี่ยงปานกลาง,เสี่ยงปานกลาง,เสี่ยงปานกลาง,เสี่ยงปานกลาง,1,2,2,2,2,9,0,4,1,🟡 เฝ้าระวังปานกลาง (เสี่ยงกลาง 3+ ด้าน)
1794,เชียงใหม่,สันป่าตอง,แม่ก๊า,ต้นตัน,เสี่ยงปานกลาง,เสี่ยงปานกลาง,เสี่ยงปานกลาง,เสี่ยงปานกลาง,เสี่ยงปานกลาง,2,2,2,2,2,10,0,5,0,🟡 เฝ้าระวังปานกลาง (เสี่ยงกลาง 3+ ด้าน)
1795,เชียงใหม่,สันป่าตอง,แม่ก๊า,หนองครอบ,เสี่ยงน้อย,เสี่ยงปานกลาง,เสี่ยงปานกลาง,เสี่ยงปานกลาง,เสี่ยงปานกลาง,1,2,2,2,2,9,0,4,1,🟡 เฝ้าระวังปานกลาง (เสี่ยงกลาง 3+ ด้าน)
1796,เชียงใหม่,สันป่าตอง,แม่ก๊า,สันกาวาฬ,เสี่ยงน้อย,เสี่ยงปานกลาง,เสี่ยงปานกลาง,เสี่ยงปานกลาง,เสี่ยงปานกลาง,1,2,2,2,2,9,0,4,1,🟡 เฝ้าระวังปานกลาง (เสี่ยงกลาง 3+ ด้าน)
1797,เชียงใหม่,สันป่าตอง,แม่ก๊า,ทรายมูล,เสี่ยงน้อย,เสี่ยงปานกลาง,เสี่ยงปานกลาง,เสี่ยงปานกลาง,เสี่ยงปานกลาง,1,2,2,2,2,9,0,4,1,🟡 เฝ้าระวังปานกลาง (เสี่ยงกลาง 3+ ด้าน)
1798,เชียงใหม่,สันป่าตอง,แม่ก๊า,สันคอกช้าง,เสี่ยงน้อย,เสี่ยงปานกลาง,เสี่ยงปานกลาง,เสี่ยงปานกลาง,เสี่ยงปานกลาง,1,2,2,2,2,9,0,4,1,🟡 เฝ้าระวังปานกลาง (เสี่ยงกลาง 3+ ด้าน)
1799,เชียงใหม่,สันป่าตอง,แม่ก๊า,แม่ข่องใต้,เสี่ยงน้อย,เสี่ยงปานกลาง,เสี่ยงปานกลาง,เสี่ยงปานกลาง,เสี่ยงปานกลาง,1,2,2,2,2,9,0,4,1,🟡 เฝ้าระวังปานกลาง (เสี่ยงกลาง 3+ ด้าน)
1800,เชียงใหม่,สันป่าตอง,แม่ก๊า,แม่ข่องกลาง,เสี่ยงน้อย,เสี่ยงปานกลาง,เสี่ยงปานกลาง,เสี่ยงปานกลาง,เสี่ยงปานกลาง,1,2,2,2,2,9,0,4,1,🟡 เฝ้าระวังปานกลาง (เสี่ยงกลาง 3+ ด้าน)
1801,เชียงใหม่,สันป่าตอง,แม่ก๊า,ร้องขุด,เสี่ยงน้อย,เสี่ยงปานกลาง,เสี่ยงปานกลาง,เสี่ยงปานกลาง,เสี่ยงปานกลาง,1,2,2,2,2,9,0,4,1,🟡 เฝ้าระวังปานกลาง (เสี่ยงกลาง 3+ ด้าน)
1802,เชียงใหม่,สันป่าตอง,แม่ก๊า,แม่ข่องเหนือ,เสี่ยงน้อย,เสี่ยงปานกลาง,เสี่ยงปานกลาง,เสี่ยงปานกลาง,เสี่ยงปานกลาง,1,2,2,2,2,9,0,4,1,🟡 เฝ้าระวังปานกลาง (เสี่ยงกลาง 3+ ด้าน)
1803,เชียงใหม่,สันป่าตอง,แม่ก๊า,แม่ก๊า,เสี่ยงน้อย,เสี่ยงน้อย,เสี่ยงปานกลาง,เสี่ยงปานกลาง,เสี่ยงปานกลาง,1,1,2,2,2,8,0,3,2,🟡 เฝ้าระวังปานกลาง (เสี่ยงกลาง 3+ ด้าน)
1804,เชียงใหม่,สันป่าตอง,แม่ก๊า,ป่ากล้วย,เสี่ยงน้อย,เสี่ยงปานกลาง,เสี่ยงปานกลาง,เสี่ยงสูง,เสี่ยงปานกลาง,1,2,2,3,2,10,1,3,1,⚠️ เฝ้าระวังสูง (เสี่ยงสูง 1 ด้าน)
1805,เชียงใหม่,สันป่าตอง,แม่ก๊า,บ่อก๊าง,เสี่ยงปานกลาง,เสี่ยงปานกลาง,เสี่ยงปานกลาง,เสี่ยงปานกลาง,เสี่ยงปานกลาง,2,2,2,2,2,10,0,5,0,🟡 เฝ้าระวังปานกลาง (เสี่ยงกลาง 3+ ด้าน)
1806,เชียงใหม่,สันป่าตอง,ยุหว่า,สันป่าตองหลวง,เสี่ยงน้อย,เสี่ยงปานกลาง,เสี่ยงปานกลาง,เสี่ยงปานกลาง,เสี่ยงปานกลาง,1,2,2,2,2,9,0,4,1,🟡 เฝ้าระวังปานกลาง (เสี่ยงกลาง 3+ ด้าน)
1807,เชียงใหม่,สันป่าตอง,ยุหว่า,กลาง,เสี่ยงน้อย,เสี่ยงปานกลาง,เสี่ยงสูง,เสี่ยงปานกลาง,เสี่ยงปานกลาง,1,2,3,2,2,10,1,3,1,⚠️ เฝ้าระวังสูง (เสี่ยงสูง 1 ด้าน)
1808,เชียงใหม่,สันป่าตอง,ยุหว่า,หนองหวาย,เสี่ยงน้อย,เสี่ยงปานกลาง,เสี่ยงปานกลาง,เสี่ยงสูง,เสี่ยงปานกลาง,1,2,2,3,2,10,1,3,1,⚠️ เฝ้าระวังสูง (เสี่ยงสูง 1 ด้าน)
1809,เชียงใหม่,สันป่าตอง,ยุหว่า,กิ่วแลหลวง,เสี่ยงน้อย,เสี่ยงปานกลาง,เสี่ยงสูง,เสี่ยงสูง,เสี่ยงปานกลาง,1,2,3,3,2,11,2,2,1,🚨 วิกฤติเร่งด่วน (เสี่ยงสูง 2+ ด้าน)
1810,เชียงใหม่,สันป่าตอง,ยุหว่า,อุเม็ง,เสี่ยงน้อย,เสี่ยงปานกลาง,เสี่ยงปานกลาง,เสี่ยงปานกลาง,เสี่ยงปานกลาง,1,2,2,2,2,9,0,4,1,🟡 เฝ้าระวังปานกลาง (เสี่ยงกลาง 3+ ด้าน)
1811,เชียงใหม่,สันป่าตอง,ยุหว่า,หนองปึ๋ง,เสี่ยงปานกลาง,เสี่ยงปานกลาง,เสี่ยงปานกลาง,เสี่ยงปานกลาง,เสี่ยงปานกลาง,2,2,2,2,2,10,0,5,0,🟡 เฝ้าระวังปานกลาง (เสี่ยงกลาง 3+ ด้าน)
1812,เชียงใหม่,สันป่าตอง,ยุหว่า,ใหม่ม่วงก๋อน,เสี่ยงน้อย,เสี่ยงปานกลาง,เสี่ยงปานกลาง,เสี่ยงปานกลาง,เสี่ยงปานกลาง,1,2,2,2,2,9,0,4,1,🟡 เฝ้าระวังปานกลาง (เสี่ยงกลาง 3+ ด้าน)
1813,เชียงใหม่,สันป่าตอง,ยุหว่า,ร้อง,เสี่ยงน้อย,เสี่ยงปานกลาง,เสี่ยงปานกลาง,เสี่ยงสูง,เสี่ยงปานกลาง,1,2,2,3,2,10,1,3,1,⚠️ เฝ้าระวังสูง (เสี่ยงสูง 1 ด้าน)
1814,เชียงใหม่,สันป่าตอง,ยุหว่า,ต้นผึ้ง,เสี่ยงน้อย,เสี่ยงปานกลาง,เสี่ยงสูง,เสี่ยงสูง,เสี่ยงปานกลาง,1,2,3,3,2,11,2,2,1,🚨 วิกฤติเร่งด่วน (เสี่ยงสูง 2+ ด้าน)
1815,เชียงใหม่,สันป่าตอง,ยุหว่า,สันป่าตอง,เสี่ยงน้อย,เสี่ยงปานกลาง,เสี่ยงปานกลาง,เสี่ยงปานกลาง,เสี่ยงปานกลาง,1,2,2,2,2,9,0,4,1,🟡 เฝ้าระวังปานกลาง (เสี่ยงกลาง 3+ ด้าน)
1816,เชียงใหม่,สันป่าตอง,ยุหว่า,ศาลา,เสี่ยงน้อย,เสี่ยงปานกลาง,เสี่ยงปานกลาง,เสี่ยงสูง,เสี่ยงปานกลาง,1,2,2,3,2,10,1,3,1,⚠️ เฝ้าระวังสูง (เสี่ยงสูง 1 ด้าน)
1817,เชียงใหม่,สันป่าตอง,ยุหว่า,ดอนตัน,เสี่ยงน้อย,เสี่ยงปานกลาง,เสี่ยงปานกลาง,เสี่ยงปานกลาง,เสี่ยงปานกลาง,1,2,2,2,2,9,0,4,1,🟡 เฝ้าระวังปานกลาง (เสี่ยงกลาง 3+ ด้าน)
1818,เชียงใหม่,สันป่าตอง,ยุหว่า,หนองพันเงิน,เสี่ยงน้อย,เสี่ยงปานกลาง,เสี่ยงปานกลาง,เสี่ยงปานกลาง,เสี่ยงปานกลาง,1,2,2,2,2,9,0,4,1,🟡 เฝ้าระวังปานกลาง (เสี่ยงกลาง 3+ ด้าน)
1819,เชียงใหม่,สันป่าตอง,ยุหว่า,สันป่าตองใต้มะจำโรง,เสี่ยงน้อย,เสี่ยงปานกลาง,เสี่ยงปานกลาง,เสี่ยงปานกลาง,เสี่ยงปานกลาง,1,2,2,2,2,9,0,4,1,🟡 เฝ้าระวังปานกลาง (เสี่ยงกลาง 3+ ด้าน)
1820,เชียงใหม่,สันป่าตอง,ยุหว่า,หนองสะเรียม,เสี่ยงน้อย,เสี่ยงปานกลาง,เสี่ยงปานกลาง,เสี่ยงสูง,เสี่ยงปานกลาง,1,2,2,3,2,10,1,3,1,⚠️ เฝ้าระวังสูง (เสี่ยงสูง 1 ด้าน)
1821,เชียงใหม่,สันป่าตอง,สันกลาง,ทุ่งอ้อ,เสี่ยงน้อย,เสี่ยงปานกลาง,เสี่ยงปานกลาง,เสี่ยงปานกลาง,เสี่ยงสูง,1,2,2,2,3,10,1,3,1,⚠️ เฝ้าระวังสูง (เสี่ยงสูง 1 ด้าน)
1822,เชียงใหม่,สันป่าตอง,สันกลาง,แม่กุ้งบก,เสี่ยงน้อย,เสี่ยงปานกลาง,เสี่ยงปานกลาง,เสี่ยงปานกลาง,เสี่ยงสูง,1,2,2,2,3,10,1,3,1,⚠️ เฝ้าระวังสูง (เสี่ยงสูง 1 ด้าน)
1823,เชียงใหม่,สันป่าตอง,สันกลาง,กลางเหนือ,เสี่ยงน้อย,เสี่ยงปานกลาง,เสี่ยงปานกลาง,เสี่ยงสูง,เสี่ยงสูง,1,2,2,3,3,11,2,2,1,🚨 วิกฤติเร่งด่วน (เสี่ยงสูง 2+ ด้าน)
1824,เชียงใหม่,สันป่าตอง,สันกลาง,ป่าตัน,เสี่ยงน้อย,เสี่ยงปานกลาง,เสี่ยงปานกลาง,เสี่ยงสูง,เสี่ยงสูง,1,2,2,3,3,11,2,2,1,🚨 วิกฤติเร่งด่วน (เสี่ยงสูง 2+ ด้าน)
1825,เชียงใหม่,สันป่าตอง,สันกลาง,ห้วยส้ม,เสี่ยงน้อย,เสี่ยงปานกลาง,เสี่ยงปานกลาง,เสี่ยงสูง,เสี่ยงสูง,1,2,2,3,3,11,2,2,1,🚨 วิกฤติเร่งด่วน (เสี่ยงสูง 2+ ด้าน)
1826,เชียงใหม่,สันป่าตอง,สันกลาง,จำปาลาว,เสี่ยงน้อย,เสี่ยงปานกลาง,เสี่ยงปานกลาง,เสี่ยงสูง,เสี่ยงสูง,1,2,2,3,3,11,2,2,1,🚨 วิกฤติเร่งด่วน (เสี่ยงสูง 2+ ด้าน)
1827,เชียงใหม่,สันป่าตอง,สันกลาง,ท่ารวมใจ,เสี่ยงปานกลาง,เสี่ยงปานกลาง,เสี่ยงปานกลาง,เสี่ยงสูง,เสี่ยงสูง,2,2,2,3,3,12,2,3,0,🚨 วิกฤติเร่งด่วน (เสี่ยงสูง 2+ ด้าน)
1828,เชียงใหม่,สันป่าตอง,สันกลาง,ป่าบง,เสี่ยงปานกลาง,เสี่ยงปานกลาง,เสี่ยงปานกลาง,เสี่ยงสูง,เสี่ยงสูง,2,2,2,3,3,12,2,3,0,🚨 วิกฤติเร่งด่วน (เสี่ยงสูง 2+ ด้าน)
1829,เชียงใหม่,สันป่าตอง,สันกลาง,ใหม่ห้วยส้ม,เสี่ยงน้อย,เสี่ยงน้อย,เสี่ยงน้อย,เสี่ยงสูง,เสี่ยงสูง,1,1,1,3,3,9,2,0,3,🚨 วิกฤติเร่งด่วน (เสี่ยงสูง 2+ ด้าน)
1830,เชียงใหม่,สารภี,ขัวมุง,ป่าเดื่อ,เสี่ยงปานกลาง,เสี่ยงปานกลาง,เสี่ยงปานกลาง,เสี่ยงสูง,เสี่ยงสูง,2,2,2,3,3,12,2,3,0,🚨 วิกฤติเร่งด่วน (เสี่ยงสูง 2+ ด้าน)
1831,เชียงใหม่,สารภี,ขัวมุง,สันทรายก้อม,เสี่ยงปานกลาง,เสี่ยงปานกลาง,เสี่ยงปานกลาง,เสี่ยงสูง,เสี่ยงสูง,2,2,2,3,3,12,2,3,0,🚨 วิกฤติเร่งด่วน (เสี่ยงสูง 2+ ด้าน)
1832,เชียงใหม่,สารภี,ขัวมุง,ปากเหมือง,เสี่ยงปานกลาง,เสี่ยงปานกลาง,เสี่ยงปานกลาง,เสี่ยงปานกลาง,เสี่ยงสูง,2,2,2,2,3,11,1,4,0,⚠️ เฝ้าระวังสูง (เสี่ยงสูง 1 ด้าน)
1833,เชียงใหม่,สารภี,ขัวมุง,ท่ามะโอ,เสี่ยงปานกลาง,เสี่ยงปานกลาง,เสี่ยงปานกลาง,เสี่ยงปานกลาง,เสี่ยงสูง,2,2,2,2,3,11,1,4,0,⚠️ เฝ้าระวังสูง (เสี่ยงสูง 1 ด้าน)
1834,เชียงใหม่,สารภี,ขัวมุง,ขัวมุง,เสี่ยงน้อย,เสี่ยงน้อย,เสี่ยงปานกลาง,เสี่ยงปานกลาง,เสี่ยงสูง,1,1,2,2,3,9,1,2,2,⚠️ เฝ้าระวังสูง (เสี่ยงสูง 1 ด้าน)
1835,เชียงใหม่,สารภี,ขัวมุง,หัวดง,เสี่ยงปานกลาง,เสี่ยงปานกลาง,เสี่ยงปานกลาง,เสี่ยงสูง,เสี่ยงสูง,2,2,2,3,3,12,2,3,0,🚨 วิกฤติเร่งด่วน (เสี่ยงสูง 2+ ด้าน)
1836,เชียงใหม่,สารภี,ขัวมุง,หัวดง,เสี่ยงปานกลาง,เสี่ยงปานกลาง,เสี่ยงปานกลาง,เสี่ยงสูง,เสี่ยงสูง,2,2,2,3,3,12,2,3,0,🚨 วิกฤติเร่งด่วน (เสี่ยงสูง 2+ ด้าน)
1837,เชียงใหม่,สารภี,ขัวมุง,ไร่ดง,เสี่ยงปานกลาง,เสี่ยงปานกลาง,เสี่ยงปานกลาง,เสี่ยงปานกลาง,เสี่ยงสูง,2,2,2,2,3,11,1,4,0,⚠️ เฝ้าระวังสูง (เสี่ยงสูง 1 ด้าน)
1838,เชียงใหม่,สารภี,ขัวมุง,เดื่องกเหนือ,เสี่ยงปานกลาง,เสี่ยงปานกลาง,เสี่ยงปานกลาง,เสี่ยงสูง,เสี่ยงสูง,2,2,2,3,3,12,2,3,0,🚨 วิกฤติเร่งด่วน (เสี่ยงสูง 2+ ด้าน)
1839,เชียงใหม่,สารภี,ขัวมุง,เดื่องกใต้,เสี่ยงปานกลาง,เสี่ยงปานกลาง,เสี่ยงปานกลาง,เสี่ยงสูง,เสี่ยงสูง,2,2,2,3,3,12,2,3,0,🚨 วิกฤติเร่งด่วน (เสี่ยงสูง 2+ ด้าน)
1840,เชียงใหม่,สารภี,ชมภู,หนองป่าแสะ,เสี่ยงน้อย,เสี่ยงสูง,เสี่ยงปานกลาง,เสี่ยงสูง,เสี่ยงปานกลาง,1,3,2,3,2,11,2,2,1,🚨 วิกฤติเร่งด่วน (เสี่ยงสูง 2+ ด้าน)
1841,เชียงใหม่,สารภี,ชมภู,พญาชมภู,เสี่ยงน้อย,เสี่ยงสูง,เสี่ยงปานกลาง,เสี่ยงสูง,เสี่ยงปานกลาง,1,3,2,3,2,11,2,2,1,🚨 วิกฤติเร่งด่วน (เสี่ยงสูง 2+ ด้าน)
1842,เชียงใหม่,สารภี,ชมภู,สุพรรณ,เสี่ยงน้อย,เสี่ยงปานกลาง,เสี่ยงปานกลาง,เสี่ยงปานกลาง,เสี่ยงปานกลาง,1,2,2,2,2,9,0,4,1,🟡 เฝ้าระวังปานกลาง (เสี่ยงกลาง 3+ ด้าน)
1843,เชียงใหม่,สารภี,ชมภู,ท่าต้นกวาว,เสี่ยงน้อย,เสี่ยงสูง,เสี่ยงปานกลาง,เสี่ยงสูง,เสี่ยงปานกลาง,1,3,2,3,2,11,2,2,1,🚨 วิกฤติเร่งด่วน (เสี่ยงสูง 2+ ด้าน)
1844,เชียงใหม่,สารภี,ชมภู,ทุ่งขี้เสือ,เสี่ยงน้อย,เสี่ยงสูง,เสี่ยงปานกลาง,เสี่ยงสูง,เสี่ยงปานกลาง,1,3,2,3,2,11,2,2,1,🚨 วิกฤติเร่งด่วน (เสี่ยงสูง 2+ ด้าน)
1845,เชียงใหม่,สารภี,ชมภู,บุปผาราม,เสี่ยงน้อย,เสี่ยงสูง,เสี่ยงปานกลาง,เสี่ยงสูง,เสี่ยงปานกลาง,1,3,2,3,2,11,2,2,1,🚨 วิกฤติเร่งด่วน (เสี่ยงสูง 2+ ด้าน)
1846,เชียงใหม่,สารภี,ชมภู,แม่สะลาบ,เสี่ยงน้อย,เสี่ยงสูง,เสี่ยงปานกลาง,เสี่ยงสูง,เสี่ยงปานกลาง,1,3,2,3,2,11,2,2,1,🚨 วิกฤติเร่งด่วน (เสี่ยงสูง 2+ ด้าน)
1847,เชียงใหม่,สารภี,ชมภู,ศรีดอนมูล,เสี่ยงน้อย,เสี่ยงสูง,เสี่ยงปานกลาง,เสี่ยงสูง,เสี่ยงปานกลาง,1,3,2,3,2,11,2,2,1,🚨 วิกฤติเร่งด่วน (เสี่ยงสูง 2+ ด้าน)
1848,เชียงใหม่,สารภี,ชมภู,ร่มป่าตอง,เสี่ยงน้อย,เสี่ยงสูง,เสี่ยงปานกลาง,เสี่ยงสูง,เสี่ยงปานกลาง,1,3,2,3,2,11,2,2,1,🚨 วิกฤติเร่งด่วน (เสี่ยงสูง 2+ ด้าน)
1849,เชียงใหม่,สารภี,ไชยสถาน,ต้นโชคหลวง,เสี่ยงน้อย,เสี่ยงสูง,เสี่ยงปานกลาง,เสี่ยงปานกลาง,เสี่ยงสูง,1,3,2,2,3,11,2,2,1,🚨 วิกฤติเร่งด่วน (เสี่ยงสูง 2+ ด้าน)
1850,เชียงใหม่,สารภี,ไชยสถาน,ศรีสองเมือง,เสี่ยงน้อย,เสี่ยงสูง,เสี่ยงปานกลาง,เสี่ยงปานกลาง,เสี่ยงสูง,1,3,2,2,3,11,2,2,1,🚨 วิกฤติเร่งด่วน (เสี่ยงสูง 2+ ด้าน)
1851,เชียงใหม่,สารภี,ไชยสถาน,ศรีบุญเรือง,เสี่ยงน้อย,เสี่ยงสูง,เสี่ยงปานกลาง,เสี่ยงปานกลาง,เสี่ยงสูง,1,3,2,2,3,11,2,2,1,🚨 วิกฤติเร่งด่วน (เสี่ยงสูง 2+ ด้าน)
1852,เชียงใหม่,สารภี,ไชยสถาน,ต้นยางหลวง,เสี่ยงปานกลาง,เสี่ยงสูง,เสี่ยงปานกลาง,เสี่ยงสูง,เสี่ยงสูง,2,3,2,3,3,13,3,2,0,🚨 วิกฤติเร่งด่วน (เสี่ยงสูง 2+ ด้าน)
1853,เชียงใหม่,สารภี,ไชยสถาน,ยวม,เสี่ยงน้อย,เสี่ยงสูง,เสี่ยงปานกลาง,เสี่ยงสูง,เสี่ยงสูง,1,3,2,3,3,12,3,1,1,🚨 วิกฤติเร่งด่วน (เสี่ยงสูง 2+ ด้าน)
1854,เชียงใหม่,สารภี,ไชยสถาน,โพธิมงคล,เสี่ยงปานกลาง,เสี่ยงสูง,เสี่ยงปานกลาง,เสี่ยงสูง,เสี่ยงสูง,2,3,2,3,3,13,3,2,0,🚨 วิกฤติเร่งด่วน (เสี่ยงสูง 2+ ด้าน)
1855,เชียงใหม่,สารภี,ไชยสถาน,เชียงขาง,เสี่ยงน้อย,เสี่ยงสูง,เสี่ยงปานกลาง,เสี่ยงสูง,เสี่ยงสูง,1,3,2,3,3,12,3,1,1,🚨 วิกฤติเร่งด่วน (เสี่ยงสูง 2+ ด้าน)
1856,เชียงใหม่,สารภี,ไชยสถาน,ต้นยางหลวง,เสี่ยงปานกลาง,เสี่ยงสูง,เสี่ยงปานกลาง,เสี่ยงสูง,เสี่ยงสูง,2,3,2,3,3,13,3,2,0,🚨 วิกฤติเร่งด่วน (เสี่ยงสูง 2+ ด้าน)
1857,เชียงใหม่,สารภี,ดอนแก้ว,ตำหนักเหนือ,เสี่ยงน้อย,เสี่ยงสูง,เสี่ยงปานกลาง,เสี่ยงปานกลาง,เสี่ยงสูง,1,3,2,2,3,11,2,2,1,🚨 วิกฤติเร่งด่วน (เสี่ยงสูง 2+ ด้าน)
1858,เชียงใหม่,สารภี,ดอนแก้ว,ตำหนักใต้,เสี่ยงน้อย,เสี่ยงสูง,เสี่ยงปานกลาง,เสี่ยงปานกลาง,เสี่ยงสูง,1,3,2,2,3,11,2,2,1,🚨 วิกฤติเร่งด่วน (เสี่ยงสูง 2+ ด้าน)
1859,เชียงใหม่,สารภี,ดอนแก้ว,สันต้นกอก,เสี่ยงน้อย,เสี่ยงสูง,เสี่ยงปานกลาง,เสี่ยงสูง,เสี่ยงสูง,1,3,2,3,3,12,3,1,1,🚨 วิกฤติเร่งด่วน (เสี่ยงสูง 2+ ด้าน)
1860,เชียงใหม่,สารภี,ดอนแก้ว,ดอนแก้ว,เสี่ยงน้อย,เสี่ยงปานกลาง,เสี่ยงปานกลาง,เสี่ยงปานกลาง,เสี่ยงสูง,1,2,2,2,3,10,1,3,1,⚠️ เฝ้าระวังสูง (เสี่ยงสูง 1 ด้าน)
1861,เชียงใหม่,สารภี,ดอนแก้ว,ดอนแก้ว,เสี่ยงน้อย,เสี่ยงปานกลาง,เสี่ยงปานกลาง,เสี่ยงปานกลาง,เสี่ยงสูง,1,2,2,2,3,10,1,3,1,⚠️ เฝ้าระวังสูง (เสี่ยงสูง 1 ด้าน)
1862,เชียงใหม่,สารภี,ดอนแก้ว,น้ำโจ้,เสี่ยงน้อย,เสี่ยงสูง,เสี่ยงปานกลาง,เสี่ยงปานกลาง,เสี่ยงสูง,1,3,2,2,3,11,2,2,1,🚨 วิกฤติเร่งด่วน (เสี่ยงสูง 2+ ด้าน)
1863,เชียงใหม่,สารภี,ดอนแก้ว,สันกลาง,เสี่ยงน้อย,เสี่ยงสูง,เสี่ยงปานกลาง,เสี่ยงปานกลาง,เสี่ยงสูง,1,3,2,2,3,11,2,2,1,🚨 วิกฤติเร่งด่วน (เสี่ยงสูง 2+ ด้าน)
1864,เชียงใหม่,สารภี,ท่ากว้าง,หัวหลิม,เสี่ยงน้อย,เสี่ยงน้อย,เสี่ยงปานกลาง,เสี่ยงสูง,เสี่ยงสูง,1,1,2,3,3,10,2,1,2,🚨 วิกฤติเร่งด่วน (เสี่ยงสูง 2+ ด้าน)
1865,เชียงใหม่,สารภี,ท่ากว้าง,หนองโป่ง,เสี่ยงน้อย,เสี่ยงน้อย,เสี่ยงปานกลาง,เสี่ยงปานกลาง,เสี่ยงสูง,1,1,2,2,3,9,1,2,2,⚠️ เฝ้าระวังสูง (เสี่ยงสูง 1 ด้าน)
1866,เชียงใหม่,สารภี,ท่ากว้าง,แคว,เสี่ยงน้อย,เสี่ยงน้อย,เสี่ยงปานกลาง,เสี่ยงสูง,เสี่ยงสูง,1,1,2,3,3,10,2,1,2,🚨 วิกฤติเร่งด่วน (เสี่ยงสูง 2+ ด้าน)
1867,เชียงใหม่,สารภี,ท่ากว้าง,ร้องเดื่อ,เสี่ยงน้อย,เสี่ยงน้อย,เสี่ยงปานกลาง,เสี่ยงสูง,เสี่ยงสูง,1,1,2,3,3,10,2,1,2,🚨 วิกฤติเร่งด่วน (เสี่ยงสูง 2+ ด้าน)
1868,เชียงใหม่,สารภี,ท่ากว้าง,ในแคว,เสี่ยงน้อย,เสี่ยงน้อย,เสี่ยงปานกลาง,เสี่ยงสูง,เสี่ยงสูง,1,1,2,3,3,10,2,1,2,🚨 วิกฤติเร่งด่วน (เสี่ยงสูง 2+ ด้าน)
1869,เชียงใหม่,สารภี,ท่ากว้าง,ท่ากว้าง,เสี่ยงน้อย,เสี่ยงน้อย,เสี่ยงปานกลาง,เสี่ยงปานกลาง,เสี่ยงสูง,1,1,2,2,3,9,1,2,2,⚠️ เฝ้าระวังสูง (เสี่ยงสูง 1 ด้าน)
1870,เชียงใหม่,สารภี,ท่ากว้าง,แควตุ่น,เสี่ยงน้อย,เสี่ยงปานกลาง,เสี่ยงปานกลาง,เสี่ยงสูง,เสี่ยงสูง,1,2,2,3,3,11,2,2,1,🚨 วิกฤติเร่งด่วน (เสี่ยงสูง 2+ ด้าน)
1871,เชียงใหม่,สารภี,ท่าวังตาล,เจดีย์เหลี่ยม,เสี่ยงน้อย,เสี่ยงปานกลาง,เสี่ยงน้อย,เสี่ยงสูง,เสี่ยงน้อย,1,2,1,3,1,8,1,1,3,⚠️ เฝ้าระวังสูง (เสี่ยงสูง 1 ด้าน)
1872,เชียงใหม่,สารภี,ท่าวังตาล,ป่าเปอะ,เสี่ยงน้อย,เสี่ยงปานกลาง,เสี่ยงน้อย,เสี่ยงปานกลาง,เสี่ยงน้อย,1,2,1,2,1,7,0,2,3,🟢 เสี่ยงต่ำ/ทั่วไป
1873,เชียงใหม่,สารภี,ท่าวังตาล,กลาง,เสี่ยงน้อย,เสี่ยงปานกลาง,เสี่ยงน้อย,เสี่ยงสูง,เสี่ยงน้อย,1,2,1,3,1,8,1,1,3,⚠️ เฝ้าระวังสูง (เสี่ยงสูง 1 ด้าน)
1874,เชียงใหม่,สารภี,ท่าวังตาล,โป่ง,เสี่ยงน้อย,เสี่ยงปานกลาง,เสี่ยงน้อย,เสี่ยงปานกลาง,เสี่ยงน้อย,1,2,1,2,1,7,0,2,3,🟢 เสี่ยงต่ำ/ทั่วไป
1875,เชียงใหม่,สารภี,ท่าวังตาล,ป่างิ้ว,เสี่ยงน้อย,เสี่ยงสูง,เสี่ยงน้อย,เสี่ยงสูง,เสี่ยงน้อย,1,3,1,3,1,9,2,0,3,🚨 วิกฤติเร่งด่วน (เสี่ยงสูง 2+ ด้าน)
1876,เชียงใหม่,สารภี,ท่าวังตาล,ป่าเส้า,เสี่ยงน้อย,เสี่ยงปานกลาง,เสี่ยงน้อย,เสี่ยงปานกลาง,เสี่ยงน้อย,1,2,1,2,1,7,0,2,3,🟢 เสี่ยงต่ำ/ทั่วไป
1877,เชียงใหม่,สารภี,ท่าวังตาล,บวกหัวช้าง,เสี่ยงน้อย,เสี่ยงสูง,เสี่ยงน้อย,เสี่ยงปานกลาง,เสี่ยงน้อย,1,3,1,2,1,8,1,1,3,⚠️ เฝ้าระวังสูง (เสี่ยงสูง 1 ด้าน)
1878,เชียงใหม่,สารภี,ท่าวังตาล,บวกครกเหนือ,เสี่ยงน้อย,เสี่ยงสูง,เสี่ยงน้อย,เสี่ยงปานกลาง,เสี่ยงน้อย,1,3,1,2,1,8,1,1,3,⚠️ เฝ้าระวังสูง (เสี่ยงสูง 1 ด้าน)
1879,เชียงใหม่,สารภี,ท่าวังตาล,บวกครกใต้,เสี่ยงน้อย,เสี่ยงสูง,เสี่ยงน้อย,เสี่ยงสูง,เสี่ยงน้อย,1,3,1,3,1,9,2,0,3,🚨 วิกฤติเร่งด่วน (เสี่ยงสูง 2+ ด้าน)
1880,เชียงใหม่,สารภี,ท่าวังตาล,สันป่ากว๋าว,เสี่ยงน้อย,เสี่ยงสูง,เสี่ยงน้อย,เสี่ยงปานกลาง,เสี่ยงน้อย,1,3,1,2,1,8,1,1,3,⚠️ เฝ้าระวังสูง (เสี่ยงสูง 1 ด้าน)
1881,เชียงใหม่,สารภี,ท่าวังตาล,ช้างค้ำ,เสี่ยงน้อย,เสี่ยงปานกลาง,เสี่ยงน้อย,เสี่ยงสูง,เสี่ยงน้อย,1,2,1,3,1,8,1,1,3,⚠️ เฝ้าระวังสูง (เสี่ยงสูง 1 ด้าน)
1882,เชียงใหม่,สารภี,ท่าวังตาล,หางแคว,เสี่ยงน้อย,เสี่ยงปานกลาง,เสี่ยงน้อย,เสี่ยงสูง,เสี่ยงน้อย,1,2,1,3,1,8,1,1,3,⚠️ เฝ้าระวังสูง (เสี่ยงสูง 1 ด้าน)
1883,เชียงใหม่,สารภี,ท่าวังตาล,ป่ากล้วย,เสี่ยงน้อย,เสี่ยงปานกลาง,เสี่ยงน้อย,เสี่ยงสูง,เสี่ยงน้อย,1,2,1,3,1,8,1,1,3,⚠️ เฝ้าระวังสูง (เสี่ยงสูง 1 ด้าน)
1884,เชียงใหม่,สารภี,ป่าบง,ไชยสถาน,เสี่ยงน้อย,เสี่ยงปานกลาง,เสี่ยงปานกลาง,เสี่ยงสูง,เสี่ยงน้อย,1,2,2,3,1,9,1,2,2,⚠️ เฝ้าระวังสูง (เสี่ยงสูง 1 ด้าน)
1885,เชียงใหม่,สารภี,ป่าบง,ล้องดอนชัย,เสี่ยงน้อย,เสี่ยงปานกลาง,เสี่ยงปานกลาง,เสี่ยงปานกลาง,เสี่ยงน้อย,1,2,2,2,1,8,0,3,2,🟡 เฝ้าระวังปานกลาง (เสี่ยงกลาง 3+ ด้าน)
1886,เชียงใหม่,สารภี,ป่าบง,ศรีคำชมภู,เสี่ยงน้อย,เสี่ยงปานกลาง,เสี่ยงปานกลาง,เสี่ยงสูง,เสี่ยงน้อย,1,2,2,3,1,9,1,2,2,⚠️ เฝ้าระวังสูง (เสี่ยงสูง 1 ด้าน)
1887,เชียงใหม่,สารภี,ป่าบง,ป่าบงหลวง,เสี่ยงน้อย,เสี่ยงสูง,เสี่ยงปานกลาง,เสี่ยงสูง,เสี่ยงน้อย,1,3,2,3,1,10,2,1,2,🚨 วิกฤติเร่งด่วน (เสี่ยงสูง 2+ ด้าน)
1888,เชียงใหม่,สารภี,ป่าบง,เทพาราม,เสี่ยงน้อย,เสี่ยงปานกลาง,เสี่ยงปานกลาง,เสี่ยงปานกลาง,เสี่ยงน้อย,1,2,2,2,1,8,0,3,2,🟡 เฝ้าระวังปานกลาง (เสี่ยงกลาง 3+ ด้าน)
1889,เชียงใหม่,สารภี,ป่าบง,สุพรรณ,เสี่ยงน้อย,เสี่ยงสูง,เสี่ยงปานกลาง,เสี่ยงสูง,เสี่ยงน้อย,1,3,2,3,1,10,2,1,2,🚨 วิกฤติเร่งด่วน (เสี่ยงสูง 2+ ด้าน)
1890,เชียงใหม่,สารภี,ยางเนิ้ง,กู่เสือ,เสี่ยงน้อย,เสี่ยงสูง,เสี่ยงปานกลาง,เสี่ยงปานกลาง,เสี่ยงปานกลาง,1,3,2,2,2,10,1,3,1,⚠️ เฝ้าระวังสูง (เสี่ยงสูง 1 ด้าน)
1891,เชียงใหม่,สารภี,ยางเนิ้ง,เวฬุวัน,เสี่ยงน้อย,เสี่ยงสูง,เสี่ยงปานกลาง,เสี่ยงปานกลาง,เสี่ยงปานกลาง,1,3,2,2,2,10,1,3,1,⚠️ เฝ้าระวังสูง (เสี่ยงสูง 1 ด้าน)
1892,เชียงใหม่,สารภี,ยางเนิ้ง,ยางเนิ้ง,เสี่ยงน้อย,เสี่ยงสูง,เสี่ยงปานกลาง,เสี่ยงปานกลาง,เสี่ยงปานกลาง,1,3,2,2,2,10,1,3,1,⚠️ เฝ้าระวังสูง (เสี่ยงสูง 1 ด้าน)
1893,เชียงใหม่,สารภี,ยางเนิ้ง,เชียงยืน,เสี่ยงน้อย,เสี่ยงสูง,เสี่ยงปานกลาง,เสี่ยงปานกลาง,เสี่ยงปานกลาง,1,3,2,2,2,10,1,3,1,⚠️ เฝ้าระวังสูง (เสี่ยงสูง 1 ด้าน)
1894,เชียงใหม่,สารภี,ยางเนิ้ง,ศรีโพธาราม,เสี่ยงน้อย,เสี่ยงสูง,เสี่ยงปานกลาง,เสี่ยงปานกลาง,เสี่ยงปานกลาง,1,3,2,2,2,10,1,3,1,⚠️ เฝ้าระวังสูง (เสี่ยงสูง 1 ด้าน)
1895,เชียงใหม่,สารภี,ยางเนิ้ง,ต้นเหียว,เสี่ยงน้อย,เสี่ยงสูง,เสี่ยงปานกลาง,เสี่ยงปานกลาง,เสี่ยงปานกลาง,1,3,2,2,2,10,1,3,1,⚠️ เฝ้าระวังสูง (เสี่ยงสูง 1 ด้าน)
1896,เชียงใหม่,สารภี,ยางเนิ้ง,ต้นเหียว,เสี่ยงน้อย,เสี่ยงสูง,เสี่ยงปานกลาง,เสี่ยงปานกลาง,เสี่ยงปานกลาง,1,3,2,2,2,10,1,3,1,⚠️ เฝ้าระวังสูง (เสี่ยงสูง 1 ด้าน)
1897,เชียงใหม่,สารภี,สันทราย,สันทรายท่าช้าง,เสี่ยงน้อย,เสี่ยงปานกลาง,เสี่ยงปานกลาง,เสี่ยงปานกลาง,เสี่ยงสูง,1,2,2,2,3,10,1,3,1,⚠️ เฝ้าระวังสูง (เสี่ยงสูง 1 ด้าน)
1898,เชียงใหม่,สารภี,สันทราย,ป่าสา,เสี่ยงน้อย,เสี่ยงปานกลาง,เสี่ยงปานกลาง,เสี่ยงปานกลาง,เสี่ยงสูง,1,2,2,2,3,10,1,3,1,⚠️ เฝ้าระวังสูง (เสี่ยงสูง 1 ด้าน)
1899,เชียงใหม่,สารภี,สันทราย,ท่าสองแคว,เสี่ยงน้อย,เสี่ยงปานกลาง,เสี่ยงปานกลาง,เสี่ยงปานกลาง,เสี่ยงสูง,1,2,2,2,3,10,1,3,1,⚠️ เฝ้าระวังสูง (เสี่ยงสูง 1 ด้าน)
1900,เชียงใหม่,สารภี,สันทราย,ศรีดอนชัย,เสี่ยงน้อย,เสี่ยงปานกลาง,เสี่ยงปานกลาง,เสี่ยงปานกลาง,เสี่ยงสูง,1,2,2,2,3,10,1,3,1,⚠️ เฝ้าระวังสูง (เสี่ยงสูง 1 ด้าน)
1901,เชียงใหม่,สารภี,สันทราย,ท่ามะขาม,เสี่ยงน้อย,เสี่ยงปานกลาง,เสี่ยงปานกลาง,เสี่ยงสูง,เสี่ยงสูง,1,2,2,3,3,11,2,2,1,🚨 วิกฤติเร่งด่วน (เสี่ยงสูง 2+ ด้าน)
1902,เชียงใหม่,สารภี,สันทราย,หนองแบน,เสี่ยงน้อย,เสี่ยงปานกลาง,เสี่ยงปานกลาง,เสี่ยงสูง,เสี่ยงสูง,1,2,2,3,3,11,2,2,1,🚨 วิกฤติเร่งด่วน (เสี่ยงสูง 2+ ด้าน)
1903,เชียงใหม่,สารภี,สันทราย,ปิงหลวง,เสี่ยงน้อย,เสี่ยงปานกลาง,เสี่ยงปานกลาง,เสี่ยงปานกลาง,เสี่ยงสูง,1,2,2,2,3,10,1,3,1,⚠️ เฝ้าระวังสูง (เสี่ยงสูง 1 ด้าน)
1904,เชียงใหม่,สารภี,สันทราย,ปิงน้อย,เสี่ยงน้อย,เสี่ยงปานกลาง,เสี่ยงปานกลาง,เสี่ยงปานกลาง,เสี่ยงสูง,1,2,2,2,3,10,1,3,1,⚠️ เฝ้าระวังสูง (เสี่ยงสูง 1 ด้าน)
1905,เชียงใหม่,สารภี,สันทราย,ปากคลอง,เสี่ยงน้อย,เสี่ยงปานกลาง,เสี่ยงปานกลาง,เสี่ยงปานกลาง,เสี่ยงสูง,1,2,2,2,3,10,1,3,1,⚠️ เฝ้าระวังสูง (เสี่ยงสูง 1 ด้าน)
1906,เชียงใหม่,สารภี,สันทราย,สันทรายมหาวงค์,เสี่ยงน้อย,เสี่ยงปานกลาง,เสี่ยงปานกลาง,เสี่ยงปานกลาง,เสี่ยงสูง,1,2,2,2,3,10,1,3,1,⚠️ เฝ้าระวังสูง (เสี่ยงสูง 1 ด้าน)
1907,เชียงใหม่,สารภี,สันทราย,ล้องปู่หม่น,เสี่ยงน้อย,เสี่ยงปานกลาง,เสี่ยงปานกลาง,เสี่ยงสูง,เสี่ยงสูง,1,2,2,3,3,11,2,2,1,🚨 วิกฤติเร่งด่วน (เสี่ยงสูง 2+ ด้าน)
1908,เชียงใหม่,สารภี,สันทราย,ต้นผึ้ง,เสี่ยงน้อย,เสี่ยงปานกลาง,เสี่ยงปานกลาง,เสี่ยงปานกลาง,เสี่ยงสูง,1,2,2,2,3,10,1,3,1,⚠️ เฝ้าระวังสูง (เสี่ยงสูง 1 ด้าน)
1909,เชียงใหม่,สารภี,สารภี,ป่าแดด,เสี่ยงน้อย,เสี่ยงสูง,เสี่ยงปานกลาง,เสี่ยงสูง,เสี่ยงสูง,1,3,2,3,3,12,3,1,1,🚨 วิกฤติเร่งด่วน (เสี่ยงสูง 2+ ด้าน)
1910,เชียงใหม่,สารภี,สารภี,สารภี,เสี่ยงน้อย,เสี่ยงสูง,เสี่ยงปานกลาง,เสี่ยงปานกลาง,เสี่ยงสูง,1,3,2,2,3,11,2,2,1,🚨 วิกฤติเร่งด่วน (เสี่ยงสูง 2+ ด้าน)
1911,เชียงใหม่,สารภี,สารภี,สารภี,เสี่ยงน้อย,เสี่ยงสูง,เสี่ยงปานกลาง,เสี่ยงปานกลาง,เสี่ยงสูง,1,3,2,2,3,11,2,2,1,🚨 วิกฤติเร่งด่วน (เสี่ยงสูง 2+ ด้าน)
1912,เชียงใหม่,สารภี,สารภี,ช่างเคิ่ง,เสี่ยงน้อย,เสี่ยงสูง,เสี่ยงปานกลาง,เสี่ยงปานกลาง,เสี่ยงสูง,1,3,2,2,3,11,2,2,1,🚨 วิกฤติเร่งด่วน (เสี่ยงสูง 2+ ด้าน)
1913,เชียงใหม่,สารภี,สารภี,ปากกอง,เสี่ยงน้อย,เสี่ยงสูง,เสี่ยงปานกลาง,เสี่ยงปานกลาง,เสี่ยงสูง,1,3,2,2,3,11,2,2,1,🚨 วิกฤติเร่งด่วน (เสี่ยงสูง 2+ ด้าน)
1914,เชียงใหม่,สารภี,สารภี,ปากกอง,เสี่ยงน้อย,เสี่ยงสูง,เสี่ยงปานกลาง,เสี่ยงปานกลาง,เสี่ยงสูง,1,3,2,2,3,11,2,2,1,🚨 วิกฤติเร่งด่วน (เสี่ยงสูง 2+ ด้าน)
1915,เชียงใหม่,สารภี,สารภี,สันกับตองใต้,เสี่ยงน้อย,เสี่ยงสูง,เสี่ยงปานกลาง,เสี่ยงปานกลาง,เสี่ยงสูง,1,3,2,2,3,11,2,2,1,🚨 วิกฤติเร่งด่วน (เสี่ยงสูง 2+ ด้าน)
1916,เชียงใหม่,สารภี,สารภี,สันกับตองเหนือ,เสี่ยงน้อย,เสี่ยงสูง,เสี่ยงปานกลาง,เสี่ยงปานกลาง,เสี่ยงสูง,1,3,2,2,3,11,2,2,1,🚨 วิกฤติเร่งด่วน (เสี่ยงสูง 2+ ด้าน)
1917,เชียงใหม่,สารภี,สารภี,ร่องกอก,เสี่ยงน้อย,เสี่ยงสูง,เสี่ยงปานกลาง,เสี่ยงสูง,เสี่ยงสูง,1,3,2,3,3,12,3,1,1,🚨 วิกฤติเร่งด่วน (เสี่ยงสูง 2+ ด้าน)
1918,เชียงใหม่,สารภี,สารภี,ปากกอง,เสี่ยงน้อย,เสี่ยงสูง,เสี่ยงปานกลาง,เสี่ยงปานกลาง,เสี่ยงสูง,1,3,2,2,3,11,2,2,1,🚨 วิกฤติเร่งด่วน (เสี่ยงสูง 2+ ด้าน)
1919,เชียงใหม่,สารภี,หนองผึ้ง,หนองผึ้งเหนือ,เสี่ยงน้อย,เสี่ยงสูง,เสี่ยงน้อย,เสี่ยงสูง,เสี่ยงสูง,1,3,1,3,3,11,3,0,2,🚨 วิกฤติเร่งด่วน (เสี่ยงสูง 2+ ด้าน)
1920,เชียงใหม่,สารภี,หนองผึ้ง,เชียงแสน,เสี่ยงน้อย,เสี่ยงสูง,เสี่ยงปานกลาง,เสี่ยงสูง,เสี่ยงสูง,1,3,2,3,3,12,3,1,1,🚨 วิกฤติเร่งด่วน (เสี่ยงสูง 2+ ด้าน)
1921,เชียงใหม่,สารภี,หนองผึ้ง,ดอนจืน,เสี่ยงน้อย,เสี่ยงสูง,เสี่ยงน้อย,เสี่ยงสูง,เสี่ยงสูง,1,3,1,3,3,11,3,0,2,🚨 วิกฤติเร่งด่วน (เสี่ยงสูง 2+ ด้าน)
1922,เชียงใหม่,สารภี,หนองผึ้ง,หนองผึ้งใต้,เสี่ยงน้อย,เสี่ยงสูง,เสี่ยงน้อย,เสี่ยงสูง,เสี่ยงสูง,1,3,1,3,3,11,3,0,2,🚨 วิกฤติเร่งด่วน (เสี่ยงสูง 2+ ด้าน)
1923,เชียงใหม่,สารภี,หนองผึ้ง,ป่าแคโยง,เสี่ยงน้อย,เสี่ยงสูง,เสี่ยงปานกลาง,เสี่ยงสูง,เสี่ยงสูง,1,3,2,3,3,12,3,1,1,🚨 วิกฤติเร่งด่วน (เสี่ยงสูง 2+ ด้าน)
1924,เชียงใหม่,สารภี,หนองผึ้ง,กองทราย,เสี่ยงน้อย,เสี่ยงสูง,เสี่ยงน้อย,เสี่ยงสูง,เสี่ยงสูง,1,3,1,3,3,11,3,0,2,🚨 วิกฤติเร่งด่วน (เสี่ยงสูง 2+ ด้าน)
1925,เชียงใหม่,สารภี,หนองผึ้ง,ป่าเก็ตถี่,เสี่ยงน้อย,เสี่ยงสูง,เสี่ยงปานกลาง,เสี่ยงสูง,เสี่ยงสูง,1,3,2,3,3,12,3,1,1,🚨 วิกฤติเร่งด่วน (เสี่ยงสูง 2+ ด้าน)
1926,เชียงใหม่,สารภี,หนองผึ้ง,สันคือ,เสี่ยงน้อย,เสี่ยงสูง,เสี่ยงน้อย,เสี่ยงสูง,เสี่ยงสูง,1,3,1,3,3,11,3,0,2,🚨 วิกฤติเร่งด่วน (เสี่ยงสูง 2+ ด้าน)
1927,เชียงใหม่,สารภี,หนองแฝก,หนองสี่แจ่ง,เสี่ยงน้อย,เสี่ยงสูง,เสี่ยงปานกลาง,เสี่ยงสูง,เสี่ยงสูง,1,3,2,3,3,12,3,1,1,🚨 วิกฤติเร่งด่วน (เสี่ยงสูง 2+ ด้าน)
1928,เชียงใหม่,สารภี,หนองแฝก,สันป่าสัก,เสี่ยงน้อย,เสี่ยงสูง,เสี่ยงปานกลาง,เสี่ยงสูง,เสี่ยงสูง,1,3,2,3,3,12,3,1,1,🚨 วิกฤติเร่งด่วน (เสี่ยงสูง 2+ ด้าน)
1929,เชียงใหม่,สารภี,หนองแฝก,หนองแฝกหลวง,เสี่ยงน้อย,เสี่ยงสูง,เสี่ยงปานกลาง,เสี่ยงปานกลาง,เสี่ยงสูง,1,3,2,2,3,11,2,2,1,🚨 วิกฤติเร่งด่วน (เสี่ยงสูง 2+ ด้าน)
1930,เชียงใหม่,สารภี,หนองแฝก,หนองแฝกป่าคา,เสี่ยงน้อย,เสี่ยงสูง,เสี่ยงปานกลาง,เสี่ยงปานกลาง,เสี่ยงสูง,1,3,2,2,3,11,2,2,1,🚨 วิกฤติเร่งด่วน (เสี่ยงสูง 2+ ด้าน)
1931,เชียงใหม่,สารภี,หนองแฝก,หนองแฝก,เสี่ยงน้อย,เสี่ยงสูง,เสี่ยงปานกลาง,เสี่ยงปานกลาง,เสี่ยงสูง,1,3,2,2,3,11,2,2,1,🚨 วิกฤติเร่งด่วน (เสี่ยงสูง 2+ ด้าน)
1932,เชียงใหม่,สารภี,หนองแฝก,กู่แดง,เสี่ยงน้อย,เสี่ยงสูง,เสี่ยงปานกลาง,เสี่ยงปานกลาง,เสี่ยงสูง,1,3,2,2,3,11,2,2,1,🚨 วิกฤติเร่งด่วน (เสี่ยงสูง 2+ ด้าน)
1933,เชียงใหม่,สารภี,หนองแฝก,กู่แดง,เสี่ยงน้อย,เสี่ยงสูง,เสี่ยงปานกลาง,เสี่ยงปานกลาง,เสี่ยงสูง,1,3,2,2,3,11,2,2,1,🚨 วิกฤติเร่งด่วน (เสี่ยงสูง 2+ ด้าน)
1934,เชียงใหม่,สารภี,หนองแฝก,สันป่าเดื่อ,เสี่ยงน้อย,เสี่ยงสูง,เสี่ยงปานกลาง,เสี่ยงปานกลาง,เสี่ยงสูง,1,3,2,2,3,11,2,2,1,🚨 วิกฤติเร่งด่วน (เสี่ยงสูง 2+ ด้าน)
1935,เชียงใหม่,สารภี,หนองแฝก,สันป่าสัก,เสี่ยงน้อย,เสี่ยงสูง,เสี่ยงปานกลาง,เสี่ยงสูง,เสี่ยงสูง,1,3,2,3,3,12,3,1,1,🚨 วิกฤติเร่งด่วน (เสี่ยงสูง 2+ ด้าน)
1936,เชียงใหม่,หางดง,ขุนคง,ต้นแก้ว,เสี่ยงน้อย,เสี่ยงปานกลาง,เสี่ยงปานกลาง,เสี่ยงปานกลาง,เสี่ยงสูง,1,2,2,2,3,10,1,3,1,⚠️ เฝ้าระวังสูง (เสี่ยงสูง 1 ด้าน)
1937,เชียงใหม่,หางดง,ขุนคง,ถวาย,เสี่ยงน้อย,เสี่ยงปานกลาง,เสี่ยงปานกลาง,เสี่ยงสูง,เสี่ยงสูง,1,2,2,3,3,11,2,2,1,🚨 วิกฤติเร่งด่วน (เสี่ยงสูง 2+ ด้าน)
1938,เชียงใหม่,หางดง,ขุนคง,หนองโขง,เสี่ยงน้อย,เสี่ยงปานกลาง,เสี่ยงปานกลาง,เสี่ยงสูง,เสี่ยงสูง,1,2,2,3,3,11,2,2,1,🚨 วิกฤติเร่งด่วน (เสี่ยงสูง 2+ ด้าน)
1939,เชียงใหม่,หางดง,ขุนคง,สารภี,เสี่ยงน้อย,เสี่ยงปานกลาง,เสี่ยงปานกลาง,เสี่ยงสูง,เสี่ยงสูง,1,2,2,3,3,11,2,2,1,🚨 วิกฤติเร่งด่วน (เสี่ยงสูง 2+ ด้าน)
1940,เชียงใหม่,หางดง,ขุนคง,ขุนคงหลวง,เสี่ยงน้อย,เสี่ยงปานกลาง,เสี่ยงปานกลาง,เสี่ยงปานกลาง,เสี่ยงสูง,1,2,2,2,3,10,1,3,1,⚠️ เฝ้าระวังสูง (เสี่ยงสูง 1 ด้าน)
1941,เชียงใหม่,หางดง,ขุนคง,กาด,เสี่ยงน้อย,เสี่ยงปานกลาง,เสี่ยงปานกลาง,เสี่ยงสูง,เสี่ยงสูง,1,2,2,3,3,11,2,2,1,🚨 วิกฤติเร่งด่วน (เสี่ยงสูง 2+ ด้าน)
1942,เชียงใหม่,หางดง,ขุนคง,ท่าขุนคง,เสี่ยงน้อย,เสี่ยงปานกลาง,เสี่ยงน้อย,เสี่ยงสูง,เสี่ยงสูง,1,2,1,3,3,10,2,1,2,🚨 วิกฤติเร่งด่วน (เสี่ยงสูง 2+ ด้าน)
1943,เชียงใหม่,หางดง,ขุนคง,ท่ามะโก๋,เสี่ยงน้อย,เสี่ยงปานกลาง,เสี่ยงน้อย,เสี่ยงสูง,เสี่ยงสูง,1,2,1,3,3,10,2,1,2,🚨 วิกฤติเร่งด่วน (เสี่ยงสูง 2+ ด้าน)
1944,เชียงใหม่,หางดง,ขุนคง,แพะ,เสี่ยงน้อย,เสี่ยงปานกลาง,เสี่ยงปานกลาง,เสี่ยงสูง,เสี่ยงสูง,1,2,2,3,3,11,2,2,1,🚨 วิกฤติเร่งด่วน (เสี่ยงสูง 2+ ด้าน)
1945,เชียงใหม่,หางดง,น้ำแพร่,เวียงดัง,เสี่ยงน้อย,เสี่ยงน้อย,เสี่ยงน้อย,เสี่ยงน้อย,เสี่ยงสูง,1,1,1,1,3,7,1,0,4,⚠️ เฝ้าระวังสูง (เสี่ยงสูง 1 ด้าน)
1946,เชียงใหม่,หางดง,น้ำแพร่,ศาลา,เสี่ยงปานกลาง,เสี่ยงปานกลาง,เสี่ยงปานกลาง,เสี่ยงน้อย,เสี่ยงสูง,2,2,2,1,3,10,1,3,1,⚠️ เฝ้าระวังสูง (เสี่ยงสูง 1 ด้าน)
1947,เชียงใหม่,หางดง,น้ำแพร่,แพะขวาง,เสี่ยงน้อย,เสี่ยงปานกลาง,เสี่ยงปานกลาง,เสี่ยงปานกลาง,เสี่ยงสูง,1,2,2,2,3,10,1,3,1,⚠️ เฝ้าระวังสูง (เสี่ยงสูง 1 ด้าน)
1948,เชียงใหม่,หางดง,น้ำแพร่,น้ำแพร่,เสี่ยงน้อย,เสี่ยงน้อย,เสี่ยงน้อย,เสี่ยงน้อย,เสี่ยงสูง,1,1,1,1,3,7,1,0,4,⚠️ เฝ้าระวังสูง (เสี่ยงสูง 1 ด้าน)
1949,เชียงใหม่,หางดง,น้ำแพร่,ป่าจี้,เสี่ยงน้อย,เสี่ยงปานกลาง,เสี่ยงปานกลาง,เสี่ยงปานกลาง,เสี่ยงสูง,1,2,2,2,3,10,1,3,1,⚠️ เฝ้าระวังสูง (เสี่ยงสูง 1 ด้าน)
1950,เชียงใหม่,หางดง,น้ำแพร่,แสนตอ,เสี่ยงน้อย,เสี่ยงปานกลาง,เสี่ยงปานกลาง,เสี่ยงปานกลาง,เสี่ยงสูง,1,2,2,2,3,10,1,3,1,⚠️ เฝ้าระวังสูง (เสี่ยงสูง 1 ด้าน)
1951,เชียงใหม่,หางดง,น้ำแพร่,ท่าไม้ลุง,เสี่ยงน้อย,เสี่ยงน้อย,เสี่ยงน้อย,เสี่ยงปานกลาง,เสี่ยงสูง,1,1,1,2,3,8,1,1,3,⚠️ เฝ้าระวังสูง (เสี่ยงสูง 1 ด้าน)
1952,เชียงใหม่,หางดง,น้ำแพร่,แม่ขนิลใต้,เสี่ยงน้อย,เสี่ยงน้อย,เสี่ยงน้อย,เสี่ยงปานกลาง,เสี่ยงสูง,1,1,1,2,3,8,1,1,3,⚠️ เฝ้าระวังสูง (เสี่ยงสูง 1 ด้าน)
1953,เชียงใหม่,หางดง,น้ำแพร่,ดอยถ้ำ,เสี่ยงน้อย,เสี่ยงน้อย,เสี่ยงน้อย,เสี่ยงปานกลาง,เสี่ยงสูง,1,1,1,2,3,8,1,1,3,⚠️ เฝ้าระวังสูง (เสี่ยงสูง 1 ด้าน)
1954,เชียงใหม่,หางดง,น้ำแพร่,น้ำบุ่น,เสี่ยงน้อย,เสี่ยงปานกลาง,เสี่ยงปานกลาง,เสี่ยงปานกลาง,เสี่ยงสูง,1,2,2,2,3,10,1,3,1,⚠️ เฝ้าระวังสูง (เสี่ยงสูง 1 ด้าน)
1955,เชียงใหม่,หางดง,น้ำแพร่,เวียงด้ง,เสี่ยงน้อย,เสี่ยงน้อย,เสี่ยงน้อย,เสี่ยงปานกลาง,เสี่ยงสูง,1,1,1,2,3,8,1,1,3,⚠️ เฝ้าระวังสูง (เสี่ยงสูง 1 ด้าน)
1956,เชียงใหม่,หางดง,บ้านปง,ปงใต้,เสี่ยงน้อย,เสี่ยงน้อย,เสี่ยงน้อย,เสี่ยงน้อย,เสี่ยงน้อย,1,1,1,1,1,5,0,0,5,🟢 เสี่ยงต่ำ/ทั่วไป
1957,เชียงใหม่,หางดง,บ้านปง,ปงเหนือ,เสี่ยงน้อย,เสี่ยงน้อย,เสี่ยงน้อย,เสี่ยงน้อย,เสี่ยงน้อย,1,1,1,1,1,5,0,0,5,🟢 เสี่ยงต่ำ/ทั่วไป
1958,เชียงใหม่,หางดง,บ้านปง,แม่ฮะ,เสี่ยงน้อย,เสี่ยงน้อย,เสี่ยงน้อย,เสี่ยงน้อย,เสี่ยงน้อย,1,1,1,1,1,5,0,0,5,🟢 เสี่ยงต่ำ/ทั่วไป
1959,เชียงใหม่,หางดง,บ้านปง,ทุ่งโป่ง,เสี่ยงน้อย,เสี่ยงน้อย,เสี่ยงน้อย,เสี่ยงน้อย,เสี่ยงน้อย,1,1,1,1,1,5,0,0,5,🟢 เสี่ยงต่ำ/ทั่วไป
1960,เชียงใหม่,หางดง,บ้านปง,แม่ฮะเหนือ,เสี่ยงน้อย,เสี่ยงน้อย,เสี่ยงน้อย,เสี่ยงน้อย,เสี่ยงน้อย,1,1,1,1,1,5,0,0,5,🟢 เสี่ยงต่ำ/ทั่วไป
1961,เชียงใหม่,หางดง,บ้านปง,แม่ขนิลเหนือ,เสี่ยงน้อย,เสี่ยงน้อย,เสี่ยงน้อย,เสี่ยงน้อย,เสี่ยงน้อย,1,1,1,1,1,5,0,0,5,🟢 เสี่ยงต่ำ/ทั่วไป
1962,เชียงใหม่,หางดง,บ้านปง,ปางยาง,เสี่ยงน้อย,เสี่ยงน้อย,เสี่ยงน้อย,เสี่ยงน้อย,เสี่ยงน้อย,1,1,1,1,1,5,0,0,5,🟢 เสี่ยงต่ำ/ทั่วไป
1963,เชียงใหม่,หางดง,บ้านปง,น้ำซุ้ม,เสี่ยงน้อย,เสี่ยงน้อย,เสี่ยงน้อย,เสี่ยงน้อย,เสี่ยงน้อย,1,1,1,1,1,5,0,0,5,🟢 เสี่ยงต่ำ/ทั่วไป
1964,เชียงใหม่,หางดง,บ้านปง,ทุ่งโป่งใต้,เสี่ยงน้อย,เสี่ยงน้อย,เสี่ยงน้อย,เสี่ยงน้อย,เสี่ยงน้อย,1,1,1,1,1,5,0,0,5,🟢 เสี่ยงต่ำ/ทั่วไป
1965,เชียงใหม่,หางดง,บ้านปง,ใหม่สันคะยอม,เสี่ยงน้อย,เสี่ยงน้อย,เสี่ยงน้อย,เสี่ยงน้อย,เสี่ยงน้อย,1,1,1,1,1,5,0,0,5,🟢 เสี่ยงต่ำ/ทั่วไป
1966,เชียงใหม่,หางดง,บ้านปง,ใหม่ห้วยลึก,เสี่ยงน้อย,เสี่ยงน้อย,เสี่ยงน้อย,เสี่ยงน้อย,เสี่ยงน้อย,1,1,1,1,1,5,0,0,5,🟢 เสี่ยงต่ำ/ทั่วไป
1967,เชียงใหม่,หางดง,บ้านแหวน,ไร่,เสี่ยงน้อย,เสี่ยงน้อย,เสี่ยงสูง,เสี่ยงปานกลาง,เสี่ยงสูง,1,1,3,2,3,10,2,1,2,🚨 วิกฤติเร่งด่วน (เสี่ยงสูง 2+ ด้าน)
1968,เชียงใหม่,หางดง,บ้านแหวน,โขงขาว,เสี่ยงน้อย,เสี่ยงปานกลาง,เสี่ยงสูง,เสี่ยงปานกลาง,เสี่ยงสูง,1,2,3,2,3,11,2,2,1,🚨 วิกฤติเร่งด่วน (เสี่ยงสูง 2+ ด้าน)
1969,เชียงใหม่,หางดง,บ้านแหวน,ท้าวบุญเรือง,เสี่ยงน้อย,เสี่ยงน้อย,เสี่ยงสูง,เสี่ยงปานกลาง,เสี่ยงสูง,1,1,3,2,3,10,2,1,2,🚨 วิกฤติเร่งด่วน (เสี่ยงสูง 2+ ด้าน)
1970,เชียงใหม่,หางดง,บ้านแหวน,ช่างคำน้อย,เสี่ยงน้อย,เสี่ยงน้อย,เสี่ยงสูง,เสี่ยงปานกลาง,เสี่ยงสูง,1,1,3,2,3,10,2,1,2,🚨 วิกฤติเร่งด่วน (เสี่ยงสูง 2+ ด้าน)
1971,เชียงใหม่,หางดง,บ้านแหวน,ช่างคำหลวง,เสี่ยงน้อย,เสี่ยงน้อย,เสี่ยงสูง,เสี่ยงปานกลาง,เสี่ยงสูง,1,1,3,2,3,10,2,1,2,🚨 วิกฤติเร่งด่วน (เสี่ยงสูง 2+ ด้าน)
1972,เชียงใหม่,หางดง,บ้านแหวน,ดู่,เสี่ยงน้อย,เสี่ยงน้อย,เสี่ยงสูง,เสี่ยงปานกลาง,เสี่ยงสูง,1,1,3,2,3,10,2,1,2,🚨 วิกฤติเร่งด่วน (เสี่ยงสูง 2+ ด้าน)
1973,เชียงใหม่,หางดง,บ้านแหวน,ป่าหมาก,เสี่ยงน้อย,เสี่ยงน้อย,เสี่ยงสูง,เสี่ยงปานกลาง,เสี่ยงสูง,1,1,3,2,3,10,2,1,2,🚨 วิกฤติเร่งด่วน (เสี่ยงสูง 2+ ด้าน)
1974,เชียงใหม่,หางดง,บ้านแหวน,ต้นเฮือด,เสี่ยงน้อย,เสี่ยงน้อย,เสี่ยงสูง,เสี่ยงปานกลาง,เสี่ยงสูง,1,1,3,2,3,10,2,1,2,🚨 วิกฤติเร่งด่วน (เสี่ยงสูง 2+ ด้าน)
1975,เชียงใหม่,หางดง,บ้านแหวน,เดื่อ,เสี่ยงน้อย,เสี่ยงน้อย,เสี่ยงสูง,เสี่ยงปานกลาง,เสี่ยงสูง,1,1,3,2,3,10,2,1,2,🚨 วิกฤติเร่งด่วน (เสี่ยงสูง 2+ ด้าน)
1976,เชียงใหม่,หางดง,บ้านแหวน,จอมทอง,เสี่ยงน้อย,เสี่ยงน้อย,เสี่ยงปานกลาง,เสี่ยงปานกลาง,เสี่ยงสูง,1,1,2,2,3,9,1,2,2,⚠️ เฝ้าระวังสูง (เสี่ยงสูง 1 ด้าน)
1977,เชียงใหม่,หางดง,บ้านแหวน,ดู่,เสี่ยงน้อย,เสี่ยงน้อย,เสี่ยงสูง,เสี่ยงปานกลาง,เสี่ยงสูง,1,1,3,2,3,10,2,1,2,🚨 วิกฤติเร่งด่วน (เสี่ยงสูง 2+ ด้าน)
1978,เชียงใหม่,หางดง,บ้านแหวน,ดอนไฟ,เสี่ยงน้อย,เสี่ยงน้อย,เสี่ยงปานกลาง,เสี่ยงปานกลาง,เสี่ยงสูง,1,1,2,2,3,9,1,2,2,⚠️ เฝ้าระวังสูง (เสี่ยงสูง 1 ด้าน)
1979,เชียงใหม่,หางดง,บ้านแหวน,ศรีสรร,เสี่ยงน้อย,เสี่ยงน้อย,เสี่ยงสูง,เสี่ยงปานกลาง,เสี่ยงสูง,1,1,3,2,3,10,2,1,2,🚨 วิกฤติเร่งด่วน (เสี่ยงสูง 2+ ด้าน)
1980,เชียงใหม่,หางดง,สบแม่ข่า,ท่าขี้ควาย,เสี่ยงปานกลาง,เสี่ยงปานกลาง,เสี่ยงน้อย,เสี่ยงปานกลาง,เสี่ยงปานกลาง,2,2,1,2,2,9,0,4,1,🟡 เฝ้าระวังปานกลาง (เสี่ยงกลาง 3+ ด้าน)
1981,เชียงใหม่,หางดง,สบแม่ข่า,น้ำโท้ง,เสี่ยงน้อย,เสี่ยงปานกลาง,เสี่ยงน้อย,เสี่ยงสูง,เสี่ยงปานกลาง,1,2,1,3,2,9,1,2,2,⚠️ เฝ้าระวังสูง (เสี่ยงสูง 1 ด้าน)
1982,เชียงใหม่,หางดง,สบแม่ข่า,เกาะ,เสี่ยงน้อย,เสี่ยงปานกลาง,เสี่ยงปานกลาง,เสี่ยงปานกลาง,เสี่ยงปานกลาง,1,2,2,2,2,9,0,4,1,🟡 เฝ้าระวังปานกลาง (เสี่ยงกลาง 3+ ด้าน)
1983,เชียงใหม่,หางดง,สบแม่ข่า,ท่าศาลา,เสี่ยงน้อย,เสี่ยงปานกลาง,เสี่ยงน้อย,เสี่ยงปานกลาง,เสี่ยงปานกลาง,1,2,1,2,2,8,0,3,2,🟡 เฝ้าระวังปานกลาง (เสี่ยงกลาง 3+ ด้าน)
1984,เชียงใหม่,หางดง,สบแม่ข่า,หนองคำ,เสี่ยงน้อย,เสี่ยงปานกลาง,เสี่ยงน้อย,เสี่ยงปานกลาง,เสี่ยงปานกลาง,1,2,1,2,2,8,0,3,2,🟡 เฝ้าระวังปานกลาง (เสี่ยงกลาง 3+ ด้าน)
1985,เชียงใหม่,หางดง,สันผักหวาน,สันผักหวานหลวง,เสี่ยงปานกลาง,เสี่ยงปานกลาง,เสี่ยงน้อย,เสี่ยงสูง,เสี่ยงสูง,2,2,1,3,3,11,2,2,1,🚨 วิกฤติเร่งด่วน (เสี่ยงสูง 2+ ด้าน)
1986,เชียงใหม่,หางดง,สันผักหวาน,ต้นงิ้ว,เสี่ยงน้อย,เสี่ยงปานกลาง,เสี่ยงน้อย,เสี่ยงสูง,เสี่ยงสูง,1,2,1,3,3,10,2,1,2,🚨 วิกฤติเร่งด่วน (เสี่ยงสูง 2+ ด้าน)
1987,เชียงใหม่,หางดง,สันผักหวาน,ท้าวผายู,เสี่ยงน้อย,เสี่ยงปานกลาง,เสี่ยงน้อย,เสี่ยงสูง,เสี่ยงสูง,1,2,1,3,3,10,2,1,2,🚨 วิกฤติเร่งด่วน (เสี่ยงสูง 2+ ด้าน)
1988,เชียงใหม่,หางดง,สันผักหวาน,ป่าตาล,เสี่ยงน้อย,เสี่ยงปานกลาง,เสี่ยงน้อย,เสี่ยงปานกลาง,เสี่ยงสูง,1,2,1,2,3,9,1,2,2,⚠️ เฝ้าระวังสูง (เสี่ยงสูง 1 ด้าน)
1989,เชียงใหม่,หางดง,สันผักหวาน,เบ้อ,เสี่ยงน้อย,เสี่ยงปานกลาง,เสี่ยงน้อย,เสี่ยงสูง,เสี่ยงสูง,1,2,1,3,3,10,2,1,2,🚨 วิกฤติเร่งด่วน (เสี่ยงสูง 2+ ด้าน)
1990,เชียงใหม่,หางดง,สันผักหวาน,ขัวเด้ง,เสี่ยงปานกลาง,เสี่ยงปานกลาง,เสี่ยงน้อย,เสี่ยงสูง,เสี่ยงสูง,2,2,1,3,3,11,2,2,1,🚨 วิกฤติเร่งด่วน (เสี่ยงสูง 2+ ด้าน)
1991,เชียงใหม่,หางดง,สันผักหวาน,สันผักหวานน้อย,เสี่ยงน้อย,เสี่ยงปานกลาง,เสี่ยงน้อย,เสี่ยงปานกลาง,เสี่ยงสูง,1,2,1,2,3,9,1,2,2,⚠️ เฝ้าระวังสูง (เสี่ยงสูง 1 ด้าน)
1992,เชียงใหม่,หางดง,หนองแก๋ว,ละโว้,เสี่ยงน้อย,เสี่ยงน้อย,เสี่ยงปานกลาง,เสี่ยงปานกลาง,เสี่ยงสูง,1,1,2,2,3,9,1,2,2,⚠️ เฝ้าระวังสูง (เสี่ยงสูง 1 ด้าน)
1993,เชียงใหม่,หางดง,หนองแก๋ว,สันปูเลย,เสี่ยงน้อย,เสี่ยงปานกลาง,เสี่ยงปานกลาง,เสี่ยงปานกลาง,เสี่ยงสูง,1,2,2,2,3,10,1,3,1,⚠️ เฝ้าระวังสูง (เสี่ยงสูง 1 ด้าน)
1994,เชียงใหม่,หางดง,หนองแก๋ว,เหมืองง่า,เสี่ยงน้อย,เสี่ยงปานกลาง,เสี่ยงปานกลาง,เสี่ยงปานกลาง,เสี่ยงสูง,1,2,2,2,3,10,1,3,1,⚠️ เฝ้าระวังสูง (เสี่ยงสูง 1 ด้าน)
1995,เชียงใหม่,หางดง,หนองแก๋ว,บวก,เสี่ยงน้อย,เสี่ยงน้อย,เสี่ยงสูง,เสี่ยงสูง,เสี่ยงสูง,1,1,3,3,3,11,3,0,2,🚨 วิกฤติเร่งด่วน (เสี่ยงสูง 2+ ด้าน)
1996,เชียงใหม่,หางดง,หนองแก๋ว,ร้องแหย่ง,เสี่ยงน้อย,เสี่ยงน้อย,เสี่ยงสูง,เสี่ยงปานกลาง,เสี่ยงสูง,1,1,3,2,3,10,2,1,2,🚨 วิกฤติเร่งด่วน (เสี่ยงสูง 2+ ด้าน)
1997,เชียงใหม่,หางดง,หนองแก๋ว,ยังปวน,เสี่ยงน้อย,เสี่ยงน้อย,เสี่ยงสูง,เสี่ยงปานกลาง,เสี่ยงสูง,1,1,3,2,3,10,2,1,2,🚨 วิกฤติเร่งด่วน (เสี่ยงสูง 2+ ด้าน)
1998,เชียงใหม่,หางดง,หนองแก๋ว,สันทราย,เสี่ยงน้อย,เสี่ยงน้อย,เสี่ยงปานกลาง,เสี่ยงปานกลาง,เสี่ยงสูง,1,1,2,2,3,9,1,2,2,⚠️ เฝ้าระวังสูง (เสี่ยงสูง 1 ด้าน)
1999,เชียงใหม่,หางดง,หนองแก๋ว,หนองแก๋ว,เสี่ยงน้อย,เสี่ยงน้อย,เสี่ยงปานกลาง,เสี่ยงปานกลาง,เสี่ยงสูง,1,1,2,2,3,9,1,2,2,⚠️ เฝ้าระวังสูง (เสี่ยงสูง 1 ด้าน)
2000,เชียงใหม่,หางดง,หนองแก๋ว,สันทรายพัฒนา,เสี่ยงน้อย,เสี่ยงน้อย,เสี่ยงปานกลาง,เสี่ยงปานกลาง,เสี่ยงสูง,1,1,2,2,3,9,1,2,2,⚠️ เฝ้าระวังสูง (เสี่ยงสูง 1 ด้าน)
2001,เชียงใหม่,หางดง,หนองควาย,ตองกาย,เสี่ยงน้อย,เสี่ยงปานกลาง,เสี่ยงน้อย,เสี่ยงปานกลาง,เสี่ยงปานกลาง,1,2,1,2,2,8,0,3,2,🟡 เฝ้าระวังปานกลาง (เสี่ยงกลาง 3+ ด้าน)
2002,เชียงใหม่,หางดง,หนองควาย,ฟ่อน,เสี่ยงน้อย,เสี่ยงปานกลาง,เสี่ยงน้อย,เสี่ยงปานกลาง,เสี่ยงปานกลาง,1,2,1,2,2,8,0,3,2,🟡 เฝ้าระวังปานกลาง (เสี่ยงกลาง 3+ ด้าน)
2003,เชียงใหม่,หางดง,หนองควาย,ไร่เหนือ,เสี่ยงน้อย,เสี่ยงปานกลาง,เสี่ยงน้อย,เสี่ยงปานกลาง,เสี่ยงปานกลาง,1,2,1,2,2,8,0,3,2,🟡 เฝ้าระวังปานกลาง (เสี่ยงกลาง 3+ ด้าน)
2004,เชียงใหม่,หางดง,หนองควาย,ต้นเกว๋น,เสี่ยงน้อย,เสี่ยงปานกลาง,เสี่ยงน้อย,เสี่ยงปานกลาง,เสี่ยงปานกลาง,1,2,1,2,2,8,0,3,2,🟡 เฝ้าระวังปานกลาง (เสี่ยงกลาง 3+ ด้าน)
2005,เชียงใหม่,หางดง,หนองควาย,หนองควาย,เสี่ยงน้อย,เสี่ยงปานกลาง,เสี่ยงปานกลาง,เสี่ยงปานกลาง,เสี่ยงปานกลาง,1,2,2,2,2,9,0,4,1,🟡 เฝ้าระวังปานกลาง (เสี่ยงกลาง 3+ ด้าน)
2006,เชียงใหม่,หางดง,หนองควาย,ร้อยจันทร์,เสี่ยงน้อย,เสี่ยงปานกลาง,เสี่ยงปานกลาง,เสี่ยงปานกลาง,เสี่ยงปานกลาง,1,2,2,2,2,9,0,4,1,🟡 เฝ้าระวังปานกลาง (เสี่ยงกลาง 3+ ด้าน)
2007,เชียงใหม่,หางดง,หนองควาย,เหมืองกุง,เสี่ยงน้อย,เสี่ยงปานกลาง,เสี่ยงน้อย,เสี่ยงปานกลาง,เสี่ยงปานกลาง,1,2,1,2,2,8,0,3,2,🟡 เฝ้าระวังปานกลาง (เสี่ยงกลาง 3+ ด้าน)
2008,เชียงใหม่,หางดง,หนองควาย,ขุนเส,เสี่ยงน้อย,เสี่ยงปานกลาง,เสี่ยงน้อย,เสี่ยงปานกลาง,เสี่ยงปานกลาง,1,2,1,2,2,8,0,3,2,🟡 เฝ้าระวังปานกลาง (เสี่ยงกลาง 3+ ด้าน)
2009,เชียงใหม่,หางดง,หนองควาย,สันทราย,เสี่ยงน้อย,เสี่ยงปานกลาง,เสี่ยงน้อย,เสี่ยงปานกลาง,เสี่ยงปานกลาง,1,2,1,2,2,8,0,3,2,🟡 เฝ้าระวังปานกลาง (เสี่ยงกลาง 3+ ด้าน)
2010,เชียงใหม่,หางดง,หนองควาย,นาบุก,เสี่ยงน้อย,เสี่ยงปานกลาง,เสี่ยงปานกลาง,เสี่ยงปานกลาง,เสี่ยงปานกลาง,1,2,2,2,2,9,0,4,1,🟡 เฝ้าระวังปานกลาง (เสี่ยงกลาง 3+ ด้าน)
2011,เชียงใหม่,หางดง,หนองควาย,สันป่าสัก,เสี่ยงน้อย,เสี่ยงปานกลาง,เสี่ยงน้อย,เสี่ยงปานกลาง,เสี่ยงปานกลาง,1,2,1,2,2,8,0,3,2,🟡 เฝ้าระวังปานกลาง (เสี่ยงกลาง 3+ ด้าน)
2012,เชียงใหม่,หางดง,หนองควาย,ตองกายเหนือ,เสี่ยงน้อย,เสี่ยงปานกลาง,เสี่ยงน้อย,เสี่ยงปานกลาง,เสี่ยงปานกลาง,1,2,1,2,2,8,0,3,2,🟡 เฝ้าระวังปานกลาง (เสี่ยงกลาง 3+ ด้าน)
2013,เชียงใหม่,หางดง,หนองตอง,ต้นโชค,เสี่ยงน้อย,เสี่ยงน้อย,เสี่ยงสูง,เสี่ยงปานกลาง,เสี่ยงน้อย,1,1,3,2,1,8,1,1,3,⚠️ เฝ้าระวังสูง (เสี่ยงสูง 1 ด้าน)
2014,เชียงใหม่,หางดง,หนองตอง,บวกครก,เสี่ยงน้อย,เสี่ยงน้อย,เสี่ยงสูง,เสี่ยงปานกลาง,เสี่ยงน้อย,1,1,3,2,1,8,1,1,3,⚠️ เฝ้าระวังสูง (เสี่ยงสูง 1 ด้าน)
2015,เชียงใหม่,หางดง,หนองตอง,หนองตอง,เสี่ยงน้อย,เสี่ยงน้อย,เสี่ยงสูง,เสี่ยงปานกลาง,เสี่ยงน้อย,1,1,3,2,1,8,1,1,3,⚠️ เฝ้าระวังสูง (เสี่ยงสูง 1 ด้าน)
2016,เชียงใหม่,หางดง,หนองตอง,ป่าลาน,เสี่ยงน้อย,เสี่ยงน้อย,เสี่ยงสูง,เสี่ยงปานกลาง,เสี่ยงน้อย,1,1,3,2,1,8,1,1,3,⚠️ เฝ้าระวังสูง (เสี่ยงสูง 1 ด้าน)
2017,เชียงใหม่,หางดง,หนองตอง,เกาะ,เสี่ยงน้อย,เสี่ยงน้อย,เสี่ยงสูง,เสี่ยงปานกลาง,เสี่ยงน้อย,1,1,3,2,1,8,1,1,3,⚠️ เฝ้าระวังสูง (เสี่ยงสูง 1 ด้าน)
2018,เชียงใหม่,หางดง,หนองตอง,ท่านาค,เสี่ยงน้อย,เสี่ยงน้อย,เสี่ยงสูง,เสี่ยงปานกลาง,เสี่ยงน้อย,1,1,3,2,1,8,1,1,3,⚠️ เฝ้าระวังสูง (เสี่ยงสูง 1 ด้าน)
2019,เชียงใหม่,หางดง,หนองตอง,หนองช้าง,เสี่ยงน้อย,เสี่ยงน้อย,เสี่ยงสูง,เสี่ยงปานกลาง,เสี่ยงน้อย,1,1,3,2,1,8,1,1,3,⚠️ เฝ้าระวังสูง (เสี่ยงสูง 1 ด้าน)
2020,เชียงใหม่,หางดง,หนองตอง,ป่าเป้า,เสี่ยงน้อย,เสี่ยงน้อย,เสี่ยงสูง,เสี่ยงปานกลาง,เสี่ยงน้อย,1,1,3,2,1,8,1,1,3,⚠️ เฝ้าระวังสูง (เสี่ยงสูง 1 ด้าน)
2021,เชียงใหม่,หางดง,หนองตอง,หนองใคร้,เสี่ยงน้อย,เสี่ยงน้อย,เสี่ยงสูง,เสี่ยงปานกลาง,เสี่ยงน้อย,1,1,3,2,1,8,1,1,3,⚠️ เฝ้าระวังสูง (เสี่ยงสูง 1 ด้าน)
2022,เชียงใหม่,หางดง,หนองตอง,หนองบัว,เสี่ยงน้อย,เสี่ยงน้อย,เสี่ยงสูง,เสี่ยงปานกลาง,เสี่ยงน้อย,1,1,3,2,1,8,1,1,3,⚠️ เฝ้าระวังสูง (เสี่ยงสูง 1 ด้าน)
2023,เชียงใหม่,หางดง,หนองตอง,ทุ่งแพ่ง,เสี่ยงน้อย,เสี่ยงน้อย,เสี่ยงสูง,เสี่ยงปานกลาง,เสี่ยงน้อย,1,1,3,2,1,8,1,1,3,⚠️ เฝ้าระวังสูง (เสี่ยงสูง 1 ด้าน)
2024,เชียงใหม่,หางดง,หนองตอง,ท่าควาย,เสี่ยงน้อย,เสี่ยงน้อย,เสี่ยงสูง,เสี่ยงปานกลาง,เสี่ยงน้อย,1,1,3,2,1,8,1,1,3,⚠️ เฝ้าระวังสูง (เสี่ยงสูง 1 ด้าน)
2025,เชียงใหม่,หางดง,หนองตอง,คันธรส,เสี่ยงน้อย,เสี่ยงน้อย,เสี่ยงสูง,เสี่ยงปานกลาง,เสี่ยงน้อย,1,1,3,2,1,8,1,1,3,⚠️ เฝ้าระวังสูง (เสี่ยงสูง 1 ด้าน)
2026,เชียงใหม่,หางดง,หนองตอง,ป่าแดง,เสี่ยงน้อย,เสี่ยงน้อย,เสี่ยงสูง,เสี่ยงปานกลาง,เสี่ยงน้อย,1,1,3,2,1,8,1,1,3,⚠️ เฝ้าระวังสูง (เสี่ยงสูง 1 ด้าน)
2027,เชียงใหม่,หางดง,หางดง,ท้าวคำวัง,เสี่ยงน้อย,เสี่ยงปานกลาง,เสี่ยงปานกลาง,เสี่ยงสูง,เสี่ยงน้อย,1,2,2,3,1,9,1,2,2,⚠️ เฝ้าระวังสูง (เสี่ยงสูง 1 ด้าน)
2028,เชียงใหม่,หางดง,หางดง,ล้อง,เสี่ยงน้อย,เสี่ยงปานกลาง,เสี่ยงปานกลาง,เสี่ยงปานกลาง,เสี่ยงน้อย,1,2,2,2,1,8,0,3,2,🟡 เฝ้าระวังปานกลาง (เสี่ยงกลาง 3+ ด้าน)
2029,เชียงใหม่,หางดง,หางดง,กำแพงงาม,เสี่ยงน้อย,เสี่ยงปานกลาง,เสี่ยงปานกลาง,เสี่ยงปานกลาง,เสี่ยงน้อย,1,2,2,2,1,8,0,3,2,🟡 เฝ้าระวังปานกลาง (เสี่ยงกลาง 3+ ด้าน)
2030,เชียงใหม่,หางดง,หางดง,ทรายมูลใต้,เสี่ยงน้อย,เสี่ยงปานกลาง,เสี่ยงปานกลาง,เสี่ยงปานกลาง,เสี่ยงน้อย,1,2,2,2,1,8,0,3,2,🟡 เฝ้าระวังปานกลาง (เสี่ยงกลาง 3+ ด้าน)
2031,เชียงใหม่,หางดง,หางดง,แม่ขัก,เสี่ยงน้อย,เสี่ยงปานกลาง,เสี่ยงปานกลาง,เสี่ยงสูง,เสี่ยงน้อย,1,2,2,3,1,9,1,2,2,⚠️ เฝ้าระวังสูง (เสี่ยงสูง 1 ด้าน)
2032,เชียงใหม่,หางดง,หางดง,ดงหลวง,เสี่ยงน้อย,เสี่ยงปานกลาง,เสี่ยงปานกลาง,เสี่ยงสูง,เสี่ยงน้อย,1,2,2,3,1,9,1,2,2,⚠️ เฝ้าระวังสูง (เสี่ยงสูง 1 ด้าน)
2033,เชียงใหม่,หางดง,หางดง,ป่าแป๋,เสี่ยงน้อย,เสี่ยงปานกลาง,เสี่ยงปานกลาง,เสี่ยงสูง,เสี่ยงน้อย,1,2,2,3,1,9,1,2,2,⚠️ เฝ้าระวังสูง (เสี่ยงสูง 1 ด้าน)
2034,เชียงใหม่,หางดง,หางดง,กอง,เสี่ยงน้อย,เสี่ยงปานกลาง,เสี่ยงปานกลาง,เสี่ยงสูง,เสี่ยงน้อย,1,2,2,3,1,9,1,2,2,⚠️ เฝ้าระวังสูง (เสี่ยงสูง 1 ด้าน)
2035,เชียงใหม่,หางดง,หางดง,ดงน้อย,เสี่ยงปานกลาง,เสี่ยงปานกลาง,เสี่ยงปานกลาง,เสี่ยงปานกลาง,เสี่ยงน้อย,2,2,2,2,1,9,0,4,1,🟡 เฝ้าระวังปานกลาง (เสี่ยงกลาง 3+ ด้าน)
2036,เชียงใหม่,หางดง,หารแก้ว,สันป่าสัก,เสี่ยงน้อย,เสี่ยงปานกลาง,เสี่ยงสูง,เสี่ยงปานกลาง,เสี่ยงสูง,1,2,3,2,3,11,2,2,1,🚨 วิกฤติเร่งด่วน (เสี่ยงสูง 2+ ด้าน)
2037,เชียงใหม่,หางดง,หารแก้ว,ขันแก้ว,เสี่ยงน้อย,เสี่ยงปานกลาง,เสี่ยงสูง,เสี่ยงปานกลาง,เสี่ยงสูง,1,2,3,2,3,11,2,2,1,🚨 วิกฤติเร่งด่วน (เสี่ยงสูง 2+ ด้าน)
2038,เชียงใหม่,หางดง,หารแก้ว,ทุ่งอ้อหลวง,เสี่ยงน้อย,เสี่ยงปานกลาง,เสี่ยงสูง,เสี่ยงปานกลาง,เสี่ยงสูง,1,2,3,2,3,11,2,2,1,🚨 วิกฤติเร่งด่วน (เสี่ยงสูง 2+ ด้าน)
2039,เชียงใหม่,หางดง,หารแก้ว,ป่าแงะ,เสี่ยงน้อย,เสี่ยงปานกลาง,เสี่ยงสูง,เสี่ยงปานกลาง,เสี่ยงสูง,1,2,3,2,3,11,2,2,1,🚨 วิกฤติเร่งด่วน (เสี่ยงสูง 2+ ด้าน)
2040,เชียงใหม่,หางดง,หารแก้ว,ไร่,เสี่ยงน้อย,เสี่ยงปานกลาง,เสี่ยงสูง,เสี่ยงปานกลาง,เสี่ยงสูง,1,2,3,2,3,11,2,2,1,🚨 วิกฤติเร่งด่วน (เสี่ยงสูง 2+ ด้าน)
2041,เชียงใหม่,หางดง,หารแก้ว,กวน,เสี่ยงน้อย,เสี่ยงปานกลาง,เสี่ยงสูง,เสี่ยงปานกลาง,เสี่ยงสูง,1,2,3,2,3,11,2,2,1,🚨 วิกฤติเร่งด่วน (เสี่ยงสูง 2+ ด้าน)
2042,เชียงใหม่,หางดง,หารแก้ว,วัวลาย,เสี่ยงน้อย,เสี่ยงปานกลาง,เสี่ยงสูง,เสี่ยงปานกลาง,เสี่ยงสูง,1,2,3,2,3,11,2,2,1,🚨 วิกฤติเร่งด่วน (เสี่ยงสูง 2+ ด้าน)
2043,เชียงใหม่,หางดง,หารแก้ว,ต้นแก,เสี่ยงน้อย,เสี่ยงปานกลาง,เสี่ยงสูง,เสี่ยงปานกลาง,เสี่ยงสูง,1,2,3,2,3,11,2,2,1,🚨 วิกฤติเร่งด่วน (เสี่ยงสูง 2+ ด้าน)
2044,เชียงใหม่,หางดง,หารแก้ว,ป่าเหียง,เสี่ยงปานกลาง,เสี่ยงปานกลาง,เสี่ยงสูง,เสี่ยงสูง,เสี่ยงสูง,2,2,3,3,3,13,3,2,0,🚨 วิกฤติเร่งด่วน (เสี่ยงสูง 2+ ด้าน)
2045,เชียงใหม่,อมก๋อย,นาเกียน,แม่ฮอง,เสี่ยงปานกลาง,เสี่ยงน้อย,เสี่ยงปานกลาง,เสี่ยงน้อย,เสี่ยงปานกลาง,2,1,2,1,2,8,0,3,2,🟡 เฝ้าระวังปานกลาง (เสี่ยงกลาง 3+ ด้าน)
2046,เชียงใหม่,อมก๋อย,นาเกียน,แม่โขง,เสี่ยงปานกลาง,เสี่ยงปานกลาง,เสี่ยงปานกลาง,เสี่ยงน้อย,เสี่ยงปานกลาง,2,2,2,1,2,9,0,4,1,🟡 เฝ้าระวังปานกลาง (เสี่ยงกลาง 3+ ด้าน)
2047,เชียงใหม่,อมก๋อย,นาเกียน,นาเกียน,เสี่ยงน้อย,เสี่ยงน้อย,เสี่ยงปานกลาง,เสี่ยงน้อย,เสี่ยงปานกลาง,1,1,2,1,2,7,0,2,3,🟢 เสี่ยงต่ำ/ทั่วไป
2048,เชียงใหม่,อมก๋อย,นาเกียน,ใบหนา,เสี่ยงสูง,เสี่ยงน้อย,เสี่ยงปานกลาง,เสี่ยงน้อย,เสี่ยงปานกลาง,3,1,2,1,2,9,1,2,2,⚠️ เฝ้าระวังสูง (เสี่ยงสูง 1 ด้าน)
2049,เชียงใหม่,อมก๋อย,นาเกียน,ห้วยครั่ง,เสี่ยงสูง,เสี่ยงปานกลาง,เสี่ยงปานกลาง,เสี่ยงน้อย,เสี่ยงปานกลาง,3,2,2,1,2,10,1,3,1,⚠️ เฝ้าระวังสูง (เสี่ยงสูง 1 ด้าน)
2050,เชียงใหม่,อมก๋อย,นาเกียน,อูตูม,เสี่ยงปานกลาง,เสี่ยงปานกลาง,เสี่ยงปานกลาง,เสี่ยงน้อย,เสี่ยงปานกลาง,2,2,2,1,2,9,0,4,1,🟡 เฝ้าระวังปานกลาง (เสี่ยงกลาง 3+ ด้าน)
2051,เชียงใหม่,อมก๋อย,นาเกียน,หนองอึ่ง,เสี่ยงปานกลาง,เสี่ยงน้อย,เสี่ยงปานกลาง,เสี่ยงน้อย,เสี่ยงปานกลาง,2,1,2,1,2,8,0,3,2,🟡 เฝ้าระวังปานกลาง (เสี่ยงกลาง 3+ ด้าน)
2052,เชียงใหม่,อมก๋อย,นาเกียน,แม่ลอก,เสี่ยงปานกลาง,เสี่ยงน้อย,เสี่ยงปานกลาง,เสี่ยงน้อย,เสี่ยงปานกลาง,2,1,2,1,2,8,0,3,2,🟡 เฝ้าระวังปานกลาง (เสี่ยงกลาง 3+ ด้าน)
2053,เชียงใหม่,อมก๋อย,นาเกียน,ห้วยส้ม,เสี่ยงน้อย,เสี่ยงน้อย,เสี่ยงปานกลาง,เสี่ยงน้อย,เสี่ยงปานกลาง,1,1,2,1,2,7,0,2,3,🟢 เสี่ยงต่ำ/ทั่วไป
2054,เชียงใหม่,อมก๋อย,นาเกียน,ผีปาน,เสี่ยงสูง,เสี่ยงน้อย,เสี่ยงปานกลาง,เสี่ยงน้อย,เสี่ยงปานกลาง,3,1,2,1,2,9,1,2,2,⚠️ เฝ้าระวังสูง (เสี่ยงสูง 1 ด้าน)
2055,เชียงใหม่,อมก๋อย,นาเกียน,แม่สะเต,เสี่ยงสูง,เสี่ยงปานกลาง,เสี่ยงปานกลาง,เสี่ยงน้อย,เสี่ยงปานกลาง,3,2,2,1,2,10,1,3,1,⚠️ เฝ้าระวังสูง (เสี่ยงสูง 1 ด้าน)
2056,เชียงใหม่,อมก๋อย,นาเกียน,ห่างหลวง,เสี่ยงสูง,เสี่ยงปานกลาง,เสี่ยงสูง,เสี่ยงน้อย,เสี่ยงปานกลาง,3,2,3,1,2,11,2,2,1,🚨 วิกฤติเร่งด่วน (เสี่ยงสูง 2+ ด้าน)
2057,เชียงใหม่,อมก๋อย,นาเกียน,สงิน,เสี่ยงสูง,เสี่ยงปานกลาง,เสี่ยงปานกลาง,เสี่ยงน้อย,เสี่ยงปานกลาง,3,2,2,1,2,10,1,3,1,⚠️ เฝ้าระวังสูง (เสี่ยงสูง 1 ด้าน)
2058,เชียงใหม่,อมก๋อย,นาเกียน,ห้วยบง,เสี่ยงสูง,เสี่ยงปานกลาง,เสี่ยงปานกลาง,เสี่ยงน้อย,เสี่ยงปานกลาง,3,2,2,1,2,10,1,3,1,⚠️ เฝ้าระวังสูง (เสี่ยงสูง 1 ด้าน)
2059,เชียงใหม่,อมก๋อย,นาเกียน,แม่เกิบ,เสี่ยงสูง,เสี่ยงปานกลาง,เสี่ยงปานกลาง,เสี่ยงน้อย,เสี่ยงปานกลาง,3,2,2,1,2,10,1,3,1,⚠️ เฝ้าระวังสูง (เสี่ยงสูง 1 ด้าน)
2060,เชียงใหม่,อมก๋อย,นาเกียน,ทีลอง,เสี่ยงสูง,เสี่ยงปานกลาง,เสี่ยงปานกลาง,เสี่ยงน้อย,เสี่ยงปานกลาง,3,2,2,1,2,10,1,3,1,⚠️ เฝ้าระวังสูง (เสี่ยงสูง 1 ด้าน)
2061,เชียงใหม่,อมก๋อย,นาเกียน,แม่สอ,เสี่ยงปานกลาง,เสี่ยงปานกลาง,เสี่ยงปานกลาง,เสี่ยงน้อย,เสี่ยงปานกลาง,2,2,2,1,2,9,0,4,1,🟡 เฝ้าระวังปานกลาง (เสี่ยงกลาง 3+ ด้าน)
2062,เชียงใหม่,อมก๋อย,นาเกียน,ห้วยลอก,เสี่ยงปานกลาง,เสี่ยงปานกลาง,เสี่ยงปานกลาง,เสี่ยงน้อย,เสี่ยงปานกลาง,2,2,2,1,2,9,0,4,1,🟡 เฝ้าระวังปานกลาง (เสี่ยงกลาง 3+ ด้าน)
2063,เชียงใหม่,อมก๋อย,นาเกียน,หนองอึ่งเหนือ,เสี่ยงสูง,เสี่ยงปานกลาง,เสี่ยงปานกลาง,เสี่ยงน้อย,เสี่ยงปานกลาง,3,2,2,1,2,10,1,3,1,⚠️ เฝ้าระวังสูง (เสี่ยงสูง 1 ด้าน)
2064,เชียงใหม่,อมก๋อย,นาเกียน,ก๋องป๋อเหนือ,เสี่ยงปานกลาง,เสี่ยงปานกลาง,เสี่ยงปานกลาง,เสี่ยงน้อย,เสี่ยงปานกลาง,2,2,2,1,2,9,0,4,1,🟡 เฝ้าระวังปานกลาง (เสี่ยงกลาง 3+ ด้าน)
2065,เชียงใหม่,อมก๋อย,นาเกียน,ทีเนอะ,เสี่ยงสูง,เสี่ยงปานกลาง,เสี่ยงปานกลาง,เสี่ยงน้อย,เสี่ยงปานกลาง,3,2,2,1,2,10,1,3,1,⚠️ เฝ้าระวังสูง (เสี่ยงสูง 1 ด้าน)
2066,เชียงใหม่,อมก๋อย,ม่อนจอง,โห้งกู่ขาว,เสี่ยงปานกลาง,เสี่ยงปานกลาง,เสี่ยงปานกลาง,เสี่ยงน้อย,เสี่ยงน้อย,2,2,2,1,1,8,0,3,2,🟡 เฝ้าระวังปานกลาง (เสี่ยงกลาง 3+ ด้าน)
2067,เชียงใหม่,อมก๋อย,ม่อนจอง,ห้วยน้ำขาว,เสี่ยงปานกลาง,เสี่ยงปานกลาง,เสี่ยงสูง,เสี่ยงน้อย,เสี่ยงน้อย,2,2,3,1,1,9,1,2,2,⚠️ เฝ้าระวังสูง (เสี่ยงสูง 1 ด้าน)
2068,เชียงใหม่,อมก๋อย,ม่อนจอง,ห้วยปูลิง,เสี่ยงปานกลาง,เสี่ยงปานกลาง,เสี่ยงปานกลาง,เสี่ยงน้อย,เสี่ยงน้อย,2,2,2,1,1,8,0,3,2,🟡 เฝ้าระวังปานกลาง (เสี่ยงกลาง 3+ ด้าน)
2069,เชียงใหม่,อมก๋อย,ม่อนจอง,อมแพม,เสี่ยงปานกลาง,เสี่ยงปานกลาง,เสี่ยงปานกลาง,เสี่ยงน้อย,เสี่ยงน้อย,2,2,2,1,1,8,0,3,2,🟡 เฝ้าระวังปานกลาง (เสี่ยงกลาง 3+ ด้าน)
2070,เชียงใหม่,อมก๋อย,ม่อนจอง,มูเซอร์,เสี่ยงน้อย,เสี่ยงน้อย,เสี่ยงปานกลาง,เสี่ยงน้อย,เสี่ยงน้อย,1,1,2,1,1,6,0,1,4,🟢 เสี่ยงต่ำ/ทั่วไป
2071,เชียงใหม่,อมก๋อย,ม่อนจอง,ห้วยไม้หก,เสี่ยงปานกลาง,เสี่ยงปานกลาง,เสี่ยงปานกลาง,เสี่ยงน้อย,เสี่ยงน้อย,2,2,2,1,1,8,0,3,2,🟡 เฝ้าระวังปานกลาง (เสี่ยงกลาง 3+ ด้าน)
2072,เชียงใหม่,อมก๋อย,ม่อนจอง,ดง,เสี่ยงปานกลาง,เสี่ยงปานกลาง,เสี่ยงปานกลาง,เสี่ยงน้อย,เสี่ยงน้อย,2,2,2,1,1,8,0,3,2,🟡 เฝ้าระวังปานกลาง (เสี่ยงกลาง 3+ ด้าน)
2073,เชียงใหม่,อมก๋อย,ม่อนจอง,สันต้นม่วง,เสี่ยงปานกลาง,เสี่ยงปานกลาง,เสี่ยงสูง,เสี่ยงน้อย,เสี่ยงน้อย,2,2,3,1,1,9,1,2,2,⚠️ เฝ้าระวังสูง (เสี่ยงสูง 1 ด้าน)
2074,เชียงใหม่,อมก๋อย,ม่อนจอง,ห้วยน้ำดั้น,เสี่ยงน้อย,เสี่ยงน้อย,เสี่ยงปานกลาง,เสี่ยงน้อย,เสี่ยงน้อย,1,1,2,1,1,6,0,1,4,🟢 เสี่ยงต่ำ/ทั่วไป
2075,เชียงใหม่,อมก๋อย,แม่ตื่น,หลวง,เสี่ยงน้อย,เสี่ยงปานกลาง,เสี่ยงสูง,เสี่ยงน้อย,เสี่ยงปานกลาง,1,2,3,1,2,9,1,2,2,⚠️ เฝ้าระวังสูง (เสี่ยงสูง 1 ด้าน)
2076,เชียงใหม่,อมก๋อย,แม่ตื่น,ใหม่,เสี่ยงน้อย,เสี่ยงปานกลาง,เสี่ยงสูง,เสี่ยงน้อย,เสี่ยงปานกลาง,1,2,3,1,2,9,1,2,2,⚠️ เฝ้าระวังสูง (เสี่ยงสูง 1 ด้าน)
2077,เชียงใหม่,อมก๋อย,แม่ตื่น,ป่าคา,เสี่ยงน้อย,เสี่ยงปานกลาง,เสี่ยงสูง,เสี่ยงปานกลาง,เสี่ยงปานกลาง,1,2,3,2,2,10,1,3,1,⚠️ เฝ้าระวังสูง (เสี่ยงสูง 1 ด้าน)
2078,เชียงใหม่,อมก๋อย,แม่ตื่น,สันต้นปิน,เสี่ยงน้อย,เสี่ยงปานกลาง,เสี่ยงปานกลาง,เสี่ยงปานกลาง,เสี่ยงปานกลาง,1,2,2,2,2,9,0,4,1,🟡 เฝ้าระวังปานกลาง (เสี่ยงกลาง 3+ ด้าน)
2079,เชียงใหม่,อมก๋อย,แม่ตื่น,ห้วยหล่อดูก,เสี่ยงน้อย,เสี่ยงปานกลาง,เสี่ยงปานกลาง,เสี่ยงปานกลาง,เสี่ยงปานกลาง,1,2,2,2,2,9,0,4,1,🟡 เฝ้าระวังปานกลาง (เสี่ยงกลาง 3+ ด้าน)
2080,เชียงใหม่,อมก๋อย,แม่ตื่น,ขุนแม่ตื่นน้อย,เสี่ยงน้อย,เสี่ยงปานกลาง,เสี่ยงปานกลาง,เสี่ยงน้อย,เสี่ยงปานกลาง,1,2,2,1,2,8,0,3,2,🟡 เฝ้าระวังปานกลาง (เสี่ยงกลาง 3+ ด้าน)
2081,เชียงใหม่,อมก๋อย,แม่ตื่น,แม่เทย,เสี่ยงน้อย,เสี่ยงปานกลาง,เสี่ยงปานกลาง,เสี่ยงน้อย,เสี่ยงปานกลาง,1,2,2,1,2,8,0,3,2,🟡 เฝ้าระวังปานกลาง (เสี่ยงกลาง 3+ ด้าน)
2082,เชียงใหม่,อมก๋อย,แม่ตื่น,ห้วยยาบ,เสี่ยงน้อย,เสี่ยงปานกลาง,เสี่ยงปานกลาง,เสี่ยงน้อย,เสี่ยงปานกลาง,1,2,2,1,2,8,0,3,2,🟡 เฝ้าระวังปานกลาง (เสี่ยงกลาง 3+ ด้าน)
2083,เชียงใหม่,อมก๋อย,แม่ตื่น,แม่ระอาใน,เสี่ยงน้อย,เสี่ยงปานกลาง,เสี่ยงปานกลาง,เสี่ยงปานกลาง,เสี่ยงปานกลาง,1,2,2,2,2,9,0,4,1,🟡 เฝ้าระวังปานกลาง (เสี่ยงกลาง 3+ ด้าน)
2084,เชียงใหม่,อมก๋อย,แม่ตื่น,แม่ระอานอก,เสี่ยงน้อย,เสี่ยงปานกลาง,เสี่ยงปานกลาง,เสี่ยงน้อย,เสี่ยงปานกลาง,1,2,2,1,2,8,0,3,2,🟡 เฝ้าระวังปานกลาง (เสี่ยงกลาง 3+ ด้าน)
2085,เชียงใหม่,อมก๋อย,แม่ตื่น,ทุ่งต้นงิ้ว,เสี่ยงน้อย,เสี่ยงปานกลาง,เสี่ยงปานกลาง,เสี่ยงน้อย,เสี่ยงปานกลาง,1,2,2,1,2,8,0,3,2,🟡 เฝ้าระวังปานกลาง (เสี่ยงกลาง 3+ ด้าน)
2086,เชียงใหม่,อมก๋อย,แม่ตื่น,แม้วแม่เทย,เสี่ยงน้อย,เสี่ยงน้อย,เสี่ยงปานกลาง,เสี่ยงน้อย,เสี่ยงปานกลาง,1,1,2,1,2,7,0,2,3,🟢 เสี่ยงต่ำ/ทั่วไป
2087,เชียงใหม่,อมก๋อย,แม่ตื่น,ปิยอทะ,เสี่ยงน้อย,เสี่ยงปานกลาง,เสี่ยงปานกลาง,เสี่ยงน้อย,เสี่ยงปานกลาง,1,2,2,1,2,8,0,3,2,🟡 เฝ้าระวังปานกลาง (เสี่ยงกลาง 3+ ด้าน)
2088,เชียงใหม่,อมก๋อย,แม่ตื่น,ห้วยไก่ป่า,เสี่ยงน้อย,เสี่ยงปานกลาง,เสี่ยงปานกลาง,เสี่ยงน้อย,เสี่ยงปานกลาง,1,2,2,1,2,8,0,3,2,🟡 เฝ้าระวังปานกลาง (เสี่ยงกลาง 3+ ด้าน)
2089,เชียงใหม่,อมก๋อย,แม่ตื่น,บราโก,เสี่ยงน้อย,เสี่ยงปานกลาง,เสี่ยงสูง,เสี่ยงน้อย,เสี่ยงปานกลาง,1,2,3,1,2,9,1,2,2,⚠️ เฝ้าระวังสูง (เสี่ยงสูง 1 ด้าน)
2090,เชียงใหม่,อมก๋อย,แม่ตื่น,ห้วยดินหม้อ,เสี่ยงน้อย,เสี่ยงปานกลาง,เสี่ยงสูง,เสี่ยงน้อย,เสี่ยงปานกลาง,1,2,3,1,2,9,1,2,2,⚠️ เฝ้าระวังสูง (เสี่ยงสูง 1 ด้าน)
2091,เชียงใหม่,อมก๋อย,ยางเปียง,หลวง,เสี่ยงน้อย,เสี่ยงปานกลาง,เสี่ยงปานกลาง,เสี่ยงน้อย,เสี่ยงน้อย,1,2,2,1,1,7,0,2,3,🟢 เสี่ยงต่ำ/ทั่วไป
2092,เชียงใหม่,อมก๋อย,ยางเปียง,ยางเปียง,เสี่ยงน้อย,เสี่ยงน้อย,เสี่ยงปานกลาง,เสี่ยงน้อย,เสี่ยงน้อย,1,1,2,1,1,6,0,1,4,🟢 เสี่ยงต่ำ/ทั่วไป
2093,เชียงใหม่,อมก๋อย,ยางเปียง,แม่ลาน,เสี่ยงปานกลาง,เสี่ยงปานกลาง,เสี่ยงปานกลาง,เสี่ยงน้อย,เสี่ยงน้อย,2,2,2,1,1,8,0,3,2,🟡 เฝ้าระวังปานกลาง (เสี่ยงกลาง 3+ ด้าน)
2094,เชียงใหม่,อมก๋อย,ยางเปียง,ห้วยปู,เสี่ยงปานกลาง,เสี่ยงปานกลาง,เสี่ยงปานกลาง,เสี่ยงน้อย,เสี่ยงน้อย,2,2,2,1,1,8,0,3,2,🟡 เฝ้าระวังปานกลาง (เสี่ยงกลาง 3+ ด้าน)
2095,เชียงใหม่,อมก๋อย,ยางเปียง,ห้วยโค้ง,เสี่ยงสูง,เสี่ยงปานกลาง,เสี่ยงปานกลาง,เสี่ยงน้อย,เสี่ยงน้อย,3,2,2,1,1,9,1,2,2,⚠️ เฝ้าระวังสูง (เสี่ยงสูง 1 ด้าน)
2096,เชียงใหม่,อมก๋อย,ยางเปียง,ห้วยตอง,เสี่ยงปานกลาง,เสี่ยงปานกลาง,เสี่ยงปานกลาง,เสี่ยงน้อย,เสี่ยงน้อย,2,2,2,1,1,8,0,3,2,🟡 เฝ้าระวังปานกลาง (เสี่ยงกลาง 3+ ด้าน)
2097,เชียงใหม่,อมก๋อย,ยางเปียง,ยางครก,เสี่ยงน้อย,เสี่ยงปานกลาง,เสี่ยงปานกลาง,เสี่ยงน้อย,เสี่ยงน้อย,1,2,2,1,1,7,0,2,3,🟢 เสี่ยงต่ำ/ทั่วไป
2098,เชียงใหม่,อมก๋อย,ยางเปียง,โป่ง,เสี่ยงสูง,เสี่ยงปานกลาง,เสี่ยงสูง,เสี่ยงน้อย,เสี่ยงน้อย,3,2,3,1,1,10,2,1,2,🚨 วิกฤติเร่งด่วน (เสี่ยงสูง 2+ ด้าน)
2099,เชียงใหม่,อมก๋อย,ยางเปียง,นาไคร้,เสี่ยงน้อย,เสี่ยงปานกลาง,เสี่ยงปานกลาง,เสี่ยงน้อย,เสี่ยงน้อย,1,2,2,1,1,7,0,2,3,🟢 เสี่ยงต่ำ/ทั่วไป
2100,เชียงใหม่,อมก๋อย,ยางเปียง,สบลาน,เสี่ยงน้อย,เสี่ยงปานกลาง,เสี่ยงปานกลาง,เสี่ยงปานกลาง,เสี่ยงน้อย,1,2,2,2,1,8,0,3,2,🟡 เฝ้าระวังปานกลาง (เสี่ยงกลาง 3+ ด้าน)
2101,เชียงใหม่,อมก๋อย,ยางเปียง,ปิตุคี,เสี่ยงน้อย,เสี่ยงปานกลาง,เสี่ยงปานกลาง,เสี่ยงน้อย,เสี่ยงน้อย,1,2,2,1,1,7,0,2,3,🟢 เสี่ยงต่ำ/ทั่วไป
2102,เชียงใหม่,อมก๋อย,ยางเปียง,แม้วกองซาง,เสี่ยงน้อย,เสี่ยงปานกลาง,เสี่ยงปานกลาง,เสี่ยงน้อย,เสี่ยงน้อย,1,2,2,1,1,7,0,2,3,🟢 เสี่ยงต่ำ/ทั่วไป
2103,เชียงใหม่,อมก๋อย,ยางเปียง,ดอย,เสี่ยงปานกลาง,เสี่ยงปานกลาง,เสี่ยงสูง,เสี่ยงน้อย,เสี่ยงน้อย,2,2,3,1,1,9,1,2,2,⚠️ เฝ้าระวังสูง (เสี่ยงสูง 1 ด้าน)
2104,เชียงใหม่,อมก๋อย,ยางเปียง,แม่แฮหลวง,เสี่ยงน้อย,เสี่ยงปานกลาง,เสี่ยงปานกลาง,เสี่ยงน้อย,เสี่ยงน้อย,1,2,2,1,1,7,0,2,3,🟢 เสี่ยงต่ำ/ทั่วไป
2105,เชียงใหม่,อมก๋อย,ยางเปียง,ขุนหาด,เสี่ยงน้อย,เสี่ยงปานกลาง,เสี่ยงปานกลาง,เสี่ยงน้อย,เสี่ยงน้อย,1,2,2,1,1,7,0,2,3,🟢 เสี่ยงต่ำ/ทั่วไป
2106,เชียงใหม่,อมก๋อย,ยางเปียง,ยางเปียงใต้,เสี่ยงน้อย,เสี่ยงปานกลาง,เสี่ยงปานกลาง,เสี่ยงน้อย,เสี่ยงน้อย,1,2,2,1,1,7,0,2,3,🟢 เสี่ยงต่ำ/ทั่วไป
2107,เชียงใหม่,อมก๋อย,ยางเปียง,หลังป่าข่า,เสี่ยงปานกลาง,เสี่ยงปานกลาง,เสี่ยงปานกลาง,เสี่ยงปานกลาง,เสี่ยงน้อย,2,2,2,2,1,9,0,4,1,🟡 เฝ้าระวังปานกลาง (เสี่ยงกลาง 3+ ด้าน)
2108,เชียงใหม่,อมก๋อย,สบโขง,ทอโกร,เสี่ยงน้อย,เสี่ยงน้อย,เสี่ยงปานกลาง,เสี่ยงน้อย,เสี่ยงสูง,1,1,2,1,3,8,1,1,3,⚠️ เฝ้าระวังสูง (เสี่ยงสูง 1 ด้าน)
2109,เชียงใหม่,อมก๋อย,สบโขง,แม่หลองน้อย,เสี่ยงน้อย,เสี่ยงน้อย,เสี่ยงปานกลาง,เสี่ยงน้อย,เสี่ยงสูง,1,1,2,1,3,8,1,1,3,⚠️ เฝ้าระวังสูง (เสี่ยงสูง 1 ด้าน)
2110,เชียงใหม่,อมก๋อย,สบโขง,แม่หลองหลวง,เสี่ยงน้อย,เสี่ยงน้อย,เสี่ยงปานกลาง,เสี่ยงน้อย,เสี่ยงสูง,1,1,2,1,3,8,1,1,3,⚠️ เฝ้าระวังสูง (เสี่ยงสูง 1 ด้าน)
2111,เชียงใหม่,อมก๋อย,สบโขง,ขุนตื่น,เสี่ยงน้อย,เสี่ยงน้อย,เสี่ยงปานกลาง,เสี่ยงน้อย,เสี่ยงสูง,1,1,2,1,3,8,1,1,3,⚠️ เฝ้าระวังสูง (เสี่ยงสูง 1 ด้าน)
2112,เชียงใหม่,อมก๋อย,สบโขง,สบอมแฮด,เสี่ยงน้อย,เสี่ยงน้อย,เสี่ยงปานกลาง,เสี่ยงน้อย,เสี่ยงสูง,1,1,2,1,3,8,1,1,3,⚠️ เฝ้าระวังสูง (เสี่ยงสูง 1 ด้าน)
2113,เชียงใหม่,อมก๋อย,สบโขง,อูแจะ,เสี่ยงน้อย,เสี่ยงน้อย,เสี่ยงปานกลาง,เสี่ยงน้อย,เสี่ยงสูง,1,1,2,1,3,8,1,1,3,⚠️ เฝ้าระวังสูง (เสี่ยงสูง 1 ด้าน)
2114,เชียงใหม่,อมก๋อย,สบโขง,ห้วยยาว,เสี่ยงน้อย,เสี่ยงน้อย,เสี่ยงปานกลาง,เสี่ยงน้อย,เสี่ยงสูง,1,1,2,1,3,8,1,1,3,⚠️ เฝ้าระวังสูง (เสี่ยงสูง 1 ด้าน)
2115,เชียงใหม่,อมก๋อย,สบโขง,ตะกอคะ,เสี่ยงน้อย,เสี่ยงน้อย,เสี่ยงปานกลาง,เสี่ยงน้อย,เสี่ยงสูง,1,1,2,1,3,8,1,1,3,⚠️ เฝ้าระวังสูง (เสี่ยงสูง 1 ด้าน)
2116,เชียงใหม่,อมก๋อย,สบโขง,แม่เงา,เสี่ยงน้อย,เสี่ยงน้อย,เสี่ยงสูง,เสี่ยงน้อย,เสี่ยงสูง,1,1,3,1,3,9,2,0,3,🚨 วิกฤติเร่งด่วน (เสี่ยงสูง 2+ ด้าน)
2117,เชียงใหม่,อมก๋อย,สบโขง,โอโลคี,เสี่ยงน้อย,เสี่ยงน้อย,เสี่ยงปานกลาง,เสี่ยงน้อย,เสี่ยงสูง,1,1,2,1,3,8,1,1,3,⚠️ เฝ้าระวังสูง (เสี่ยงสูง 1 ด้าน)
2118,เชียงใหม่,อมก๋อย,สบโขง,พะเบี้ยว,เสี่ยงน้อย,เสี่ยงน้อย,เสี่ยงสูง,เสี่ยงน้อย,เสี่ยงสูง,1,1,3,1,3,9,2,0,3,🚨 วิกฤติเร่งด่วน (เสี่ยงสูง 2+ ด้าน)
2119,เชียงใหม่,อมก๋อย,สบโขง,ห้วยผึ้ง,เสี่ยงน้อย,เสี่ยงน้อย,เสี่ยงปานกลาง,เสี่ยงน้อย,เสี่ยงสูง,1,1,2,1,3,8,1,1,3,⚠️ เฝ้าระวังสูง (เสี่ยงสูง 1 ด้าน)
2120,เชียงใหม่,อมก๋อย,อมก๋อย,หลิม,เสี่ยงน้อย,เสี่ยงสูง,เสี่ยงปานกลาง,เสี่ยงน้อย,เสี่ยงน้อย,1,3,2,1,1,8,1,1,3,⚠️ เฝ้าระวังสูง (เสี่ยงสูง 1 ด้าน)
2121,เชียงใหม่,อมก๋อย,อมก๋อย,ยางเปาใต้,เสี่ยงปานกลาง,เสี่ยงสูง,เสี่ยงปานกลาง,เสี่ยงน้อย,เสี่ยงน้อย,2,3,2,1,1,9,1,2,2,⚠️ เฝ้าระวังสูง (เสี่ยงสูง 1 ด้าน)
2122,เชียงใหม่,อมก๋อย,อมก๋อย,ทุ่งจำเริง,เสี่ยงน้อย,เสี่ยงสูง,เสี่ยงปานกลาง,เสี่ยงน้อย,เสี่ยงน้อย,1,3,2,1,1,8,1,1,3,⚠️ เฝ้าระวังสูง (เสี่ยงสูง 1 ด้าน)
2123,เชียงใหม่,อมก๋อย,อมก๋อย,ตุงลอย,เสี่ยงปานกลาง,เสี่ยงสูง,เสี่ยงปานกลาง,เสี่ยงน้อย,เสี่ยงน้อย,2,3,2,1,1,9,1,2,2,⚠️ เฝ้าระวังสูง (เสี่ยงสูง 1 ด้าน)
2124,เชียงใหม่,อมก๋อย,อมก๋อย,แม่ต๋อม,เสี่ยงน้อย,เสี่ยงสูง,เสี่ยงปานกลาง,เสี่ยงน้อย,เสี่ยงน้อย,1,3,2,1,1,8,1,1,3,⚠️ เฝ้าระวังสูง (เสี่ยงสูง 1 ด้าน)
2125,เชียงใหม่,อมก๋อย,อมก๋อย,แม่อ่างขาง,เสี่ยงปานกลาง,เสี่ยงสูง,เสี่ยงปานกลาง,เสี่ยงน้อย,เสี่ยงน้อย,2,3,2,1,1,9,1,2,2,⚠️ เฝ้าระวังสูง (เสี่ยงสูง 1 ด้าน)
2126,เชียงใหม่,อมก๋อย,อมก๋อย,ผาปูน,เสี่ยงปานกลาง,เสี่ยงสูง,เสี่ยงปานกลาง,เสี่ยงน้อย,เสี่ยงน้อย,2,3,2,1,1,9,1,2,2,⚠️ เฝ้าระวังสูง (เสี่ยงสูง 1 ด้าน)
2127,เชียงใหม่,อมก๋อย,อมก๋อย,ยองกือ,เสี่ยงปานกลาง,เสี่ยงสูง,เสี่ยงปานกลาง,เสี่ยงน้อย,เสี่ยงน้อย,2,3,2,1,1,9,1,2,2,⚠️ เฝ้าระวังสูง (เสี่ยงสูง 1 ด้าน)
2128,เชียงใหม่,อมก๋อย,อมก๋อย,ดง,เสี่ยงปานกลาง,เสี่ยงปานกลาง,เสี่ยงปานกลาง,เสี่ยงปานกลาง,เสี่ยงน้อย,2,2,2,2,1,9,0,4,1,🟡 เฝ้าระวังปานกลาง (เสี่ยงกลาง 3+ ด้าน)
2129,เชียงใหม่,อมก๋อย,อมก๋อย,ยางแก้ว,เสี่ยงปานกลาง,เสี่ยงสูง,เสี่ยงปานกลาง,เสี่ยงปานกลาง,เสี่ยงน้อย,2,3,2,2,1,10,1,3,1,⚠️ เฝ้าระวังสูง (เสี่ยงสูง 1 ด้าน)
2130,เชียงใหม่,อมก๋อย,อมก๋อย,ตุงติง,เสี่ยงปานกลาง,เสี่ยงสูง,เสี่ยงปานกลาง,เสี่ยงปานกลาง,เสี่ยงน้อย,2,3,2,2,1,10,1,3,1,⚠️ เฝ้าระวังสูง (เสี่ยงสูง 1 ด้าน)
2131,เชียงใหม่,อมก๋อย,อมก๋อย,กะเบอะดิน,เสี่ยงปานกลาง,เสี่ยงสูง,เสี่ยงปานกลาง,เสี่ยงน้อย,เสี่ยงน้อย,2,3,2,1,1,9,1,2,2,⚠️ เฝ้าระวังสูง (เสี่ยงสูง 1 ด้าน)
2132,เชียงใหม่,อมก๋อย,อมก๋อย,แม่ต๋อมบน,เสี่ยงสูง,เสี่ยงสูง,เสี่ยงปานกลาง,เสี่ยงน้อย,เสี่ยงน้อย,3,3,2,1,1,10,2,1,2,🚨 วิกฤติเร่งด่วน (เสี่ยงสูง 2+ ด้าน)
2133,เชียงใหม่,อมก๋อย,อมก๋อย,ยางเปาเหนือ,เสี่ยงสูง,เสี่ยงปานกลาง,เสี่ยงปานกลาง,เสี่ยงน้อย,เสี่ยงน้อย,3,2,2,1,1,9,1,2,2,⚠️ เฝ้าระวังสูง (เสี่ยงสูง 1 ด้าน)
2134,เชียงใหม่,อมก๋อย,อมก๋อย,ยองแหละ,เสี่ยงสูง,เสี่ยงปานกลาง,เสี่ยงปานกลาง,เสี่ยงน้อย,เสี่ยงน้อย,3,2,2,1,1,9,1,2,2,⚠️ เฝ้าระวังสูง (เสี่ยงสูง 1 ด้าน)
2135,เชียงใหม่,อมก๋อย,อมก๋อย,ผาปูนดง,เสี่ยงสูง,เสี่ยงสูง,เสี่ยงปานกลาง,เสี่ยงน้อย,เสี่ยงน้อย,3,3,2,1,1,10,2,1,2,🚨 วิกฤติเร่งด่วน (เสี่ยงสูง 2+ ด้าน)
2136,เชียงใหม่,อมก๋อย,อมก๋อย,แม่ระมีดหลวง,เสี่ยงปานกลาง,เสี่ยงปานกลาง,เสี่ยงปานกลาง,เสี่ยงน้อย,เสี่ยงน้อย,2,2,2,1,1,8,0,3,2,🟡 เฝ้าระวังปานกลาง (เสี่ยงกลาง 3+ ด้าน)
2137,เชียงใหม่,อมก๋อย,อมก๋อย,สบอมแฮด,เสี่ยงปานกลาง,เสี่ยงปานกลาง,เสี่ยงน้อย,เสี่ยงปานกลาง,เสี่ยงน้อย,2,2,1,2,1,8,0,3,2,🟡 เฝ้าระวังปานกลาง (เสี่ยงกลาง 3+ ด้าน)
2138,เชียงใหม่,อมก๋อย,อมก๋อย,มะหินหลวง,เสี่ยงสูง,เสี่ยงสูง,เสี่ยงน้อย,เสี่ยงน้อย,เสี่ยงน้อย,3,3,1,1,1,9,2,0,3,🚨 วิกฤติเร่งด่วน (เสี่ยงสูง 2+ ด้าน)
2139,เชียงใหม่,อมก๋อย,อมก๋อย,ขุน,เสี่ยงปานกลาง,เสี่ยงสูง,เสี่ยงปานกลาง,เสี่ยงน้อย,เสี่ยงน้อย,2,3,2,1,1,9,1,2,2,⚠️ เฝ้าระวังสูง (เสี่ยงสูง 1 ด้าน)
2140,เชียงใหม่,ฮอด,นาคอเรือ,หลังท่อ,เสี่ยงปานกลาง,เสี่ยงปานกลาง,เสี่ยงปานกลาง,เสี่ยงน้อย,เสี่ยงปานกลาง,2,2,2,1,2,9,0,4,1,🟡 เฝ้าระวังปานกลาง (เสี่ยงกลาง 3+ ด้าน)
2141,เชียงใหม่,ฮอด,นาคอเรือ,นาคอเรือ,เสี่ยงน้อย,เสี่ยงน้อย,เสี่ยงปานกลาง,เสี่ยงน้อย,เสี่ยงปานกลาง,1,1,2,1,2,7,0,2,3,🟢 เสี่ยงต่ำ/ทั่วไป
2142,เชียงใหม่,ฮอด,นาคอเรือ,ห้วยหินดำ,เสี่ยงปานกลาง,เสี่ยงปานกลาง,เสี่ยงปานกลาง,เสี่ยงน้อย,เสี่ยงปานกลาง,2,2,2,1,2,9,0,4,1,🟡 เฝ้าระวังปานกลาง (เสี่ยงกลาง 3+ ด้าน)
2143,เชียงใหม่,ฮอด,นาคอเรือ,ห้วยฝาง,เสี่ยงปานกลาง,เสี่ยงปานกลาง,เสี่ยงปานกลาง,เสี่ยงน้อย,เสี่ยงปานกลาง,2,2,2,1,2,9,0,4,1,🟡 เฝ้าระวังปานกลาง (เสี่ยงกลาง 3+ ด้าน)
2144,เชียงใหม่,ฮอด,นาคอเรือ,แม่ป่าไผ่,เสี่ยงปานกลาง,เสี่ยงปานกลาง,เสี่ยงปานกลาง,เสี่ยงน้อย,เสี่ยงปานกลาง,2,2,2,1,2,9,0,4,1,🟡 เฝ้าระวังปานกลาง (เสี่ยงกลาง 3+ ด้าน)
2145,เชียงใหม่,ฮอด,นาคอเรือ,แม่งูด,เสี่ยงปานกลาง,เสี่ยงปานกลาง,เสี่ยงปานกลาง,เสี่ยงน้อย,เสี่ยงปานกลาง,2,2,2,1,2,9,0,4,1,🟡 เฝ้าระวังปานกลาง (เสี่ยงกลาง 3+ ด้าน)
2146,เชียงใหม่,ฮอด,นาคอเรือ,เด่น,เสี่ยงปานกลาง,เสี่ยงปานกลาง,เสี่ยงปานกลาง,เสี่ยงน้อย,เสี่ยงปานกลาง,2,2,2,1,2,9,0,4,1,🟡 เฝ้าระวังปานกลาง (เสี่ยงกลาง 3+ ด้าน)
2147,เชียงใหม่,ฮอด,นาคอเรือ,ตีนตก,เสี่ยงปานกลาง,เสี่ยงปานกลาง,เสี่ยงปานกลาง,เสี่ยงน้อย,เสี่ยงปานกลาง,2,2,2,1,2,9,0,4,1,🟡 เฝ้าระวังปานกลาง (เสี่ยงกลาง 3+ ด้าน)
2148,เชียงใหม่,ฮอด,นาคอเรือ,แม่ลายดวงจันทร์,เสี่ยงปานกลาง,เสี่ยงปานกลาง,เสี่ยงปานกลาง,เสี่ยงน้อย,เสี่ยงปานกลาง,2,2,2,1,2,9,0,4,1,🟡 เฝ้าระวังปานกลาง (เสี่ยงกลาง 3+ ด้าน)
2149,เชียงใหม่,ฮอด,นาคอเรือ,ใหม่ยูงทอง,เสี่ยงสูง,เสี่ยงปานกลาง,เสี่ยงปานกลาง,เสี่ยงน้อย,เสี่ยงปานกลาง,3,2,2,1,2,10,1,3,1,⚠️ เฝ้าระวังสูง (เสี่ยงสูง 1 ด้าน)
2150,เชียงใหม่,ฮอด,บ่อสลี,แม่โถ,เสี่ยงน้อย,เสี่ยงน้อย,เสี่ยงน้อย,เสี่ยงน้อย,เสี่ยงน้อย,1,1,1,1,1,5,0,0,5,🟢 เสี่ยงต่ำ/ทั่วไป
2151,เชียงใหม่,ฮอด,บ่อสลี,อมลอง,เสี่ยงน้อย,เสี่ยงปานกลาง,เสี่ยงปานกลาง,เสี่ยงน้อย,เสี่ยงน้อย,1,2,2,1,1,7,0,2,3,🟢 เสี่ยงต่ำ/ทั่วไป
2152,เชียงใหม่,ฮอด,บ่อสลี,แม่แวน,เสี่ยงปานกลาง,เสี่ยงปานกลาง,เสี่ยงน้อย,เสี่ยงน้อย,เสี่ยงน้อย,2,2,1,1,1,7,0,2,3,🟢 เสี่ยงต่ำ/ทั่วไป
2153,เชียงใหม่,ฮอด,บ่อสลี,กองลอย,เสี่ยงน้อย,เสี่ยงปานกลาง,เสี่ยงปานกลาง,เสี่ยงน้อย,เสี่ยงน้อย,1,2,2,1,1,7,0,2,3,🟢 เสี่ยงต่ำ/ทั่วไป
2154,เชียงใหม่,ฮอด,บ่อสลี,ทุ่ง,เสี่ยงปานกลาง,เสี่ยงปานกลาง,เสี่ยงปานกลาง,เสี่ยงน้อย,เสี่ยงน้อย,2,2,2,1,1,8,0,3,2,🟡 เฝ้าระวังปานกลาง (เสี่ยงกลาง 3+ ด้าน)
2155,เชียงใหม่,ฮอด,บ่อสลี,บ่อสลี,เสี่ยงน้อย,เสี่ยงน้อย,เสี่ยงปานกลาง,เสี่ยงน้อย,เสี่ยงน้อย,1,1,2,1,1,6,0,1,4,🟢 เสี่ยงต่ำ/ทั่วไป
2156,เชียงใหม่,ฮอด,บ่อสลี,กองปะ,เสี่ยงน้อย,เสี่ยงน้อย,เสี่ยงปานกลาง,เสี่ยงน้อย,เสี่ยงน้อย,1,1,2,1,1,6,0,1,4,🟢 เสี่ยงต่ำ/ทั่วไป
2157,เชียงใหม่,ฮอด,บ่อสลี,ใหม่ทุ่งสน,เสี่ยงน้อย,เสี่ยงปานกลาง,เสี่ยงน้อย,เสี่ยงน้อย,เสี่ยงน้อย,1,2,1,1,1,6,0,1,4,🟢 เสี่ยงต่ำ/ทั่วไป
2158,เชียงใหม่,ฮอด,บ่อสลี,แม่โถหลวง,เสี่ยงน้อย,เสี่ยงปานกลาง,เสี่ยงน้อย,เสี่ยงน้อย,เสี่ยงน้อย,1,2,1,1,1,6,0,1,4,🟢 เสี่ยงต่ำ/ทั่วไป
2159,เชียงใหม่,ฮอด,บ่อสลี,ดอกแดง,เสี่ยงน้อย,เสี่ยงปานกลาง,เสี่ยงน้อย,เสี่ยงน้อย,เสี่ยงน้อย,1,2,1,1,1,6,0,1,4,🟢 เสี่ยงต่ำ/ทั่วไป
2160,เชียงใหม่,ฮอด,บ่อหลวง,บ่อหลวง,เสี่ยงน้อย,เสี่ยงน้อย,เสี่ยงน้อย,เสี่ยงน้อย,เสี่ยงปานกลาง,1,1,1,1,2,6,0,1,4,🟢 เสี่ยงต่ำ/ทั่วไป
2161,เชียงใหม่,ฮอด,บ่อหลวง,วังกอง,เสี่ยงน้อย,เสี่ยงน้อย,เสี่ยงน้อย,เสี่ยงน้อย,เสี่ยงปานกลาง,1,1,1,1,2,6,0,1,4,🟢 เสี่ยงต่ำ/ทั่วไป
2162,เชียงใหม่,ฮอด,บ่อหลวง,ขุน,เสี่ยงน้อย,เสี่ยงปานกลาง,เสี่ยงน้อย,เสี่ยงน้อย,เสี่ยงปานกลาง,1,2,1,1,2,7,0,2,3,🟢 เสี่ยงต่ำ/ทั่วไป
2163,เชียงใหม่,ฮอด,บ่อหลวง,นาฟ่อน,เสี่ยงน้อย,เสี่ยงน้อย,เสี่ยงน้อย,เสี่ยงน้อย,เสี่ยงปานกลาง,1,1,1,1,2,6,0,1,4,🟢 เสี่ยงต่ำ/ทั่วไป
2164,เชียงใหม่,ฮอด,บ่อหลวง,แม่ลายเหนือ,เสี่ยงน้อย,เสี่ยงน้อย,เสี่ยงน้อย,เสี่ยงน้อย,เสี่ยงปานกลาง,1,1,1,1,2,6,0,1,4,🟢 เสี่ยงต่ำ/ทั่วไป
2165,เชียงใหม่,ฮอด,บ่อหลวง,แม่ลายใต้,เสี่ยงน้อย,เสี่ยงปานกลาง,เสี่ยงน้อย,เสี่ยงน้อย,เสี่ยงปานกลาง,1,2,1,1,2,7,0,2,3,🟢 เสี่ยงต่ำ/ทั่วไป
2166,เชียงใหม่,ฮอด,บ่อหลวง,พุย,เสี่ยงน้อย,เสี่ยงน้อย,เสี่ยงน้อย,เสี่ยงน้อย,เสี่ยงปานกลาง,1,1,1,1,2,6,0,1,4,🟢 เสี่ยงต่ำ/ทั่วไป
2167,เชียงใหม่,ฮอด,บ่อหลวง,กิ่วลม,เสี่ยงน้อย,เสี่ยงน้อย,เสี่ยงน้อย,เสี่ยงน้อย,เสี่ยงปานกลาง,1,1,1,1,2,6,0,1,4,🟢 เสี่ยงต่ำ/ทั่วไป
2168,เชียงใหม่,ฮอด,บ่อหลวง,แม่สะนาม,เสี่ยงน้อย,เสี่ยงน้อย,เสี่ยงน้อย,เสี่ยงน้อย,เสี่ยงปานกลาง,1,1,1,1,2,6,0,1,4,🟢 เสี่ยงต่ำ/ทั่วไป
2169,เชียงใหม่,ฮอด,บ่อหลวง,เตียนอาง,เสี่ยงน้อย,เสี่ยงน้อย,เสี่ยงน้อย,เสี่ยงน้อย,เสี่ยงปานกลาง,1,1,1,1,2,6,0,1,4,🟢 เสี่ยงต่ำ/ทั่วไป
2170,เชียงใหม่,ฮอด,บ่อหลวง,บ่อสะแง๋,เสี่ยงน้อย,เสี่ยงน้อย,เสี่ยงน้อย,เสี่ยงน้อย,เสี่ยงปานกลาง,1,1,1,1,2,6,0,1,4,🟢 เสี่ยงต่ำ/ทั่วไป
2171,เชียงใหม่,ฮอด,บ่อหลวง,บ่อพะแวน,เสี่ยงน้อย,เสี่ยงน้อย,เสี่ยงน้อย,เสี่ยงน้อย,เสี่ยงปานกลาง,1,1,1,1,2,6,0,1,4,🟢 เสี่ยงต่ำ/ทั่วไป
2172,เชียงใหม่,ฮอด,บ่อหลวง,แม่หืด,เสี่ยงปานกลาง,เสี่ยงน้อย,เสี่ยงน้อย,เสี่ยงน้อย,เสี่ยงปานกลาง,2,1,1,1,2,7,0,2,3,🟢 เสี่ยงต่ำ/ทั่วไป
2173,เชียงใหม่,ฮอด,บ้านตาล,ตาลเหนือ,เสี่ยงน้อย,เสี่ยงน้อย,เสี่ยงน้อย,เสี่ยงน้อย,เสี่ยงปานกลาง,1,1,1,1,2,6,0,1,4,🟢 เสี่ยงต่ำ/ทั่วไป
2174,เชียงใหม่,ฮอด,บ้านตาล,ป่าขาม,เสี่ยงน้อย,เสี่ยงน้อย,เสี่ยงปานกลาง,เสี่ยงน้อย,เสี่ยงปานกลาง,1,1,2,1,2,7,0,2,3,🟢 เสี่ยงต่ำ/ทั่วไป
2175,เชียงใหม่,ฮอด,บ้านตาล,ตาลใต้,เสี่ยงน้อย,เสี่ยงน้อย,เสี่ยงปานกลาง,เสี่ยงน้อย,เสี่ยงปานกลาง,1,1,2,1,2,7,0,2,3,🟢 เสี่ยงต่ำ/ทั่วไป
2176,เชียงใหม่,ฮอด,บ้านตาล,ทุ่งโป่ง,เสี่ยงน้อย,เสี่ยงน้อย,เสี่ยงปานกลาง,เสี่ยงน้อย,เสี่ยงปานกลาง,1,1,2,1,2,7,0,2,3,🟢 เสี่ยงต่ำ/ทั่วไป
2177,เชียงใหม่,ฮอด,บ้านตาล,ตาลกลาง,เสี่ยงน้อย,เสี่ยงน้อย,เสี่ยงปานกลาง,เสี่ยงน้อย,เสี่ยงปานกลาง,1,1,2,1,2,7,0,2,3,🟢 เสี่ยงต่ำ/ทั่วไป
2178,เชียงใหม่,ฮอด,บ้านตาล,เด่นสารภี,เสี่ยงน้อย,เสี่ยงน้อย,เสี่ยงปานกลาง,เสี่ยงน้อย,เสี่ยงปานกลาง,1,1,2,1,2,7,0,2,3,🟢 เสี่ยงต่ำ/ทั่วไป
2179,เชียงใหม่,ฮอด,บ้านตาล,แม่ยุย,เสี่ยงน้อย,เสี่ยงน้อย,เสี่ยงปานกลาง,เสี่ยงน้อย,เสี่ยงปานกลาง,1,1,2,1,2,7,0,2,3,🟢 เสี่ยงต่ำ/ทั่วไป
2180,เชียงใหม่,ฮอด,บ้านตาล,ท่าหนองหลวง,เสี่ยงน้อย,เสี่ยงน้อย,เสี่ยงน้อย,เสี่ยงน้อย,เสี่ยงปานกลาง,1,1,1,1,2,6,0,1,4,🟢 เสี่ยงต่ำ/ทั่วไป
2181,เชียงใหม่,ฮอด,บ้านตาล,ช่างเคิ่ง,เสี่ยงน้อย,เสี่ยงน้อย,เสี่ยงน้อย,เสี่ยงน้อย,เสี่ยงปานกลาง,1,1,1,1,2,6,0,1,4,🟢 เสี่ยงต่ำ/ทั่วไป
2182,เชียงใหม่,ฮอด,บ้านตาล,ใหม่พัฒนา,เสี่ยงน้อย,เสี่ยงน้อย,เสี่ยงปานกลาง,เสี่ยงน้อย,เสี่ยงปานกลาง,1,1,2,1,2,7,0,2,3,🟢 เสี่ยงต่ำ/ทั่วไป
2183,เชียงใหม่,ฮอด,หางดง,แม่ลอง,เสี่ยงปานกลาง,เสี่ยงปานกลาง,เสี่ยงน้อย,เสี่ยงน้อย,เสี่ยงน้อย,2,2,1,1,1,7,0,2,3,🟢 เสี่ยงต่ำ/ทั่วไป
2184,เชียงใหม่,ฮอด,หางดง,ท่าข้าม,เสี่ยงน้อย,เสี่ยงน้อย,เสี่ยงปานกลาง,เสี่ยงน้อย,เสี่ยงน้อย,1,1,2,1,1,6,0,1,4,🟢 เสี่ยงต่ำ/ทั่วไป
2185,เชียงใหม่,ฮอด,หางดง,หางดง,เสี่ยงน้อย,เสี่ยงปานกลาง,เสี่ยงปานกลาง,เสี่ยงน้อย,เสี่ยงน้อย,1,2,2,1,1,7,0,2,3,🟢 เสี่ยงต่ำ/ทั่วไป
2186,เชียงใหม่,ฮอด,หางดง,ผาแตน,เสี่ยงปานกลาง,เสี่ยงปานกลาง,เสี่ยงปานกลาง,เสี่ยงปานกลาง,เสี่ยงน้อย,2,2,2,2,1,9,0,4,1,🟡 เฝ้าระวังปานกลาง (เสี่ยงกลาง 3+ ด้าน)
2187,เชียงใหม่,ฮอด,หางดง,แม่ทัง,เสี่ยงปานกลาง,เสี่ยงปานกลาง,เสี่ยงน้อย,เสี่ยงน้อย,เสี่ยงน้อย,2,2,1,1,1,7,0,2,3,🟢 เสี่ยงต่ำ/ทั่วไป
2188,เชียงใหม่,ฮอด,หางดง,กองหิน,เสี่ยงน้อย,เสี่ยงน้อย,เสี่ยงน้อย,เสี่ยงน้อย,เสี่ยงน้อย,1,1,1,1,1,5,0,0,5,🟢 เสี่ยงต่ำ/ทั่วไป
2189,เชียงใหม่,ฮอด,หางดง,โค้งงาม,เสี่ยงปานกลาง,เสี่ยงปานกลาง,เสี่ยงปานกลาง,เสี่ยงน้อย,เสี่ยงน้อย,2,2,2,1,1,8,0,3,2,🟡 เฝ้าระวังปานกลาง (เสี่ยงกลาง 3+ ด้าน)
2190,เชียงใหม่,ฮอด,หางดง,ดอยคำ,เสี่ยงปานกลาง,เสี่ยงปานกลาง,เสี่ยงน้อย,เสี่ยงปานกลาง,เสี่ยงน้อย,2,2,1,2,1,8,0,3,2,🟡 เฝ้าระวังปานกลาง (เสี่ยงกลาง 3+ ด้าน)
2191,เชียงใหม่,ฮอด,หางดง,ห้วยส้มป่อย,เสี่ยงน้อย,เสี่ยงน้อย,เสี่ยงน้อย,เสี่ยงน้อย,เสี่ยงน้อย,1,1,1,1,1,5,0,0,5,🟢 เสี่ยงต่ำ/ทั่วไป
2192,เชียงใหม่,ฮอด,หางดง,วังลุงใหม่,เสี่ยงน้อย,เสี่ยงน้อย,เสี่ยงน้อย,เสี่ยงน้อย,เสี่ยงน้อย,1,1,1,1,1,5,0,0,5,🟢 เสี่ยงต่ำ/ทั่วไป
2193,เชียงใหม่,ฮอด,หางดง,ท่าหิน,เสี่ยงน้อย,เสี่ยงปานกลาง,เสี่ยงน้อย,เสี่ยงปานกลาง,เสี่ยงน้อย,1,2,1,2,1,7,0,2,3,🟢 เสี่ยงต่ำ/ทั่วไป
2194,เชียงใหม่,ฮอด,หางดง,โป่ง,เสี่ยงน้อย,เสี่ยงน้อย,เสี่ยงน้อย,เสี่ยงน้อย,เสี่ยงน้อย,1,1,1,1,1,5,0,0,5,🟢 เสี่ยงต่ำ/ทั่วไป
2195,เชียงใหม่,ฮอด,หางดง,หลังกาด,เสี่ยงน้อย,เสี่ยงน้อย,เสี่ยงปานกลาง,เสี่ยงน้อย,เสี่ยงน้อย,1,1,2,1,1,6,0,1,4,🟢 เสี่ยงต่ำ/ทั่วไป
2196,เชียงใหม่,ฮอด,ฮอด,แควมะกอก,เสี่ยงน้อย,เสี่ยงน้อย,เสี่ยงปานกลาง,เสี่ยงปานกลาง,เสี่ยงปานกลาง,1,1,2,2,2,8,0,3,2,🟡 เฝ้าระวังปานกลาง (เสี่ยงกลาง 3+ ด้าน)
2197,เชียงใหม่,ฮอด,ฮอด,แพะดินแดง,เสี่ยงน้อย,เสี่ยงน้อย,เสี่ยงปานกลาง,เสี่ยงปานกลาง,เสี่ยงปานกลาง,1,1,2,2,2,8,0,3,2,🟡 เฝ้าระวังปานกลาง (เสี่ยงกลาง 3+ ด้าน)
2198,เชียงใหม่,ฮอด,ฮอด,วังลุง,เสี่ยงน้อย,เสี่ยงน้อย,เสี่ยงปานกลาง,เสี่ยงน้อย,เสี่ยงปานกลาง,1,1,2,1,2,7,0,2,3,🟢 เสี่ยงต่ำ/ทั่วไป
2199,เชียงใหม่,ฮอด,ฮอด,ห้วยทราย,เสี่ยงปานกลาง,เสี่ยงน้อย,เสี่ยงน้อย,เสี่ยงปานกลาง,เสี่ยงปานกลาง,2,1,1,2,2,8,0,3,2,🟡 เฝ้าระวังปานกลาง (เสี่ยงกลาง 3+ ด้าน)
2200,เชียงใหม่,ฮอด,ฮอด,ดงดำ,เสี่ยงน้อย,เสี่ยงน้อย,เสี่ยงปานกลาง,เสี่ยงน้อย,เสี่ยงปานกลาง,1,1,2,1,2,7,0,2,3,🟢 เสี่ยงต่ำ/ทั่วไป
